id,name_ja,name_en,type_primary,type_secondary,color,shape,genus_ja,rarity,type_1,type_2,motif_1,motif_2,motif_3,motif_4,texture_1,texture_2,texture_3,texture_4,texture_5,expression_1,expression_2,decoration_1,decoration_2,decoration_3,atmosphere_1,atmosphere_2,atmosphere_3
1,フシギダネ,bulbasaur,くさ,どく,green,quadruped,たねポケモン,通常,くさ,どく,しょくぶつ,どく,,,ねばねば・ぷにぷに,はっぱ・しょくぶつ質,,,,おだやか・やさしい,とぼけた・ユニーク,よつあしのすがた,はっぱ・はな,とげ・ぶくぶく,おっとり,,
2,フシギソウ,ivysaur,くさ,どく,green,quadruped,たねポケモン,通常,くさ,どく,しょくぶつ,どく,,,ねばねば・ぷにぷに,はっぱ・しょくぶつ質,,,,おだやか・やさしい,とぼけた・ユニーク,よつあしのすがた,はっぱ・はな,とげ・ぶくぶく,おっとり,,
3,フシギバナ,venusaur,くさ,どく,green,quadruped,たねポケモン,通常,くさ,どく,しょくぶつ,どく,,,ねばねば・ぷにぷに,はっぱ・しょくぶつ質,,,,おだやか・やさしい,とぼけた・ユニーク,よつあしのすがた,はっぱ・はな,とげ・ぶくぶく,おっとり,,
4,ヒトカゲ,charmander,ほのお,,red,upright,とかげポケモン,通常,ほのお,,ほのお・マグマ,,,,ほのお・ねっき,,,,,りりしい・するどい,,ちょくりつのすがた,ほのおのかざり,,かっこいい,ゆうかん,
5,リザード,charmeleon,ほのお,,red,upright,かえんポケモン,通常,ほのお,,ほのお・マグマ,,,,ほのお・ねっき,,,,,りりしい・するどい,,ちょくりつのすがた,ほのおのかざり,,かっこいい,ゆうかん,
6,リザードン,charizard,ほのお,ひこう,red,upright,かえんポケモン,通常,ほのお,ひこう,ほのお・マグマ,,,,ほのお・ねっき,,,,,りりしい・するどい,,ちょくりつのすがた,つばさ・はね,ほのおのかざり,かっこいい,ゆうかん,
7,ゼニガメ,squirtle,みず,,blue,upright,かめのこポケモン,通常,みず,,みず・うみ,,,,つるつる・なめらか,みずみずしい・うるおい,,,,ものしずか・クール,,ちょくりつのすがた,みずのしぶき,,ナチュラル,,
8,カメール,wartortle,みず,,blue,upright,かめポケモン,通常,みず,,みず・うみ,,,,つるつる・なめらか,みずみずしい・うるおい,,,,ものしずか・クール,,ちょくりつのすがた,みずのしぶき,,ナチュラル,,
9,カメックス,blastoise,みず,,blue,upright,こうらポケモン,通常,みず,,みず・うみ,,,,つるつる・なめらか,みずみずしい・うるおい,,,,ものしずか・クール,,ちょくりつのすがた,みずのしぶき,,ナチュラル,,
10,キャタピー,caterpie,むし,,green,armor,いもむしポケモン,通常,むし,,むし,,,,ごつごつ・かたい,こうかく・つや甲羅,,,,ふつう・ナチュラル,,よろい・こうら,,,おっとり,,
11,トランセル,metapod,むし,,green,squiggle,さなぎポケモン,通常,むし,,むし,スライム・ぶよぶよ,,,こうかく・つや甲羅,ねばねば・ぷにぷに,,,,とぼけた・ユニーク,,ほそながい,,,おっとり,,
12,バタフリー,butterfree,むし,ひこう,white,bug-wings,ちょうちょポケモン,通常,むし,ひこう,むし,,,,こうかく・つや甲羅,,,,,ふつう・ナチュラル,,むしのはね,つばさ・はね,,ナチュラル,,
13,ビードル,weedle,むし,どく,brown,armor,けむしポケモン,通常,むし,どく,むし,どく,,,ごつごつ・かたい,こうかく・つや甲羅,ねばねば・ぷにぷに,,,とぼけた・ユニーク,,よろい・こうら,とげ・ぶくぶく,,ナチュラル,,
14,コクーン,kakuna,むし,どく,yellow,squiggle,さなぎポケモン,通常,むし,どく,むし,どく,スライム・ぶよぶよ,,こうかく・つや甲羅,ねばねば・ぷにぷに,,,,にこにこ・あどけない,とぼけた・ユニーク,ほそながい,とげ・ぶくぶく,,かわいい,,
15,スピアー,beedrill,むし,どく,yellow,bug-wings,どくばちポケモン,通常,むし,どく,むし,どく,,,こうかく・つや甲羅,ねばねば・ぷにぷに,,,,にこにこ・あどけない,とぼけた・ユニーク,むしのはね,とげ・ぶくぶく,,かわいい,,
16,ポッポ,pidgey,ノーマル,ひこう,brown,wings,ことりポケモン,通常,ノーマル,ひこう,とり・つばさ,,,,標準・なめらか,,,,,ふつう・ナチュラル,,つばさ・はね,,,ナチュラル,,
17,ピジョン,pidgeotto,ノーマル,ひこう,brown,wings,とりポケモン,通常,ノーマル,ひこう,とり・つばさ,,,,標準・なめらか,,,,,ふつう・ナチュラル,,つばさ・はね,,,ナチュラル,,
18,ピジョット,pidgeot,ノーマル,ひこう,brown,wings,とりポケモン,通常,ノーマル,ひこう,とり・つばさ,,,,標準・なめらか,,,,,ふつう・ナチュラル,,つばさ・はね,,,ナチュラル,,
19,コラッタ,rattata,ノーマル,,purple,quadruped,ねずみポケモン,通常,ノーマル,,けもの・じゅう,,,,もこもこ・ふわふわ,,,,,おだやか・やさしい,ものしずか・クール,よつあしのすがた,,,ミステリアス,おっとり,
20,ラッタ,raticate,ノーマル,,brown,quadruped,ねずみポケモン,通常,ノーマル,,けもの・じゅう,,,,もこもこ・ふわふわ,,,,,おだやか・やさしい,,よつあしのすがた,,,おっとり,,
21,オニスズメ,spearow,ノーマル,ひこう,brown,wings,ことりポケモン,通常,ノーマル,ひこう,とり・つばさ,,,,標準・なめらか,,,,,ふつう・ナチュラル,,つばさ・はね,,,ナチュラル,,
22,オニドリル,fearow,ノーマル,ひこう,brown,wings,くちばしポケモン,通常,ノーマル,ひこう,とり・つばさ,,,,標準・なめらか,,,,,ふつう・ナチュラル,,つばさ・はね,,,ナチュラル,,
23,アーボ,ekans,どく,,purple,squiggle,へびポケモン,通常,どく,,は虫類・ドラゴン,どく,スライム・ぶよぶよ,,うろこ,ねばねば・ぷにぷに,,,,ものしずか・クール,とぼけた・ユニーク,ほそながい,とげ・ぶくぶく,,ミステリアス,,
24,アーボック,arbok,どく,,purple,squiggle,コブラポケモン,通常,どく,,どく,スライム・ぶよぶよ,,,ねばねば・ぷにぷに,,,,,ものしずか・クール,とぼけた・ユニーク,ほそながい,とげ・ぶくぶく,,ミステリアス,,
25,ピカチュウ,pikachu,でんき,,yellow,quadruped,ねずみポケモン,通常,でんき,,でんき,けもの・じゅう,,,もこもこ・ふわふわ,おび電・スパーク,,,,にこにこ・あどけない,,よつあしのすがた,でんきの模様・ギザギザ,,かわいい,,
26,ライチュウ,raichu,でんき,,yellow,upright,ねずみポケモン,通常,でんき,,でんき,けもの・じゅう,,,もこもこ・ふわふわ,おび電・スパーク,,,,にこにこ・あどけない,,ちょくりつのすがた,でんきの模様・ギザギザ,,かわいい,,
27,サンド,sandshrew,じめん,,yellow,upright,ねずみポケモン,通常,じめん,,いわ・つち・こうぶつ,けもの・じゅう,,,もこもこ・ふわふわ,ごつごつ・かたい,,,,にこにこ・あどけない,,ちょくりつのすがた,とげ・こうぶつ結晶,,かわいい,,
28,サンドパン,sandslash,じめん,,yellow,upright,ねずみポケモン,通常,じめん,,いわ・つち・こうぶつ,けもの・じゅう,,,もこもこ・ふわふわ,ごつごつ・かたい,,,,にこにこ・あどけない,,ちょくりつのすがた,とげ・こうぶつ結晶,,かわいい,,
29,ニドラン♀,nidoran-f,どく,,blue,quadruped,どくばりポケモン,通常,どく,,どく,,,,ねばねば・ぷにぷに,,,,,ものしずか・クール,とぼけた・ユニーク,よつあしのすがた,とげ・ぶくぶく,,ナチュラル,,
30,ニドリーナ,nidorina,どく,,blue,quadruped,どくばりポケモン,通常,どく,,どく,,,,ねばねば・ぷにぷに,,,,,ものしずか・クール,とぼけた・ユニーク,よつあしのすがた,とげ・ぶくぶく,,ナチュラル,,
31,ニドクイン,nidoqueen,どく,じめん,blue,upright,ドリルポケモン,通常,どく,じめん,いわ・つち・こうぶつ,どく,,,ごつごつ・かたい,ねばねば・ぷにぷに,,,,ものしずか・クール,とぼけた・ユニーク,ちょくりつのすがた,とげ・こうぶつ結晶,とげ・ぶくぶく,ナチュラル,,
32,ニドラン♂,nidoran-m,どく,,purple,quadruped,どくばりポケモン,通常,どく,,どく,,,,ねばねば・ぷにぷに,,,,,ものしずか・クール,とぼけた・ユニーク,よつあしのすがた,とげ・ぶくぶく,,ミステリアス,,
33,ニドリーノ,nidorino,どく,,purple,quadruped,どくばりポケモン,通常,どく,,どく,,,,ねばねば・ぷにぷに,,,,,ものしずか・クール,とぼけた・ユニーク,よつあしのすがた,とげ・ぶくぶく,,ミステリアス,,
34,ニドキング,nidoking,どく,じめん,purple,upright,ドリルポケモン,通常,どく,じめん,いわ・つち・こうぶつ,どく,,,ごつごつ・かたい,ねばねば・ぷにぷに,,,,ものしずか・クール,とぼけた・ユニーク,ちょくりつのすがた,とげ・こうぶつ結晶,とげ・ぶくぶく,ミステリアス,,
35,ピッピ,clefairy,フェアリー,,pink,upright,ようせいポケモン,通常,フェアリー,,フェアリー・せいれい,,,,標準・なめらか,,,,,にこにこ・あどけない,,ちょくりつのすがた,ほうせき・かがやき,,かわいい,,
36,ピクシー,clefable,フェアリー,,pink,upright,ようせいポケモン,通常,フェアリー,,フェアリー・せいれい,,,,標準・なめらか,,,,,にこにこ・あどけない,,ちょくりつのすがた,ほうせき・かがやき,,かわいい,,
37,ロコン,vulpix,ほのお,,brown,quadruped,きつねポケモン,通常,ほのお,,ほのお・マグマ,けもの・じゅう,,,ほのお・ねっき,,,,,ふつう・ナチュラル,,よつあしのすがた,ほのおのかざり,,ナチュラル,,
38,キュウコン,ninetales,ほのお,,yellow,quadruped,きつねポケモン,通常,ほのお,,ほのお・マグマ,けもの・じゅう,,,ほのお・ねっき,,,,,にこにこ・あどけない,,よつあしのすがた,ほのおのかざり,,かわいい,,
39,プリン,jigglypuff,ノーマル,フェアリー,pink,humanoid,ふうせんポケモン,通常,ノーマル,フェアリー,ひとがた,フェアリー・せいれい,,,標準・なめらか,,,,,にこにこ・あどけない,,てあし・とくちょうてきなかお,ほうせき・かがやき,,かわいい,,
40,プクリン,wigglytuff,ノーマル,フェアリー,pink,humanoid,ふうせんポケモン,通常,ノーマル,フェアリー,ひとがた,フェアリー・せいれい,,,標準・なめらか,,,,,にこにこ・あどけない,,てあし・とくちょうてきなかお,ほうせき・かがやき,,かわいい,,
41,ズバット,zubat,どく,ひこう,purple,wings,こうもりポケモン,通常,どく,ひこう,とり・つばさ,どく,,,ねばねば・ぷにぷに,,,,,ものしずか・クール,とぼけた・ユニーク,つばさ・はね,とげ・ぶくぶく,,ミステリアス,,
42,ゴルバット,golbat,どく,ひこう,purple,wings,こうもりポケモン,通常,どく,ひこう,とり・つばさ,どく,,,ねばねば・ぷにぷに,,,,,ものしずか・クール,とぼけた・ユニーク,つばさ・はね,とげ・ぶくぶく,,ミステリアス,,
43,ナゾノクサ,oddish,くさ,どく,blue,legs,ざっそうポケモン,通常,くさ,どく,しょくぶつ,どく,,,ねばねば・ぷにぷに,はっぱ・しょくぶつ質,,,,おだやか・やさしい,ものしずか・クール,あし・つめ,はっぱ・はな,とげ・ぶくぶく,おっとり,,
44,クサイハナ,gloom,くさ,どく,blue,humanoid,ざっそうポケモン,通常,くさ,どく,しょくぶつ,ひとがた,どく,,ねばねば・ぷにぷに,はっぱ・しょくぶつ質,,,,ものしずか・クール,とぼけた・ユニーク,てあし・とくちょうてきなかお,はっぱ・はな,とげ・ぶくぶく,ナチュラル,,
45,ラフレシア,vileplume,くさ,どく,red,humanoid,フラワーポケモン,通常,くさ,どく,しょくぶつ,ひとがた,どく,,ねばねば・ぷにぷに,はっぱ・しょくぶつ質,,,,りりしい・するどい,とぼけた・ユニーク,てあし・とくちょうてきなかお,はっぱ・はな,とげ・ぶくぶく,かっこいい,,
46,パラス,paras,むし,くさ,red,armor,きのこポケモン,通常,むし,くさ,しょくぶつ,むし,,,ごつごつ・かたい,こうかく・つや甲羅,はっぱ・しょくぶつ質,,,りりしい・するどい,,よろい・こうら,はっぱ・はな,,ナチュラル,,
47,パラセクト,parasect,むし,くさ,red,armor,きのこポケモン,通常,むし,くさ,しょくぶつ,むし,,,ごつごつ・かたい,こうかく・つや甲羅,はっぱ・しょくぶつ質,,,りりしい・するどい,,よろい・こうら,はっぱ・はな,,ナチュラル,,
48,コンパン,venonat,むし,どく,purple,humanoid,こんちゅうポケモン,通常,むし,どく,むし,ひとがた,どく,,こうかく・つや甲羅,ねばねば・ぷにぷに,,,,ものしずか・クール,とぼけた・ユニーク,てあし・とくちょうてきなかお,とげ・ぶくぶく,,ミステリアス,,
49,モルフォン,venomoth,むし,どく,purple,bug-wings,どくがポケモン,通常,むし,どく,むし,どく,,,こうかく・つや甲羅,ねばねば・ぷにぷに,,,,ものしずか・クール,とぼけた・ユニーク,むしのはね,とげ・ぶくぶく,,ミステリアス,,
50,ディグダ,diglett,じめん,,brown,blob,もぐらポケモン,通常,じめん,,いわ・つち・こうぶつ,スライム・ぶよぶよ,,,ごつごつ・かたい,ねばねば・ぷにぷに,,,,とぼけた・ユニーク,,シンプル・そぼく,とげ・こうぶつ結晶,,ナチュラル,,
51,ダグトリオ,dugtrio,じめん,,brown,heads,もぐらポケモン,通常,じめん,,いわ・つち・こうぶつ,,,,ごつごつ・かたい,,,,,ふつう・ナチュラル,,ふくすうのあたま,とげ・こうぶつ結晶,,ナチュラル,,
52,ニャース,meowth,ノーマル,,yellow,quadruped,ばけねこポケモン,通常,ノーマル,,けもの・じゅう,,,,もこもこ・ふわふわ,,,,,にこにこ・あどけない,おだやか・やさしい,よつあしのすがた,,,かわいい,おっとり,
53,ペルシアン,persian,ノーマル,,yellow,quadruped,シャムネコポケモン,通常,ノーマル,,けもの・じゅう,,,,もこもこ・ふわふわ,,,,,にこにこ・あどけない,おだやか・やさしい,よつあしのすがた,,,かわいい,おっとり,
54,コダック,psyduck,みず,,yellow,upright,あひるポケモン,通常,みず,,みず・うみ,,,,つるつる・なめらか,みずみずしい・うるおい,,,,にこにこ・あどけない,,ちょくりつのすがた,みずのしぶき,,かわいい,,
55,ゴルダック,golduck,みず,,blue,upright,あひるポケモン,通常,みず,,みず・うみ,,,,つるつる・なめらか,みずみずしい・うるおい,,,,ものしずか・クール,,ちょくりつのすがた,みずのしぶき,,ナチュラル,,
56,マンキー,mankey,かくとう,,brown,upright,ぶたざるポケモン,通常,かくとう,,ひとがた,,,,標準・なめらか,,,,,りりしい・するどい,,ちょくりつのすがた,,,ゆうかん,,
57,オコリザル,primeape,かくとう,,brown,upright,ぶたざるポケモン,通常,かくとう,,ひとがた,,,,標準・なめらか,,,,,りりしい・するどい,,ちょくりつのすがた,,,ゆうかん,,
58,ガーディ,growlithe,ほのお,,brown,quadruped,こいぬポケモン,通常,ほのお,,ほのお・マグマ,けもの・じゅう,,,ほのお・ねっき,,,,,ふつう・ナチュラル,,よつあしのすがた,ほのおのかざり,,ナチュラル,,
59,ウインディ,arcanine,ほのお,,brown,quadruped,でんせつポケモン,通常,ほのお,,ほのお・マグマ,,,,ほのお・ねっき,,,,,ふつう・ナチュラル,,よつあしのすがた,ほのおのかざり,,ナチュラル,,
60,ニョロモ,poliwag,みず,,blue,legs,おたまポケモン,通常,みず,,みず・うみ,,,,つるつる・なめらか,みずみずしい・うるおい,,,,おだやか・やさしい,ものしずか・クール,あし・つめ,みずのしぶき,,おっとり,,
61,ニョロゾ,poliwhirl,みず,,blue,humanoid,おたまポケモン,通常,みず,,みず・うみ,ひとがた,,,つるつる・なめらか,みずみずしい・うるおい,,,,ものしずか・クール,,てあし・とくちょうてきなかお,みずのしぶき,,ナチュラル,,
62,ニョロボン,poliwrath,みず,かくとう,blue,humanoid,おたまポケモン,通常,みず,かくとう,みず・うみ,ひとがた,,,つるつる・なめらか,みずみずしい・うるおい,,,,りりしい・するどい,ものしずか・クール,てあし・とくちょうてきなかお,みずのしぶき,,ゆうかん,,
63,ケーシィ,abra,エスパー,,brown,upright,ねんりきポケモン,通常,エスパー,,エスパー・ふしぎ,,,,標準・なめらか,,,,,ものしずか・クール,,ちょくりつのすがた,ほうせき・かがやき,,ミステリアス,,
64,ユンゲラー,kadabra,エスパー,,brown,upright,ねんりきポケモン,通常,エスパー,,エスパー・ふしぎ,,,,標準・なめらか,,,,,ものしずか・クール,,ちょくりつのすがた,ほうせき・かがやき,,ミステリアス,,
65,フーディン,alakazam,エスパー,,brown,humanoid,ねんりきポケモン,通常,エスパー,,ひとがた,エスパー・ふしぎ,,,標準・なめらか,,,,,ものしずか・クール,,てあし・とくちょうてきなかお,ほうせき・かがやき,,ミステリアス,,
66,ワンリキー,machop,かくとう,,gray,upright,かいりきポケモン,通常,かくとう,,みず・うみ,ひとがた,,,標準・なめらか,,,,,りりしい・するどい,,ちょくりつのすがた,,,ゆうかん,,
67,ゴーリキー,machoke,かくとう,,gray,humanoid,かいりきポケモン,通常,かくとう,,みず・うみ,ひとがた,,,標準・なめらか,,,,,りりしい・するどい,,てあし・とくちょうてきなかお,,,ゆうかん,,
68,カイリキー,machamp,かくとう,,gray,humanoid,かいりきポケモン,通常,かくとう,,みず・うみ,ひとがた,,,標準・なめらか,,,,,りりしい・するどい,,てあし・とくちょうてきなかお,,,ゆうかん,,
69,マダツボミ,bellsprout,くさ,どく,green,humanoid,フラワーポケモン,通常,くさ,どく,しょくぶつ,ひとがた,どく,,ねばねば・ぷにぷに,はっぱ・しょくぶつ質,,,,とぼけた・ユニーク,,てあし・とくちょうてきなかお,はっぱ・はな,とげ・ぶくぶく,おっとり,,
70,ウツドン,weepinbell,くさ,どく,green,blob,ハエとりポケモン,通常,くさ,どく,しょくぶつ,とり・つばさ,どく,スライム・ぶよぶよ,ねばねば・ぷにぷに,はっぱ・しょくぶつ質,,,,とぼけた・ユニーク,,シンプル・そぼく,はっぱ・はな,とげ・ぶくぶく,おっとり,,
71,ウツボット,victreebel,くさ,どく,green,blob,ハエとりポケモン,通常,くさ,どく,しょくぶつ,とり・つばさ,どく,スライム・ぶよぶよ,ねばねば・ぷにぷに,はっぱ・しょくぶつ質,,,,とぼけた・ユニーク,,シンプル・そぼく,はっぱ・はな,とげ・ぶくぶく,おっとり,,
72,メノクラゲ,tentacool,みず,どく,blue,tentacles,くらげポケモン,通常,みず,どく,みず・うみ,どく,スライム・ぶよぶよ,,つるつる・なめらか,ねばねば・ぷにぷに,みずみずしい・うるおい,,,ものしずか・クール,とぼけた・ユニーク,しょくしゅ・ひげ,みずのしぶき,とげ・ぶくぶく,ナチュラル,,
73,ドククラゲ,tentacruel,みず,どく,blue,tentacles,くらげポケモン,通常,みず,どく,みず・うみ,どく,スライム・ぶよぶよ,,つるつる・なめらか,ねばねば・ぷにぷに,みずみずしい・うるおい,,,ものしずか・クール,とぼけた・ユニーク,しょくしゅ・ひげ,みずのしぶき,とげ・ぶくぶく,ナチュラル,,
74,イシツブテ,geodude,いわ,じめん,brown,arms,がんせきポケモン,通常,いわ,じめん,いわ・つち・こうぶつ,,,,ごつごつ・かたい,,,,,ふつう・ナチュラル,,たくましいうで,とげ・こうぶつ結晶,,ナチュラル,,
75,ゴローン,graveler,いわ,じめん,brown,humanoid,がんせきポケモン,通常,いわ,じめん,いわ・つち・こうぶつ,ひとがた,,,ごつごつ・かたい,,,,,ふつう・ナチュラル,,てあし・とくちょうてきなかお,とげ・こうぶつ結晶,,ナチュラル,,
76,ゴローニャ,golem,いわ,じめん,brown,humanoid,メガトンポケモン,通常,いわ,じめん,いわ・つち・こうぶつ,ひとがた,,,ごつごつ・かたい,,,,,ふつう・ナチュラル,,てあし・とくちょうてきなかお,とげ・こうぶつ結晶,,ナチュラル,,
77,ポニータ,ponyta,ほのお,,yellow,quadruped,ひのうまポケモン,通常,ほのお,,ほのお・マグマ,けもの・じゅう,,,ほのお・ねっき,,,,,にこにこ・あどけない,,よつあしのすがた,ほのおのかざり,,かわいい,,
78,ギャロップ,rapidash,ほのお,,yellow,quadruped,ひのうまポケモン,通常,ほのお,,ほのお・マグマ,けもの・じゅう,,,ほのお・ねっき,,,,,にこにこ・あどけない,,よつあしのすがた,ほのおのかざり,,かわいい,,
79,ヤドン,slowpoke,みず,エスパー,pink,quadruped,まぬけポケモン,通常,みず,エスパー,みず・うみ,エスパー・ふしぎ,,,つるつる・なめらか,みずみずしい・うるおい,,,,にこにこ・あどけない,おだやか・やさしい,よつあしのすがた,みずのしぶき,ほうせき・かがやき,かわいい,ミステリアス,おっとり
80,ヤドラン,slowbro,みず,エスパー,pink,upright,やどかりポケモン,通常,みず,エスパー,みず・うみ,エスパー・ふしぎ,,,つるつる・なめらか,みずみずしい・うるおい,,,,にこにこ・あどけない,ものしずか・クール,ちょくりつのすがた,みずのしぶき,ほうせき・かがやき,かわいい,ミステリアス,
81,コイル,magnemite,でんき,はがね,gray,arms,じしゃくポケモン,通常,でんき,はがね,でんき,きんぞく・メカ,,,きんぞく・メタリック,おび電・スパーク,,,,ふつう・ナチュラル,,たくましいうで,でんきの模様・ギザギザ,とげ・こうぶつ結晶,かっこいい,,
82,レアコイル,magneton,でんき,はがね,gray,heads,じしゃくポケモン,通常,でんき,はがね,でんき,きんぞく・メカ,,,きんぞく・メタリック,おび電・スパーク,,,,ふつう・ナチュラル,,ふくすうのあたま,でんきの模様・ギザギザ,とげ・こうぶつ結晶,かっこいい,,
83,カモネギ,farfetchd,ノーマル,ひこう,brown,wings,かるがもポケモン,通常,ノーマル,ひこう,とり・つばさ,,,,標準・なめらか,,,,,ふつう・ナチュラル,,つばさ・はね,,,ナチュラル,,
84,ドードー,doduo,ノーマル,ひこう,brown,legs,ふたごどりポケモン,通常,ノーマル,ひこう,その他・不定形,,,,もこもこ・ふわふわ,,,,,おだやか・やさしい,,あし・つめ,つばさ・はね,,おっとり,,
85,ドードリオ,dodrio,ノーマル,ひこう,brown,legs,みつごどりポケモン,通常,ノーマル,ひこう,その他・不定形,,,,もこもこ・ふわふわ,,,,,おだやか・やさしい,,あし・つめ,つばさ・はね,,おっとり,,
86,パウワウ,seel,みず,,white,fish,あしかポケモン,通常,みず,,みず・うみ,,,,つるつる・なめらか,みずみずしい・うるおい,,,,ふつう・ナチュラル,,ひれ,みずのしぶき,,ナチュラル,,
87,ジュゴン,dewgong,みず,こおり,white,fish,あしかポケモン,通常,みず,こおり,みず・うみ,こおり・ゆき,,,つるつる・なめらか,みずみずしい・うるおい,こおり・つめたい,,,ものしずか・クール,,ひれ,みずのしぶき,こおりのけっしょう,ナチュラル,,
88,ベトベター,grimer,どく,,purple,arms,ヘドロポケモン,通常,どく,,どく,,,,ねばねば・ぷにぷに,,,,,ものしずか・クール,とぼけた・ユニーク,たくましいうで,とげ・ぶくぶく,,ミステリアス,,
89,ベトベトン,muk,どく,,purple,arms,ヘドロポケモン,通常,どく,,どく,,,,ねばねば・ぷにぷに,,,,,ものしずか・クール,とぼけた・ユニーク,たくましいうで,とげ・ぶくぶく,,ミステリアス,,
90,シェルダー,shellder,みず,,purple,ball,２まいがいポケモン,通常,みず,,みず・うみ,,,,つるつる・なめらか,みずみずしい・うるおい,,,,にこにこ・あどけない,ものしずか・クール,まるいフォルム,みずのしぶき,,かわいい,ミステリアス,
91,パルシェン,cloyster,みず,こおり,purple,ball,２まいがいポケモン,通常,みず,こおり,みず・うみ,こおり・ゆき,,,つるつる・なめらか,みずみずしい・うるおい,こおり・つめたい,,,にこにこ・あどけない,ものしずか・クール,まるいフォルム,みずのしぶき,こおりのけっしょう,かわいい,ミステリアス,
92,ゴース,gastly,ゴースト,どく,purple,ball,ガスじょうポケモン,通常,ゴースト,どく,どく,ゴースト・れいたい,,,ねばねば・ぷにぷに,もや・はんとうめい,,,,にこにこ・あどけない,ものしずか・クール,まるいフォルム,もや・かげ,とげ・ぶくぶく,かわいい,ミステリアス,
93,ゴースト,haunter,ゴースト,どく,purple,arms,ガスじょうポケモン,通常,ゴースト,どく,どく,ゴースト・れいたい,,,ねばねば・ぷにぷに,もや・はんとうめい,,,,ものしずか・クール,とぼけた・ユニーク,たくましいうで,もや・かげ,とげ・ぶくぶく,ミステリアス,,
94,ゲンガー,gengar,ゴースト,どく,purple,upright,シャドーポケモン,通常,ゴースト,どく,どく,ゴースト・れいたい,,,ねばねば・ぷにぷに,もや・はんとうめい,,,,ものしずか・クール,とぼけた・ユニーク,ちょくりつのすがた,もや・かげ,とげ・ぶくぶく,ミステリアス,,
95,イワーク,onix,いわ,じめん,gray,squiggle,いわへびポケモン,通常,いわ,じめん,いわ・つち・こうぶつ,は虫類・ドラゴン,スライム・ぶよぶよ,,ごつごつ・かたい,うろこ,ねばねば・ぷにぷに,,,とぼけた・ユニーク,,ほそながい,とげ・こうぶつ結晶,,ナチュラル,,
96,スリープ,drowzee,エスパー,,yellow,humanoid,さいみんポケモン,通常,エスパー,,ひとがた,エスパー・ふしぎ,,,標準・なめらか,,,,,にこにこ・あどけない,ものしずか・クール,てあし・とくちょうてきなかお,ほうせき・かがやき,,かわいい,ミステリアス,
97,スリーパー,hypno,エスパー,,yellow,humanoid,さいみんポケモン,通常,エスパー,,ひとがた,エスパー・ふしぎ,,,標準・なめらか,,,,,にこにこ・あどけない,ものしずか・クール,てあし・とくちょうてきなかお,ほうせき・かがやき,,かわいい,ミステリアス,
98,クラブ,krabby,みず,,red,armor,さわがにポケモン,通常,みず,,みず・うみ,,,,つるつる・なめらか,ごつごつ・かたい,こうかく・つや甲羅,みずみずしい・うるおい,,りりしい・するどい,,よろい・こうら,みずのしぶき,,ナチュラル,,
99,キングラー,kingler,みず,,red,armor,はさみポケモン,通常,みず,,みず・うみ,,,,つるつる・なめらか,ごつごつ・かたい,こうかく・つや甲羅,みずみずしい・うるおい,,りりしい・するどい,,よろい・こうら,みずのしぶき,,ナチュラル,,
100,ビリリダマ,voltorb,でんき,,red,ball,ボールポケモン,通常,でんき,,でんき,,,,おび電・スパーク,,,,,りりしい・するどい,にこにこ・あどけない,まるいフォルム,でんきの模様・ギザギザ,,かわいい,,
101,マルマイン,electrode,でんき,,red,ball,ボールポケモン,通常,でんき,,でんき,,,,おび電・スパーク,,,,,りりしい・するどい,にこにこ・あどけない,まるいフォルム,でんきの模様・ギザギザ,,かわいい,,
102,タマタマ,exeggcute,くさ,エスパー,pink,heads,たまごポケモン,通常,くさ,エスパー,しょくぶつ,エスパー・ふしぎ,,,はっぱ・しょくぶつ質,,,,,にこにこ・あどけない,ものしずか・クール,ふくすうのあたま,はっぱ・はな,ほうせき・かがやき,かわいい,ミステリアス,
103,ナッシー,exeggutor,くさ,エスパー,yellow,legs,やしのみポケモン,通常,くさ,エスパー,しょくぶつ,エスパー・ふしぎ,,,はっぱ・しょくぶつ質,,,,,にこにこ・あどけない,おだやか・やさしい,あし・つめ,はっぱ・はな,ほうせき・かがやき,かわいい,ミステリアス,おっとり
104,カラカラ,cubone,じめん,,brown,upright,こどくポケモン,通常,じめん,,いわ・つち・こうぶつ,,,,ごつごつ・かたい,,,,,ふつう・ナチュラル,,ちょくりつのすがた,とげ・こうぶつ結晶,,ナチュラル,,
105,ガラガラ,marowak,じめん,,brown,upright,ほねずきポケモン,通常,じめん,,いわ・つち・こうぶつ,,,,ごつごつ・かたい,,,,,ふつう・ナチュラル,,ちょくりつのすがた,とげ・こうぶつ結晶,,ナチュラル,,
106,サワムラー,hitmonlee,かくとう,,brown,humanoid,キックポケモン,通常,かくとう,,ひとがた,,,,標準・なめらか,,,,,りりしい・するどい,,てあし・とくちょうてきなかお,,,ゆうかん,,
107,エビワラー,hitmonchan,かくとう,,brown,humanoid,パンチポケモン,通常,かくとう,,ひとがた,,,,標準・なめらか,,,,,りりしい・するどい,,てあし・とくちょうてきなかお,,,ゆうかん,,
108,ベロリンガ,lickitung,ノーマル,,pink,upright,なめまわしポケモン,通常,ノーマル,,その他・不定形,,,,標準・なめらか,,,,,にこにこ・あどけない,,ちょくりつのすがた,,,かわいい,,
109,ドガース,koffing,どく,,purple,ball,どくガスポケモン,通常,どく,,どく,,,,ねばねば・ぷにぷに,,,,,にこにこ・あどけない,ものしずか・クール,まるいフォルム,とげ・ぶくぶく,,かわいい,ミステリアス,
110,マタドガス,weezing,どく,,purple,heads,どくガスポケモン,通常,どく,,どく,,,,ねばねば・ぷにぷに,,,,,ものしずか・クール,とぼけた・ユニーク,ふくすうのあたま,とげ・ぶくぶく,,ミステリアス,,
111,サイホーン,rhyhorn,じめん,いわ,gray,quadruped,とげとげポケモン,通常,じめん,いわ,いわ・つち・こうぶつ,けもの・じゅう,,,ごつごつ・かたい,,,,,ふつう・ナチュラル,,よつあしのすがた,とげ・こうぶつ結晶,,ナチュラル,,
112,サイドン,rhydon,じめん,いわ,gray,upright,ドリルポケモン,通常,じめん,いわ,いわ・つち・こうぶつ,,,,ごつごつ・かたい,,,,,ふつう・ナチュラル,,ちょくりつのすがた,とげ・こうぶつ結晶,,ナチュラル,,
113,ラッキー,chansey,ノーマル,,pink,upright,たまごポケモン,通常,ノーマル,,その他・不定形,,,,標準・なめらか,,,,,にこにこ・あどけない,,ちょくりつのすがた,,,かわいい,,
114,モンジャラ,tangela,くさ,,blue,legs,ツルじょうポケモン,通常,くさ,,しょくぶつ,,,,はっぱ・しょくぶつ質,,,,,おだやか・やさしい,ものしずか・クール,あし・つめ,はっぱ・はな,,おっとり,,
115,ガルーラ,kangaskhan,ノーマル,,brown,upright,おやこポケモン,通常,ノーマル,,その他・不定形,,,,標準・なめらか,,,,,ふつう・ナチュラル,,ちょくりつのすがた,,,ナチュラル,,
116,タッツー,horsea,みず,,blue,blob,ドラゴンポケモン,通常,みず,,みず・うみ,は虫類・ドラゴン,スライム・ぶよぶよ,,つるつる・なめらか,ねばねば・ぷにぷに,みずみずしい・うるおい,,,ものしずか・クール,とぼけた・ユニーク,シンプル・そぼく,みずのしぶき,,ナチュラル,,
117,シードラ,seadra,みず,,blue,blob,ドラゴンポケモン,通常,みず,,みず・うみ,は虫類・ドラゴン,スライム・ぶよぶよ,,つるつる・なめらか,ねばねば・ぷにぷに,みずみずしい・うるおい,,,ものしずか・クール,とぼけた・ユニーク,シンプル・そぼく,みずのしぶき,,ナチュラル,,
118,トサキント,goldeen,みず,,red,fish,きんぎょポケモン,通常,みず,,みず・うみ,,,,つるつる・なめらか,みずみずしい・うるおい,,,,りりしい・するどい,,ひれ,みずのしぶき,,ナチュラル,,
119,アズマオウ,seaking,みず,,red,fish,きんぎょポケモン,通常,みず,,みず・うみ,,,,つるつる・なめらか,みずみずしい・うるおい,,,,りりしい・するどい,,ひれ,みずのしぶき,,ナチュラル,,
120,ヒトデマン,staryu,みず,,brown,blob,ほしがたポケモン,通常,みず,,みず・うみ,スライム・ぶよぶよ,,,つるつる・なめらか,ねばねば・ぷにぷに,みずみずしい・うるおい,,,とぼけた・ユニーク,,シンプル・そぼく,みずのしぶき,,ナチュラル,,
121,スターミー,starmie,みず,エスパー,purple,blob,なぞのポケモン,通常,みず,エスパー,みず・うみ,エスパー・ふしぎ,スライム・ぶよぶよ,,つるつる・なめらか,ねばねば・ぷにぷに,みずみずしい・うるおい,,,ものしずか・クール,とぼけた・ユニーク,シンプル・そぼく,みずのしぶき,ほうせき・かがやき,ミステリアス,,
122,バリヤード,mr-mime,エスパー,フェアリー,pink,humanoid,バリアーポケモン,通常,エスパー,フェアリー,ひとがた,エスパー・ふしぎ,フェアリー・せいれい,,標準・なめらか,,,,,にこにこ・あどけない,ものしずか・クール,てあし・とくちょうてきなかお,ほうせき・かがやき,,かわいい,ミステリアス,
123,ストライク,scyther,むし,ひこう,green,bug-wings,かまきりポケモン,通常,むし,ひこう,むし,,,,こうかく・つや甲羅,,,,,ふつう・ナチュラル,,むしのはね,つばさ・はね,,おっとり,,
124,ルージュラ,jynx,こおり,エスパー,red,humanoid,ひとがたポケモン,通常,こおり,エスパー,こおり・ゆき,ひとがた,エスパー・ふしぎ,,つるつる・なめらか,こおり・つめたい,,,,りりしい・するどい,ものしずか・クール,てあし・とくちょうてきなかお,こおりのけっしょう,ほうせき・かがやき,かっこいい,ミステリアス,
125,エレブー,electabuzz,でんき,,yellow,upright,でんげきポケモン,通常,でんき,,でんき,,,,おび電・スパーク,,,,,にこにこ・あどけない,,ちょくりつのすがた,でんきの模様・ギザギザ,,かわいい,,
126,ブーバー,magmar,ほのお,,red,upright,ひふきポケモン,通常,ほのお,,ほのお・マグマ,,,,ほのお・ねっき,,,,,りりしい・するどい,,ちょくりつのすがた,ほのおのかざり,,かっこいい,ゆうかん,
127,カイロス,pinsir,むし,,brown,humanoid,くわがたポケモン,通常,むし,,むし,ひとがた,,,こうかく・つや甲羅,,,,,ふつう・ナチュラル,,てあし・とくちょうてきなかお,,,ナチュラル,,
128,ケンタロス,tauros,ノーマル,,brown,quadruped,あばれうしポケモン,通常,ノーマル,,けもの・じゅう,,,,もこもこ・ふわふわ,,,,,おだやか・やさしい,,よつあしのすがた,,,おっとり,,
129,コイキング,magikarp,みず,,red,fish,さかなポケモン,通常,みず,,みず・うみ,,,,つるつる・なめらか,みずみずしい・うるおい,,,,りりしい・するどい,,ひれ,みずのしぶき,,ナチュラル,,
130,ギャラドス,gyarados,みず,ひこう,blue,squiggle,きょうあくポケモン,通常,みず,ひこう,みず・うみ,スライム・ぶよぶよ,,,つるつる・なめらか,ねばねば・ぷにぷに,みずみずしい・うるおい,,,ものしずか・クール,とぼけた・ユニーク,ほそながい,つばさ・はね,みずのしぶき,ナチュラル,,
131,ラプラス,lapras,みず,こおり,blue,fish,のりものポケモン,通常,みず,こおり,みず・うみ,こおり・ゆき,,,つるつる・なめらか,みずみずしい・うるおい,こおり・つめたい,,,ものしずか・クール,,ひれ,みずのしぶき,こおりのけっしょう,ナチュラル,,
132,メタモン,ditto,ノーマル,,purple,ball,へんしんポケモン,通常,ノーマル,,その他・不定形,,,,もこもこ・ふわふわ,,,,,にこにこ・あどけない,ものしずか・クール,まるいフォルム,,,かわいい,ミステリアス,
133,イーブイ,eevee,ノーマル,,brown,quadruped,しんかポケモン,通常,ノーマル,,けもの・じゅう,,,,もこもこ・ふわふわ,,,,,おだやか・やさしい,,よつあしのすがた,,,おっとり,,
134,シャワーズ,vaporeon,みず,,blue,quadruped,あわはきポケモン,通常,みず,,みず・うみ,,,,つるつる・なめらか,みずみずしい・うるおい,,,,おだやか・やさしい,ものしずか・クール,よつあしのすがた,みずのしぶき,,おっとり,,
135,サンダース,jolteon,でんき,,yellow,quadruped,かみなりポケモン,通常,でんき,,でんき,,,,おび電・スパーク,,,,,にこにこ・あどけない,,よつあしのすがた,でんきの模様・ギザギザ,,かわいい,,
136,ブースター,flareon,ほのお,,red,quadruped,ほのおポケモン,通常,ほのお,,ほのお・マグマ,,,,ほのお・ねっき,,,,,りりしい・するどい,,よつあしのすがた,ほのおのかざり,,ナチュラル,,
137,ポリゴン,porygon,ノーマル,,pink,legs,バーチャルポケモン,通常,ノーマル,,その他・不定形,,,,もこもこ・ふわふわ,,,,,にこにこ・あどけない,おだやか・やさしい,あし・つめ,,,かわいい,おっとり,
138,オムナイト,omanyte,いわ,みず,blue,tentacles,うずまきポケモン,通常,いわ,みず,みず・うみ,いわ・つち・こうぶつ,スライム・ぶよぶよ,,つるつる・なめらか,ごつごつ・かたい,みずみずしい・うるおい,,,ものしずか・クール,とぼけた・ユニーク,しょくしゅ・ひげ,みずのしぶき,とげ・こうぶつ結晶,ナチュラル,,
139,オムスター,omastar,いわ,みず,blue,tentacles,うずまきポケモン,通常,いわ,みず,みず・うみ,いわ・つち・こうぶつ,スライム・ぶよぶよ,,つるつる・なめらか,ごつごつ・かたい,みずみずしい・うるおい,,,ものしずか・クール,とぼけた・ユニーク,しょくしゅ・ひげ,みずのしぶき,とげ・こうぶつ結晶,ナチュラル,,
140,カブト,kabuto,いわ,みず,brown,armor,こうらポケモン,通常,いわ,みず,みず・うみ,いわ・つち・こうぶつ,,,つるつる・なめらか,ごつごつ・かたい,こうかく・つや甲羅,みずみずしい・うるおい,,ふつう・ナチュラル,,よろい・こうら,みずのしぶき,とげ・こうぶつ結晶,ナチュラル,,
141,カブトプス,kabutops,いわ,みず,brown,upright,こうらポケモン,通常,いわ,みず,みず・うみ,いわ・つち・こうぶつ,,,つるつる・なめらか,ごつごつ・かたい,みずみずしい・うるおい,,,ふつう・ナチュラル,,ちょくりつのすがた,みずのしぶき,とげ・こうぶつ結晶,ナチュラル,,
142,プテラ,aerodactyl,いわ,ひこう,purple,wings,かせきポケモン,通常,いわ,ひこう,いわ・つち・こうぶつ,とり・つばさ,,,ごつごつ・かたい,,,,,ものしずか・クール,,つばさ・はね,とげ・こうぶつ結晶,,ミステリアス,,
143,カビゴン,snorlax,ノーマル,,black,humanoid,いねむりポケモン,通常,ノーマル,,ひとがた,,,,標準・なめらか,,,,,ふつう・ナチュラル,,てあし・とくちょうてきなかお,,,かっこいい,,
144,フリーザー,articuno,こおり,ひこう,blue,wings,れいとうポケモン,伝説,こおり,ひこう,こおり・ゆき,とり・つばさ,,,つるつる・なめらか,こおり・つめたい,,,,どうどう・威厳,ものしずか・クール,つばさ・はね,こおりのけっしょう,,そうごん・でんせつ,,
145,サンダー,zapdos,でんき,ひこう,yellow,wings,でんげきポケモン,伝説,でんき,ひこう,でんき,とり・つばさ,,,おび電・スパーク,,,,,どうどう・威厳,にこにこ・あどけない,つばさ・はね,でんきの模様・ギザギザ,,そうごん・でんせつ,かわいい,
146,ファイヤー,moltres,ほのお,ひこう,yellow,wings,かえんポケモン,伝説,ほのお,ひこう,ほのお・マグマ,とり・つばさ,,,ほのお・ねっき,,,,,どうどう・威厳,にこにこ・あどけない,つばさ・はね,ほのおのかざり,,そうごん・でんせつ,かわいい,
147,ミニリュウ,dratini,ドラゴン,,blue,squiggle,ドラゴンポケモン,通常,ドラゴン,,は虫類・ドラゴン,スライム・ぶよぶよ,,,うろこ,ねばねば・ぷにぷに,,,,りりしい・するどい,ものしずか・クール,ほそながい,つの・うろこ模様,,かっこいい,,
148,ハクリュー,dragonair,ドラゴン,,blue,squiggle,ドラゴンポケモン,通常,ドラゴン,,は虫類・ドラゴン,スライム・ぶよぶよ,,,うろこ,ねばねば・ぷにぷに,,,,りりしい・するどい,ものしずか・クール,ほそながい,つの・うろこ模様,,かっこいい,,
149,カイリュー,dragonite,ドラゴン,ひこう,brown,upright,ドラゴンポケモン,通常,ドラゴン,ひこう,は虫類・ドラゴン,,,,うろこ,,,,,りりしい・するどい,,ちょくりつのすがた,つばさ・はね,つの・うろこ模様,かっこいい,,
150,ミュウツー,mewtwo,エスパー,,purple,upright,いでんしポケモン,伝説,エスパー,,エスパー・ふしぎ,,,,標準・なめらか,,,,,どうどう・威厳,ものしずか・クール,ちょくりつのすがた,ほうせき・かがやき,,そうごん・でんせつ,ミステリアス,
151,ミュウ,mew,エスパー,,pink,upright,しんしゅポケモン,幻,エスパー,,エスパー・ふしぎ,,,,もや・はんとうめい,,,,,どうどう・威厳,にこにこ・あどけない,ちょくりつのすがた,ほうせき・かがやき,,そうごん・でんせつ,かわいい,ミステリアス
152,チコリータ,chikorita,くさ,,green,quadruped,はっぱポケモン,通常,くさ,,しょくぶつ,,,,はっぱ・しょくぶつ質,,,,,おだやか・やさしい,,よつあしのすがた,はっぱ・はな,,おっとり,,
153,ベイリーフ,bayleef,くさ,,green,quadruped,はっぱポケモン,通常,くさ,,しょくぶつ,,,,はっぱ・しょくぶつ質,,,,,おだやか・やさしい,,よつあしのすがた,はっぱ・はな,,おっとり,,
154,メガニウム,meganium,くさ,,green,quadruped,ハーブポケモン,通常,くさ,,しょくぶつ,,,,はっぱ・しょくぶつ質,,,,,おだやか・やさしい,,よつあしのすがた,はっぱ・はな,,おっとり,,
155,ヒノアラシ,cyndaquil,ほのお,,yellow,humanoid,ひねずみポケモン,通常,ほのお,,ほのお・マグマ,けもの・じゅう,ひとがた,,もこもこ・ふわふわ,ほのお・ねっき,,,,にこにこ・あどけない,,てあし・とくちょうてきなかお,ほのおのかざり,,かわいい,ゆうかん,
156,マグマラシ,quilava,ほのお,,yellow,quadruped,かざんポケモン,通常,ほのお,,ほのお・マグマ,,,,ほのお・ねっき,,,,,にこにこ・あどけない,,よつあしのすがた,ほのおのかざり,,かわいい,,
157,バクフーン,typhlosion,ほのお,,yellow,quadruped,かざんポケモン,通常,ほのお,,ほのお・マグマ,,,,ほのお・ねっき,,,,,にこにこ・あどけない,,よつあしのすがた,ほのおのかざり,,かわいい,,
158,ワニノコ,totodile,みず,,blue,upright,おおあごポケモン,通常,みず,,みず・うみ,,,,つるつる・なめらか,みずみずしい・うるおい,,,,ものしずか・クール,,ちょくりつのすがた,みずのしぶき,,ナチュラル,,
159,アリゲイツ,croconaw,みず,,blue,upright,おおあごポケモン,通常,みず,,みず・うみ,,,,つるつる・なめらか,みずみずしい・うるおい,,,,ものしずか・クール,,ちょくりつのすがた,みずのしぶき,,ナチュラル,,
160,オーダイル,feraligatr,みず,,blue,upright,おおあごポケモン,通常,みず,,みず・うみ,,,,つるつる・なめらか,みずみずしい・うるおい,,,,ものしずか・クール,,ちょくりつのすがた,みずのしぶき,,ナチュラル,,
161,オタチ,sentret,ノーマル,,brown,quadruped,みはりポケモン,通常,ノーマル,,けもの・じゅう,,,,もこもこ・ふわふわ,,,,,おだやか・やさしい,,よつあしのすがた,,,おっとり,,
162,オオタチ,furret,ノーマル,,brown,quadruped,どうながポケモン,通常,ノーマル,,けもの・じゅう,,,,もこもこ・ふわふわ,,,,,おだやか・やさしい,,よつあしのすがた,,,おっとり,,
163,ホーホー,hoothoot,ノーマル,ひこう,brown,wings,ふくろうポケモン,通常,ノーマル,ひこう,とり・つばさ,,,,標準・なめらか,,,,,ふつう・ナチュラル,,つばさ・はね,,,ナチュラル,,
164,ヨルノズク,noctowl,ノーマル,ひこう,brown,wings,ふくろうポケモン,通常,ノーマル,ひこう,とり・つばさ,,,,標準・なめらか,,,,,ふつう・ナチュラル,,つばさ・はね,,,ナチュラル,,
165,レディバ,ledyba,むし,ひこう,red,wings,いつつぼしポケモン,通常,むし,ひこう,むし,とり・つばさ,,,こうかく・つや甲羅,,,,,りりしい・するどい,,つばさ・はね,,,ナチュラル,,
166,レディアン,ledian,むし,ひこう,red,wings,いつつぼしポケモン,通常,むし,ひこう,むし,とり・つばさ,,,こうかく・つや甲羅,,,,,りりしい・するどい,,つばさ・はね,,,ナチュラル,,
167,イトマル,spinarak,むし,どく,green,armor,いとはきポケモン,通常,むし,どく,むし,どく,,,ごつごつ・かたい,こうかく・つや甲羅,ねばねば・ぷにぷに,,,とぼけた・ユニーク,,よろい・こうら,とげ・ぶくぶく,,おっとり,,
168,アリアドス,ariados,むし,どく,red,armor,あしながポケモン,通常,むし,どく,むし,どく,,,ごつごつ・かたい,こうかく・つや甲羅,ねばねば・ぷにぷに,,,りりしい・するどい,とぼけた・ユニーク,よろい・こうら,とげ・ぶくぶく,,ナチュラル,,
169,クロバット,crobat,どく,ひこう,purple,bug-wings,こうもりポケモン,通常,どく,ひこう,むし,どく,,,こうかく・つや甲羅,ねばねば・ぷにぷに,,,,ものしずか・クール,とぼけた・ユニーク,むしのはね,つばさ・はね,とげ・ぶくぶく,ミステリアス,,
170,チョンチー,chinchou,みず,でんき,blue,fish,あんこうポケモン,通常,みず,でんき,みず・うみ,でんき,,,つるつる・なめらか,みずみずしい・うるおい,おび電・スパーク,,,ものしずか・クール,,ひれ,でんきの模様・ギザギザ,みずのしぶき,ナチュラル,,
171,ランターン,lanturn,みず,でんき,blue,fish,ライトポケモン,通常,みず,でんき,みず・うみ,でんき,,,つるつる・なめらか,みずみずしい・うるおい,おび電・スパーク,,,ものしずか・クール,,ひれ,でんきの模様・ギザギザ,みずのしぶき,ナチュラル,,
172,ピチュー,pichu,でんき,,yellow,quadruped,こねずみポケモン,通常,でんき,,でんき,けもの・じゅう,,,もこもこ・ふわふわ,おび電・スパーク,,,,にこにこ・あどけない,,よつあしのすがた,でんきの模様・ギザギザ,,かわいい,,
173,ピィ,cleffa,フェアリー,,pink,upright,ほしがたポケモン,通常,フェアリー,,フェアリー・せいれい,,,,標準・なめらか,,,,,にこにこ・あどけない,,ちょくりつのすがた,ほうせき・かがやき,,かわいい,,
174,ププリン,igglybuff,ノーマル,フェアリー,pink,humanoid,ふうせんポケモン,通常,ノーマル,フェアリー,ひとがた,フェアリー・せいれい,,,標準・なめらか,,,,,にこにこ・あどけない,,てあし・とくちょうてきなかお,ほうせき・かがやき,,かわいい,,
175,トゲピー,togepi,フェアリー,,white,humanoid,はりたまポケモン,通常,フェアリー,,ひとがた,フェアリー・せいれい,,,標準・なめらか,,,,,にこにこ・あどけない,,てあし・とくちょうてきなかお,ほうせき・かがやき,,かわいい,,
176,トゲチック,togetic,フェアリー,ひこう,white,humanoid,しあわせポケモン,通常,フェアリー,ひこう,ひとがた,フェアリー・せいれい,,,標準・なめらか,,,,,にこにこ・あどけない,,てあし・とくちょうてきなかお,つばさ・はね,ほうせき・かがやき,かわいい,,
177,ネイティ,natu,エスパー,ひこう,green,wings,ことりポケモン,通常,エスパー,ひこう,とり・つばさ,エスパー・ふしぎ,,,標準・なめらか,,,,,ものしずか・クール,,つばさ・はね,ほうせき・かがやき,,ミステリアス,おっとり,
178,ネイティオ,xatu,エスパー,ひこう,green,wings,せいれいポケモン,通常,エスパー,ひこう,とり・つばさ,エスパー・ふしぎ,,,標準・なめらか,,,,,ものしずか・クール,,つばさ・はね,ほうせき・かがやき,,ミステリアス,おっとり,
179,メリープ,mareep,でんき,,white,quadruped,わたげポケモン,通常,でんき,,でんき,,,,おび電・スパーク,,,,,ふつう・ナチュラル,,よつあしのすがた,でんきの模様・ギザギザ,,ナチュラル,,
180,モココ,flaaffy,でんき,,pink,upright,わたげポケモン,通常,でんき,,でんき,,,,おび電・スパーク,,,,,にこにこ・あどけない,,ちょくりつのすがた,でんきの模様・ギザギザ,,かわいい,,
181,デンリュウ,ampharos,でんき,,yellow,upright,ライトポケモン,通常,でんき,,でんき,,,,おび電・スパーク,,,,,にこにこ・あどけない,,ちょくりつのすがた,でんきの模様・ギザギザ,,かわいい,,
182,キレイハナ,bellossom,くさ,,green,humanoid,フラワーポケモン,通常,くさ,,しょくぶつ,ひとがた,,,はっぱ・しょくぶつ質,,,,,ふつう・ナチュラル,,てあし・とくちょうてきなかお,はっぱ・はな,,おっとり,,
183,マリル,marill,みず,フェアリー,blue,upright,みずねずみポケモン,通常,みず,フェアリー,みず・うみ,けもの・じゅう,フェアリー・せいれい,,もこもこ・ふわふわ,つるつる・なめらか,みずみずしい・うるおい,,,にこにこ・あどけない,ものしずか・クール,ちょくりつのすがた,みずのしぶき,ほうせき・かがやき,かわいい,,
184,マリルリ,azumarill,みず,フェアリー,blue,upright,みずうさぎポケモン,通常,みず,フェアリー,みず・うみ,フェアリー・せいれい,,,もこもこ・ふわふわ,つるつる・なめらか,みずみずしい・うるおい,,,にこにこ・あどけない,ものしずか・クール,ちょくりつのすがた,みずのしぶき,ほうせき・かがやき,かわいい,,
185,ウソッキー,sudowoodo,いわ,,brown,humanoid,まねポケモン,通常,いわ,,いわ・つち・こうぶつ,ひとがた,,,ごつごつ・かたい,,,,,ふつう・ナチュラル,,てあし・とくちょうてきなかお,とげ・こうぶつ結晶,,ナチュラル,,
186,ニョロトノ,politoed,みず,,green,humanoid,かえるポケモン,通常,みず,,みず・うみ,ひとがた,,,つるつる・なめらか,みずみずしい・うるおい,,,,ふつう・ナチュラル,,てあし・とくちょうてきなかお,みずのしぶき,,おっとり,,
187,ハネッコ,hoppip,くさ,ひこう,pink,upright,わたくさポケモン,通常,くさ,ひこう,しょくぶつ,,,,はっぱ・しょくぶつ質,,,,,にこにこ・あどけない,,ちょくりつのすがた,つばさ・はね,はっぱ・はな,かわいい,,
188,ポポッコ,skiploom,くさ,ひこう,green,upright,わたくさポケモン,通常,くさ,ひこう,しょくぶつ,,,,はっぱ・しょくぶつ質,,,,,ふつう・ナチュラル,,ちょくりつのすがた,つばさ・はね,はっぱ・はな,おっとり,,
189,ワタッコ,jumpluff,くさ,ひこう,blue,upright,わたくさポケモン,通常,くさ,ひこう,しょくぶつ,,,,はっぱ・しょくぶつ質,,,,,ものしずか・クール,,ちょくりつのすがた,つばさ・はね,はっぱ・はな,ナチュラル,,
190,エイパム,aipom,ノーマル,,purple,upright,おながポケモン,通常,ノーマル,,その他・不定形,,,,標準・なめらか,,,,,ものしずか・クール,,ちょくりつのすがた,,,ミステリアス,,
191,ヒマナッツ,sunkern,くさ,,yellow,ball,たねポケモン,通常,くさ,,しょくぶつ,,,,はっぱ・しょくぶつ質,,,,,にこにこ・あどけない,,まるいフォルム,はっぱ・はな,,かわいい,,
192,キマワリ,sunflora,くさ,,yellow,humanoid,たいようポケモン,通常,くさ,,しょくぶつ,ひとがた,,,はっぱ・しょくぶつ質,,,,,にこにこ・あどけない,,てあし・とくちょうてきなかお,はっぱ・はな,,かわいい,,
193,ヤンヤンマ,yanma,むし,ひこう,red,bug-wings,うすばねポケモン,通常,むし,ひこう,むし,,,,こうかく・つや甲羅,,,,,りりしい・するどい,,むしのはね,つばさ・はね,,ナチュラル,,
194,ウパー,wooper,みず,じめん,blue,legs,みずうおポケモン,通常,みず,じめん,みず・うみ,いわ・つち・こうぶつ,,,つるつる・なめらか,ごつごつ・かたい,みずみずしい・うるおい,,,おだやか・やさしい,ものしずか・クール,あし・つめ,みずのしぶき,とげ・こうぶつ結晶,おっとり,,
195,ヌオー,quagsire,みず,じめん,blue,upright,みずうおポケモン,通常,みず,じめん,みず・うみ,いわ・つち・こうぶつ,,,つるつる・なめらか,ごつごつ・かたい,みずみずしい・うるおい,,,ものしずか・クール,,ちょくりつのすがた,みずのしぶき,とげ・こうぶつ結晶,ナチュラル,,
196,エーフィ,espeon,エスパー,,purple,quadruped,たいようポケモン,通常,エスパー,,エスパー・ふしぎ,,,,標準・なめらか,,,,,ものしずか・クール,,よつあしのすがた,ほうせき・かがやき,,ミステリアス,,
197,ブラッキー,umbreon,あく,,black,quadruped,げっこうポケモン,通常,あく,,あく・やみ,,,,標準・なめらか,,,,,りりしい・するどい,,よつあしのすがた,もや・かげ,,かっこいい,ミステリアス,
198,ヤミカラス,murkrow,あく,ひこう,black,wings,くらやみポケモン,通常,あく,ひこう,とり・つばさ,あく・やみ,,,標準・なめらか,,,,,りりしい・するどい,,つばさ・はね,もや・かげ,,かっこいい,ミステリアス,
199,ヤドキング,slowking,みず,エスパー,pink,upright,おうじゃポケモン,通常,みず,エスパー,みず・うみ,エスパー・ふしぎ,,,つるつる・なめらか,みずみずしい・うるおい,,,,にこにこ・あどけない,ものしずか・クール,ちょくりつのすがた,みずのしぶき,ほうせき・かがやき,かわいい,ミステリアス,
200,ムウマ,misdreavus,ゴースト,,gray,ball,よなきポケモン,通常,ゴースト,,ゴースト・れいたい,,,,ねばねば・ぷにぷに,もや・はんとうめい,,,,にこにこ・あどけない,ものしずか・クール,まるいフォルム,もや・かげ,,かわいい,ミステリアス,
201,アンノーン,unown,エスパー,,black,ball,シンボルポケモン,通常,エスパー,,エスパー・ふしぎ,,,,標準・なめらか,,,,,にこにこ・あどけない,ものしずか・クール,まるいフォルム,ほうせき・かがやき,,かわいい,ミステリアス,
202,ソーナンス,wobbuffet,エスパー,,blue,blob,がまんポケモン,通常,エスパー,,エスパー・ふしぎ,スライム・ぶよぶよ,,,ねばねば・ぷにぷに,,,,,ものしずか・クール,とぼけた・ユニーク,シンプル・そぼく,ほうせき・かがやき,,ミステリアス,,
203,キリンリキ,girafarig,ノーマル,エスパー,yellow,quadruped,くびながポケモン,通常,ノーマル,エスパー,けもの・じゅう,エスパー・ふしぎ,,,もこもこ・ふわふわ,,,,,にこにこ・あどけない,おだやか・やさしい,よつあしのすがた,ほうせき・かがやき,,かわいい,ミステリアス,おっとり
204,クヌギダマ,pineco,むし,,gray,ball,みのむしポケモン,通常,むし,,むし,,,,こうかく・つや甲羅,,,,,にこにこ・あどけない,,まるいフォルム,,,かわいい,,
205,フォレトス,forretress,むし,はがね,purple,ball,みのむしポケモン,通常,むし,はがね,きんぞく・メカ,むし,,,きんぞく・メタリック,こうかく・つや甲羅,,,,にこにこ・あどけない,ものしずか・クール,まるいフォルム,とげ・こうぶつ結晶,,かわいい,かっこいい,ミステリアス
206,ノコッチ,dunsparce,ノーマル,,yellow,squiggle,つちへびポケモン,通常,ノーマル,,は虫類・ドラゴン,スライム・ぶよぶよ,,,うろこ,ねばねば・ぷにぷに,,,,にこにこ・あどけない,とぼけた・ユニーク,ほそながい,,,かわいい,,
207,グライガー,gligar,じめん,ひこう,purple,wings,とびさそりポケモン,通常,じめん,ひこう,いわ・つち・こうぶつ,とり・つばさ,,,ごつごつ・かたい,,,,,ものしずか・クール,,つばさ・はね,とげ・こうぶつ結晶,,ミステリアス,,
208,ハガネール,steelix,はがね,じめん,gray,squiggle,てつへびポケモン,通常,はがね,じめん,いわ・つち・こうぶつ,きんぞく・メカ,は虫類・ドラゴン,スライム・ぶよぶよ,ごつごつ・かたい,きんぞく・メタリック,うろこ,ねばねば・ぷにぷに,,とぼけた・ユニーク,,ほそながい,とげ・こうぶつ結晶,,かっこいい,,
209,ブルー,snubbull,フェアリー,,pink,humanoid,ようせいポケモン,通常,フェアリー,,ひとがた,フェアリー・せいれい,,,標準・なめらか,,,,,にこにこ・あどけない,,てあし・とくちょうてきなかお,ほうせき・かがやき,,かわいい,,
210,グランブル,granbull,フェアリー,,purple,upright,ようせいポケモン,通常,フェアリー,,フェアリー・せいれい,,,,標準・なめらか,,,,,にこにこ・あどけない,ものしずか・クール,ちょくりつのすがた,ほうせき・かがやき,,かわいい,ミステリアス,
211,ハリーセン,qwilfish,みず,どく,gray,fish,ふうせんポケモン,通常,みず,どく,みず・うみ,どく,,,つるつる・なめらか,ねばねば・ぷにぷに,みずみずしい・うるおい,,,とぼけた・ユニーク,,ひれ,みずのしぶき,とげ・ぶくぶく,ナチュラル,,
212,ハッサム,scizor,むし,はがね,red,bug-wings,はさみポケモン,通常,むし,はがね,きんぞく・メカ,むし,,,きんぞく・メタリック,こうかく・つや甲羅,,,,りりしい・するどい,,むしのはね,とげ・こうぶつ結晶,,かっこいい,,
213,ツボツボ,shuckle,むし,いわ,yellow,armor,はっこうポケモン,通常,むし,いわ,いわ・つち・こうぶつ,むし,,,ごつごつ・かたい,こうかく・つや甲羅,,,,にこにこ・あどけない,,よろい・こうら,とげ・こうぶつ結晶,,かわいい,,
214,ヘラクロス,heracross,むし,かくとう,blue,humanoid,１ぽんヅノポケモン,通常,むし,かくとう,むし,ひとがた,,,こうかく・つや甲羅,,,,,りりしい・するどい,ものしずか・クール,てあし・とくちょうてきなかお,,,ゆうかん,,
215,ニューラ,sneasel,あく,こおり,black,upright,かぎづめポケモン,通常,あく,こおり,こおり・ゆき,あく・やみ,,,つるつる・なめらか,こおり・つめたい,,,,りりしい・するどい,ものしずか・クール,ちょくりつのすがた,こおりのけっしょう,もや・かげ,かっこいい,ミステリアス,
216,ヒメグマ,teddiursa,ノーマル,,brown,upright,こぐまポケモン,通常,ノーマル,,その他・不定形,,,,標準・なめらか,,,,,ふつう・ナチュラル,,ちょくりつのすがた,,,ナチュラル,,
217,リングマ,ursaring,ノーマル,,brown,upright,とうみんポケモン,通常,ノーマル,,その他・不定形,,,,標準・なめらか,,,,,ふつう・ナチュラル,,ちょくりつのすがた,,,ナチュラル,,
218,マグマッグ,slugma,ほのお,,red,squiggle,ようがんポケモン,通常,ほのお,,ほのお・マグマ,スライム・ぶよぶよ,,,ねばねば・ぷにぷに,ほのお・ねっき,,,,りりしい・するどい,とぼけた・ユニーク,ほそながい,ほのおのかざり,,ナチュラル,,
219,マグカルゴ,magcargo,ほのお,いわ,red,squiggle,ようがんポケモン,通常,ほのお,いわ,ほのお・マグマ,いわ・つち・こうぶつ,スライム・ぶよぶよ,,ごつごつ・かたい,ねばねば・ぷにぷに,ほのお・ねっき,,,りりしい・するどい,とぼけた・ユニーク,ほそながい,ほのおのかざり,とげ・こうぶつ結晶,ナチュラル,,
220,ウリムー,swinub,こおり,じめん,brown,quadruped,いのぶたポケモン,通常,こおり,じめん,こおり・ゆき,いわ・つち・こうぶつ,けもの・じゅう,,つるつる・なめらか,ごつごつ・かたい,こおり・つめたい,,,ものしずか・クール,,よつあしのすがた,こおりのけっしょう,とげ・こうぶつ結晶,ナチュラル,,
221,イノムー,piloswine,こおり,じめん,brown,quadruped,いのししポケモン,通常,こおり,じめん,こおり・ゆき,いわ・つち・こうぶつ,けもの・じゅう,,つるつる・なめらか,ごつごつ・かたい,こおり・つめたい,,,ものしずか・クール,,よつあしのすがた,こおりのけっしょう,とげ・こうぶつ結晶,ナチュラル,,
222,サニーゴ,corsola,みず,いわ,pink,armor,さんごポケモン,通常,みず,いわ,みず・うみ,いわ・つち・こうぶつ,,,つるつる・なめらか,ごつごつ・かたい,こうかく・つや甲羅,みずみずしい・うるおい,,にこにこ・あどけない,,よろい・こうら,みずのしぶき,とげ・こうぶつ結晶,かわいい,,
223,テッポウオ,remoraid,みず,,gray,fish,ふんしゃポケモン,通常,みず,,みず・うみ,,,,つるつる・なめらか,みずみずしい・うるおい,,,,ふつう・ナチュラル,,ひれ,みずのしぶき,,ナチュラル,,
224,オクタン,octillery,みず,,red,tentacles,ふんしゃポケモン,通常,みず,,みず・うみ,スライム・ぶよぶよ,,,つるつる・なめらか,みずみずしい・うるおい,,,,りりしい・するどい,とぼけた・ユニーク,しょくしゅ・ひげ,みずのしぶき,,ナチュラル,,
225,デリバード,delibird,こおり,ひこう,red,wings,はこびやポケモン,通常,こおり,ひこう,こおり・ゆき,とり・つばさ,,,つるつる・なめらか,こおり・つめたい,,,,りりしい・するどい,ものしずか・クール,つばさ・はね,こおりのけっしょう,,ナチュラル,,
226,マンタイン,mantine,みず,ひこう,purple,wings,カイトポケモン,通常,みず,ひこう,みず・うみ,とり・つばさ,,,つるつる・なめらか,みずみずしい・うるおい,,,,ものしずか・クール,,つばさ・はね,みずのしぶき,,ミステリアス,,
227,エアームド,skarmory,はがね,ひこう,gray,wings,よろいどりポケモン,通常,はがね,ひこう,きんぞく・メカ,とり・つばさ,,,きんぞく・メタリック,,,,,ふつう・ナチュラル,,つばさ・はね,とげ・こうぶつ結晶,,かっこいい,,
228,デルビル,houndour,あく,ほのお,black,quadruped,ダークポケモン,通常,あく,ほのお,ほのお・マグマ,あく・やみ,,,ほのお・ねっき,,,,,りりしい・するどい,,よつあしのすがた,ほのおのかざり,もや・かげ,かっこいい,ミステリアス,
229,ヘルガー,houndoom,あく,ほのお,black,quadruped,ダークポケモン,通常,あく,ほのお,ほのお・マグマ,あく・やみ,,,ほのお・ねっき,,,,,りりしい・するどい,,よつあしのすがた,ほのおのかざり,もや・かげ,かっこいい,ミステリアス,
230,キングドラ,kingdra,みず,ドラゴン,blue,blob,ドラゴンポケモン,通常,みず,ドラゴン,みず・うみ,は虫類・ドラゴン,スライム・ぶよぶよ,,つるつる・なめらか,うろこ,ねばねば・ぷにぷに,みずみずしい・うるおい,,りりしい・するどい,ものしずか・クール,シンプル・そぼく,みずのしぶき,つの・うろこ模様,かっこいい,,
231,ゴマゾウ,phanpy,じめん,,blue,quadruped,ながはなポケモン,通常,じめん,,しょくぶつ,いわ・つち・こうぶつ,けもの・じゅう,,ごつごつ・かたい,,,,,ものしずか・クール,,よつあしのすがた,とげ・こうぶつ結晶,,ナチュラル,,
232,ドンファン,donphan,じめん,,gray,quadruped,よろいポケモン,通常,じめん,,いわ・つち・こうぶつ,けもの・じゅう,,,ごつごつ・かたい,,,,,ふつう・ナチュラル,,よつあしのすがた,とげ・こうぶつ結晶,,ナチュラル,,
233,ポリゴン２,porygon2,ノーマル,,red,legs,バーチャルポケモン,通常,ノーマル,,その他・不定形,,,,もこもこ・ふわふわ,,,,,りりしい・するどい,おだやか・やさしい,あし・つめ,,,おっとり,,
234,オドシシ,stantler,ノーマル,,brown,quadruped,おおツノポケモン,通常,ノーマル,,けもの・じゅう,,,,もこもこ・ふわふわ,,,,,おだやか・やさしい,,よつあしのすがた,,,おっとり,,
235,ドーブル,smeargle,ノーマル,,white,upright,えかきポケモン,通常,ノーマル,,その他・不定形,,,,標準・なめらか,,,,,ふつう・ナチュラル,,ちょくりつのすがた,,,ナチュラル,,
236,バルキー,tyrogue,かくとう,,purple,humanoid,けんかポケモン,通常,かくとう,,ひとがた,,,,標準・なめらか,,,,,りりしい・するどい,ものしずか・クール,てあし・とくちょうてきなかお,,,ゆうかん,ミステリアス,
237,カポエラー,hitmontop,かくとう,,brown,upright,さかだちポケモン,通常,かくとう,,ひとがた,,,,標準・なめらか,,,,,りりしい・するどい,,ちょくりつのすがた,,,ゆうかん,,
238,ムチュール,smoochum,こおり,エスパー,pink,humanoid,くちづけポケモン,通常,こおり,エスパー,こおり・ゆき,ひとがた,エスパー・ふしぎ,,つるつる・なめらか,こおり・つめたい,,,,にこにこ・あどけない,ものしずか・クール,てあし・とくちょうてきなかお,こおりのけっしょう,ほうせき・かがやき,かわいい,ミステリアス,
239,エレキッド,elekid,でんき,,yellow,humanoid,でんきポケモン,通常,でんき,,でんき,ひとがた,,,おび電・スパーク,,,,,にこにこ・あどけない,,てあし・とくちょうてきなかお,でんきの模様・ギザギザ,,かわいい,,
240,ブビィ,magby,ほのお,,red,upright,ひだねポケモン,通常,ほのお,,ほのお・マグマ,,,,ほのお・ねっき,,,,,りりしい・するどい,,ちょくりつのすがた,ほのおのかざり,,かっこいい,ゆうかん,
241,ミルタンク,miltank,ノーマル,,pink,upright,ちちうしポケモン,通常,ノーマル,,けもの・じゅう,,,,標準・なめらか,,,,,にこにこ・あどけない,,ちょくりつのすがた,,,かわいい,,
242,ハピナス,blissey,ノーマル,,pink,humanoid,しあわせポケモン,通常,ノーマル,,ひとがた,,,,標準・なめらか,,,,,にこにこ・あどけない,,てあし・とくちょうてきなかお,,,かわいい,,
243,ライコウ,raikou,でんき,,yellow,quadruped,いかずちポケモン,伝説,でんき,,でんき,,,,おび電・スパーク,,,,,どうどう・威厳,にこにこ・あどけない,よつあしのすがた,でんきの模様・ギザギザ,,そうごん・でんせつ,かわいい,
244,エンテイ,entei,ほのお,,brown,quadruped,かざんポケモン,伝説,ほのお,,ほのお・マグマ,,,,ほのお・ねっき,,,,,どうどう・威厳,,よつあしのすがた,ほのおのかざり,,そうごん・でんせつ,,
245,スイクン,suicune,みず,,blue,quadruped,オーロラポケモン,伝説,みず,,みず・うみ,,,,つるつる・なめらか,みずみずしい・うるおい,,,,どうどう・威厳,おだやか・やさしい,よつあしのすがた,みずのしぶき,,そうごん・でんせつ,おっとり,
246,ヨーギラス,larvitar,いわ,じめん,green,upright,いわはだポケモン,通常,いわ,じめん,いわ・つち・こうぶつ,,,,ごつごつ・かたい,,,,,ふつう・ナチュラル,,ちょくりつのすがた,とげ・こうぶつ結晶,,おっとり,,
247,サナギラス,pupitar,いわ,じめん,gray,squiggle,だんがんポケモン,通常,いわ,じめん,いわ・つち・こうぶつ,スライム・ぶよぶよ,,,ごつごつ・かたい,ねばねば・ぷにぷに,,,,とぼけた・ユニーク,,ほそながい,とげ・こうぶつ結晶,,ナチュラル,,
248,バンギラス,tyranitar,いわ,あく,green,upright,よろいポケモン,通常,いわ,あく,いわ・つち・こうぶつ,あく・やみ,,,ごつごつ・かたい,,,,,りりしい・するどい,,ちょくりつのすがた,もや・かげ,とげ・こうぶつ結晶,かっこいい,ミステリアス,おっとり
249,ルギア,lugia,エスパー,ひこう,white,wings,せんすいポケモン,伝説,エスパー,ひこう,とり・つばさ,エスパー・ふしぎ,,,標準・なめらか,,,,,どうどう・威厳,ものしずか・クール,つばさ・はね,ほうせき・かがやき,,そうごん・でんせつ,ミステリアス,
250,ホウオウ,ho-oh,ほのお,ひこう,red,wings,にじいろポケモン,伝説,ほのお,ひこう,ほのお・マグマ,とり・つばさ,,,ほのお・ねっき,,,,,どうどう・威厳,りりしい・するどい,つばさ・はね,ほのおのかざり,,そうごん・でんせつ,,
251,セレビィ,celebi,エスパー,くさ,green,humanoid,ときわたりポケモン,幻,エスパー,くさ,しょくぶつ,ひとがた,エスパー・ふしぎ,,はっぱ・しょくぶつ質,もや・はんとうめい,,,,どうどう・威厳,ものしずか・クール,てあし・とくちょうてきなかお,はっぱ・はな,ほうせき・かがやき,そうごん・でんせつ,ミステリアス,おっとり
252,キモリ,treecko,くさ,,green,upright,もりトカゲポケモン,通常,くさ,,しょくぶつ,は虫類・ドラゴン,,,うろこ,はっぱ・しょくぶつ質,,,,ふつう・ナチュラル,,ちょくりつのすがた,はっぱ・はな,,おっとり,,
253,ジュプトル,grovyle,くさ,,green,upright,もりトカゲポケモン,通常,くさ,,しょくぶつ,は虫類・ドラゴン,,,うろこ,はっぱ・しょくぶつ質,,,,ふつう・ナチュラル,,ちょくりつのすがた,はっぱ・はな,,おっとり,,
254,ジュカイン,sceptile,くさ,,green,upright,みつりんポケモン,通常,くさ,,しょくぶつ,,,,はっぱ・しょくぶつ質,,,,,ふつう・ナチュラル,,ちょくりつのすがた,はっぱ・はな,,おっとり,,
255,アチャモ,torchic,ほのお,,red,legs,ひよこポケモン,通常,ほのお,,ほのお・マグマ,,,,ほのお・ねっき,,,,,りりしい・するどい,,あし・つめ,ほのおのかざり,,ナチュラル,,
256,ワカシャモ,combusken,ほのお,かくとう,red,upright,わかどりポケモン,通常,ほのお,かくとう,ほのお・マグマ,ひとがた,,,ほのお・ねっき,,,,,りりしい・するどい,,ちょくりつのすがた,ほのおのかざり,,かっこいい,ゆうかん,
257,バシャーモ,blaziken,ほのお,かくとう,red,upright,もうかポケモン,通常,ほのお,かくとう,ほのお・マグマ,ひとがた,,,ほのお・ねっき,,,,,りりしい・するどい,,ちょくりつのすがた,ほのおのかざり,,かっこいい,ゆうかん,
258,ミズゴロウ,mudkip,みず,,blue,quadruped,ぬまうおポケモン,通常,みず,,みず・うみ,,,,つるつる・なめらか,みずみずしい・うるおい,,,,おだやか・やさしい,ものしずか・クール,よつあしのすがた,みずのしぶき,,おっとり,,
259,ヌマクロー,marshtomp,みず,じめん,blue,upright,ぬまうおポケモン,通常,みず,じめん,みず・うみ,いわ・つち・こうぶつ,,,つるつる・なめらか,ごつごつ・かたい,みずみずしい・うるおい,,,ものしずか・クール,,ちょくりつのすがた,みずのしぶき,とげ・こうぶつ結晶,ナチュラル,,
260,ラグラージ,swampert,みず,じめん,blue,upright,ぬまうおポケモン,通常,みず,じめん,みず・うみ,いわ・つち・こうぶつ,,,つるつる・なめらか,ごつごつ・かたい,みずみずしい・うるおい,,,ものしずか・クール,,ちょくりつのすがた,みずのしぶき,とげ・こうぶつ結晶,ナチュラル,,
261,ポチエナ,poochyena,あく,,gray,quadruped,かみつきポケモン,通常,あく,,あく・やみ,,,,標準・なめらか,,,,,りりしい・するどい,,よつあしのすがた,もや・かげ,,かっこいい,ミステリアス,
262,グラエナ,mightyena,あく,,gray,quadruped,かみつきポケモン,通常,あく,,あく・やみ,,,,標準・なめらか,,,,,りりしい・するどい,,よつあしのすがた,もや・かげ,,かっこいい,ミステリアス,
263,ジグザグマ,zigzagoon,ノーマル,,brown,quadruped,まめだぬきポケモン,通常,ノーマル,,けもの・じゅう,,,,もこもこ・ふわふわ,,,,,おだやか・やさしい,,よつあしのすがた,,,おっとり,,
264,マッスグマ,linoone,ノーマル,,white,quadruped,とっしんポケモン,通常,ノーマル,,けもの・じゅう,,,,もこもこ・ふわふわ,,,,,おだやか・やさしい,,よつあしのすがた,,,おっとり,,
265,ケムッソ,wurmple,むし,,red,armor,いもむしポケモン,通常,むし,,むし,,,,ごつごつ・かたい,こうかく・つや甲羅,,,,りりしい・するどい,,よろい・こうら,,,ナチュラル,,
266,カラサリス,silcoon,むし,,white,ball,さなぎポケモン,通常,むし,,むし,,,,こうかく・つや甲羅,,,,,にこにこ・あどけない,,まるいフォルム,,,かわいい,,
267,アゲハント,beautifly,むし,ひこう,yellow,bug-wings,ちょうちょポケモン,通常,むし,ひこう,むし,,,,こうかく・つや甲羅,,,,,にこにこ・あどけない,,むしのはね,つばさ・はね,,かわいい,,
268,マユルド,cascoon,むし,,purple,ball,さなぎポケモン,通常,むし,,むし,,,,こうかく・つや甲羅,,,,,にこにこ・あどけない,ものしずか・クール,まるいフォルム,,,かわいい,ミステリアス,
269,ドクケイル,dustox,むし,どく,green,bug-wings,どくがポケモン,通常,むし,どく,むし,どく,,,こうかく・つや甲羅,ねばねば・ぷにぷに,,,,とぼけた・ユニーク,,むしのはね,とげ・ぶくぶく,,おっとり,,
270,ハスボー,lotad,みず,くさ,green,armor,うきくさポケモン,通常,みず,くさ,しょくぶつ,みず・うみ,,,つるつる・なめらか,ごつごつ・かたい,こうかく・つや甲羅,みずみずしい・うるおい,はっぱ・しょくぶつ質,ふつう・ナチュラル,,よろい・こうら,はっぱ・はな,みずのしぶき,おっとり,,
271,ハスブレロ,lombre,みず,くさ,green,humanoid,ようきポケモン,通常,みず,くさ,しょくぶつ,みず・うみ,ひとがた,,つるつる・なめらか,みずみずしい・うるおい,はっぱ・しょくぶつ質,,,ふつう・ナチュラル,,てあし・とくちょうてきなかお,はっぱ・はな,みずのしぶき,おっとり,,
272,ルンパッパ,ludicolo,みず,くさ,green,humanoid,のうてんきポケモン,通常,みず,くさ,しょくぶつ,みず・うみ,ひとがた,,つるつる・なめらか,みずみずしい・うるおい,はっぱ・しょくぶつ質,,,ふつう・ナチュラル,,てあし・とくちょうてきなかお,はっぱ・はな,みずのしぶき,おっとり,,
273,タネボー,seedot,くさ,,brown,legs,どんぐりポケモン,通常,くさ,,しょくぶつ,,,,はっぱ・しょくぶつ質,,,,,おだやか・やさしい,,あし・つめ,はっぱ・はな,,おっとり,,
274,コノハナ,nuzleaf,くさ,あく,brown,humanoid,いじわるポケモン,通常,くさ,あく,しょくぶつ,ひとがた,あく・やみ,,はっぱ・しょくぶつ質,,,,,りりしい・するどい,,てあし・とくちょうてきなかお,はっぱ・はな,もや・かげ,かっこいい,ミステリアス,
275,ダーテング,shiftry,くさ,あく,brown,humanoid,よこしまポケモン,通常,くさ,あく,しょくぶつ,ひとがた,あく・やみ,,はっぱ・しょくぶつ質,,,,,りりしい・するどい,,てあし・とくちょうてきなかお,はっぱ・はな,もや・かげ,かっこいい,ミステリアス,
276,スバメ,taillow,ノーマル,ひこう,blue,wings,こツバメポケモン,通常,ノーマル,ひこう,とり・つばさ,,,,標準・なめらか,,,,,ものしずか・クール,,つばさ・はね,,,ナチュラル,,
277,オオスバメ,swellow,ノーマル,ひこう,blue,wings,ツバメポケモン,通常,ノーマル,ひこう,とり・つばさ,,,,標準・なめらか,,,,,ものしずか・クール,,つばさ・はね,,,ナチュラル,,
278,キャモメ,wingull,みず,ひこう,white,wings,うみねこポケモン,通常,みず,ひこう,みず・うみ,とり・つばさ,,,つるつる・なめらか,みずみずしい・うるおい,,,,ふつう・ナチュラル,,つばさ・はね,みずのしぶき,,ナチュラル,,
279,ペリッパー,pelipper,みず,ひこう,yellow,wings,みずどりポケモン,通常,みず,ひこう,みず・うみ,とり・つばさ,,,つるつる・なめらか,みずみずしい・うるおい,,,,にこにこ・あどけない,,つばさ・はね,みずのしぶき,,かわいい,,
280,ラルトス,ralts,エスパー,フェアリー,white,humanoid,きもちポケモン,通常,エスパー,フェアリー,ひとがた,エスパー・ふしぎ,フェアリー・せいれい,,標準・なめらか,,,,,にこにこ・あどけない,ものしずか・クール,てあし・とくちょうてきなかお,ほうせき・かがやき,,かわいい,ミステリアス,
281,キルリア,kirlia,エスパー,フェアリー,white,humanoid,かんじょうポケモン,通常,エスパー,フェアリー,ひとがた,エスパー・ふしぎ,フェアリー・せいれい,,標準・なめらか,,,,,にこにこ・あどけない,ものしずか・クール,てあし・とくちょうてきなかお,ほうせき・かがやき,,かわいい,ミステリアス,
282,サーナイト,gardevoir,エスパー,フェアリー,white,humanoid,ほうようポケモン,通常,エスパー,フェアリー,ひとがた,エスパー・ふしぎ,フェアリー・せいれい,,標準・なめらか,,,,,にこにこ・あどけない,ものしずか・クール,てあし・とくちょうてきなかお,ほうせき・かがやき,,かわいい,ミステリアス,
283,アメタマ,surskit,むし,みず,blue,armor,あめんぼポケモン,通常,むし,みず,みず・うみ,むし,,,つるつる・なめらか,ごつごつ・かたい,こうかく・つや甲羅,みずみずしい・うるおい,,ものしずか・クール,,よろい・こうら,みずのしぶき,,ナチュラル,,
284,アメモース,masquerain,むし,ひこう,blue,bug-wings,めだまポケモン,通常,むし,ひこう,むし,,,,こうかく・つや甲羅,,,,,ものしずか・クール,,むしのはね,つばさ・はね,,ナチュラル,,
285,キノココ,shroomish,くさ,,brown,legs,きのこポケモン,通常,くさ,,しょくぶつ,,,,はっぱ・しょくぶつ質,,,,,おだやか・やさしい,,あし・つめ,はっぱ・はな,,おっとり,,
286,キノガッサ,breloom,くさ,かくとう,green,upright,きのこポケモン,通常,くさ,かくとう,しょくぶつ,ひとがた,,,はっぱ・しょくぶつ質,,,,,りりしい・するどい,,ちょくりつのすがた,はっぱ・はな,,ゆうかん,おっとり,
287,ナマケロ,slakoth,ノーマル,,brown,quadruped,なまけものポケモン,通常,ノーマル,,けもの・じゅう,,,,もこもこ・ふわふわ,,,,,おだやか・やさしい,,よつあしのすがた,,,おっとり,,
288,ヤルキモノ,vigoroth,ノーマル,,white,upright,あばれザルポケモン,通常,ノーマル,,その他・不定形,,,,標準・なめらか,,,,,ふつう・ナチュラル,,ちょくりつのすがた,,,ナチュラル,,
289,ケッキング,slaking,ノーマル,,brown,humanoid,ものぐさポケモン,通常,ノーマル,,ひとがた,,,,標準・なめらか,,,,,ふつう・ナチュラル,,てあし・とくちょうてきなかお,,,ナチュラル,,
290,ツチニン,nincada,むし,じめん,gray,armor,したづみポケモン,通常,むし,じめん,いわ・つち・こうぶつ,むし,,,ごつごつ・かたい,こうかく・つや甲羅,,,,ふつう・ナチュラル,,よろい・こうら,とげ・こうぶつ結晶,,ナチュラル,,
291,テッカニン,ninjask,むし,ひこう,yellow,bug-wings,しのびポケモン,通常,むし,ひこう,むし,,,,こうかく・つや甲羅,,,,,にこにこ・あどけない,,むしのはね,つばさ・はね,,かわいい,,
292,ヌケニン,shedinja,むし,ゴースト,brown,blob,ぬけがらポケモン,通常,むし,ゴースト,むし,ゴースト・れいたい,スライム・ぶよぶよ,,こうかく・つや甲羅,ねばねば・ぷにぷに,もや・はんとうめい,,,ものしずか・クール,とぼけた・ユニーク,シンプル・そぼく,もや・かげ,,ミステリアス,,
293,ゴニョニョ,whismur,ノーマル,,pink,upright,ささやきポケモン,通常,ノーマル,,その他・不定形,,,,標準・なめらか,,,,,にこにこ・あどけない,,ちょくりつのすがた,,,かわいい,,
294,ドゴーム,loudred,ノーマル,,blue,upright,おおごえポケモン,通常,ノーマル,,その他・不定形,,,,標準・なめらか,,,,,ものしずか・クール,,ちょくりつのすがた,,,ナチュラル,,
295,バクオング,exploud,ノーマル,,blue,upright,そうおんポケモン,通常,ノーマル,,みず・うみ,,,,標準・なめらか,,,,,ものしずか・クール,,ちょくりつのすがた,,,ナチュラル,,
296,マクノシタ,makuhita,かくとう,,yellow,humanoid,こんじょうポケモン,通常,かくとう,,ひとがた,,,,標準・なめらか,,,,,りりしい・するどい,にこにこ・あどけない,てあし・とくちょうてきなかお,,,かわいい,ゆうかん,
297,ハリテヤマ,hariyama,かくとう,,brown,humanoid,つっぱりポケモン,通常,かくとう,,ひとがた,,,,標準・なめらか,,,,,りりしい・するどい,,てあし・とくちょうてきなかお,,,ゆうかん,,
298,ルリリ,azurill,ノーマル,フェアリー,blue,legs,みずたまポケモン,通常,ノーマル,フェアリー,フェアリー・せいれい,,,,もこもこ・ふわふわ,,,,,にこにこ・あどけない,おだやか・やさしい,あし・つめ,ほうせき・かがやき,,かわいい,おっとり,
299,ノズパス,nosepass,いわ,,gray,humanoid,コンパスポケモン,通常,いわ,,いわ・つち・こうぶつ,ひとがた,,,ごつごつ・かたい,,,,,ふつう・ナチュラル,,てあし・とくちょうてきなかお,とげ・こうぶつ結晶,,ナチュラル,,
300,エネコ,skitty,ノーマル,,pink,quadruped,こねこポケモン,通常,ノーマル,,けもの・じゅう,,,,もこもこ・ふわふわ,,,,,にこにこ・あどけない,おだやか・やさしい,よつあしのすがた,,,かわいい,おっとり,
301,エネコロロ,delcatty,ノーマル,,purple,quadruped,おすましポケモン,通常,ノーマル,,けもの・じゅう,,,,もこもこ・ふわふわ,,,,,おだやか・やさしい,ものしずか・クール,よつあしのすがた,,,ミステリアス,おっとり,
302,ヤミラミ,sableye,あく,ゴースト,purple,humanoid,くらやみポケモン,通常,あく,ゴースト,ひとがた,ゴースト・れいたい,あく・やみ,,ねばねば・ぷにぷに,もや・はんとうめい,,,,りりしい・するどい,ものしずか・クール,てあし・とくちょうてきなかお,もや・かげ,,かっこいい,ミステリアス,
303,クチート,mawile,はがね,フェアリー,black,humanoid,あざむきポケモン,通常,はがね,フェアリー,きんぞく・メカ,ひとがた,フェアリー・せいれい,,きんぞく・メタリック,,,,,にこにこ・あどけない,,てあし・とくちょうてきなかお,ほうせき・かがやき,とげ・こうぶつ結晶,かわいい,かっこいい,
304,ココドラ,aron,はがね,いわ,gray,quadruped,てつヨロイポケモン,通常,はがね,いわ,いわ・つち・こうぶつ,きんぞく・メカ,,,ごつごつ・かたい,きんぞく・メタリック,,,,ふつう・ナチュラル,,よつあしのすがた,とげ・こうぶつ結晶,,かっこいい,,
305,コドラ,lairon,はがね,いわ,gray,quadruped,てつヨロイポケモン,通常,はがね,いわ,いわ・つち・こうぶつ,きんぞく・メカ,,,ごつごつ・かたい,きんぞく・メタリック,,,,ふつう・ナチュラル,,よつあしのすがた,とげ・こうぶつ結晶,,かっこいい,,
306,ボスゴドラ,aggron,はがね,いわ,gray,upright,てつヨロイポケモン,通常,はがね,いわ,いわ・つち・こうぶつ,きんぞく・メカ,,,ごつごつ・かたい,きんぞく・メタリック,,,,ふつう・ナチュラル,,ちょくりつのすがた,とげ・こうぶつ結晶,,かっこいい,,
307,アサナン,meditite,かくとう,エスパー,blue,humanoid,めいそうポケモン,通常,かくとう,エスパー,ひとがた,エスパー・ふしぎ,,,標準・なめらか,,,,,りりしい・するどい,ものしずか・クール,てあし・とくちょうてきなかお,ほうせき・かがやき,,ゆうかん,ミステリアス,
308,チャーレム,medicham,かくとう,エスパー,red,humanoid,めいそうポケモン,通常,かくとう,エスパー,ひとがた,エスパー・ふしぎ,,,標準・なめらか,,,,,りりしい・するどい,ものしずか・クール,てあし・とくちょうてきなかお,ほうせき・かがやき,,かっこいい,ゆうかん,ミステリアス
309,ラクライ,electrike,でんき,,green,quadruped,いなずまポケモン,通常,でんき,,でんき,,,,おび電・スパーク,,,,,ふつう・ナチュラル,,よつあしのすがた,でんきの模様・ギザギザ,,おっとり,,
310,ライボルト,manectric,でんき,,yellow,quadruped,ほうでんポケモン,通常,でんき,,でんき,,,,おび電・スパーク,,,,,にこにこ・あどけない,,よつあしのすがた,でんきの模様・ギザギザ,,かわいい,,
311,プラスル,plusle,でんき,,yellow,upright,おうえんポケモン,通常,でんき,,でんき,,,,おび電・スパーク,,,,,にこにこ・あどけない,,ちょくりつのすがた,でんきの模様・ギザギザ,,かわいい,,
312,マイナン,minun,でんき,,yellow,upright,おうえんポケモン,通常,でんき,,でんき,,,,おび電・スパーク,,,,,にこにこ・あどけない,,ちょくりつのすがた,でんきの模様・ギザギザ,,かわいい,,
313,バルビート,volbeat,むし,,gray,upright,ほたるポケモン,通常,むし,,むし,,,,こうかく・つや甲羅,,,,,ふつう・ナチュラル,,ちょくりつのすがた,,,ナチュラル,,
314,イルミーゼ,illumise,むし,,purple,humanoid,ほたるポケモン,通常,むし,,むし,ひとがた,,,こうかく・つや甲羅,,,,,ものしずか・クール,,てあし・とくちょうてきなかお,,,ミステリアス,,
315,ロゼリア,roselia,くさ,どく,green,humanoid,いばらポケモン,通常,くさ,どく,しょくぶつ,ひとがた,どく,,ねばねば・ぷにぷに,はっぱ・しょくぶつ質,,,,とぼけた・ユニーク,,てあし・とくちょうてきなかお,はっぱ・はな,とげ・ぶくぶく,おっとり,,
316,ゴクリン,gulpin,どく,,green,arms,いぶくろポケモン,通常,どく,,どく,,,,ねばねば・ぷにぷに,,,,,とぼけた・ユニーク,,たくましいうで,とげ・ぶくぶく,,おっとり,,
317,マルノーム,swalot,どく,,purple,arms,どくぶくろポケモン,通常,どく,,どく,,,,ねばねば・ぷにぷに,,,,,ものしずか・クール,とぼけた・ユニーク,たくましいうで,とげ・ぶくぶく,,ミステリアス,,
318,キバニア,carvanha,みず,あく,red,fish,どうもうポケモン,通常,みず,あく,みず・うみ,あく・やみ,,,つるつる・なめらか,みずみずしい・うるおい,,,,りりしい・するどい,,ひれ,みずのしぶき,もや・かげ,かっこいい,ミステリアス,
319,サメハダー,sharpedo,みず,あく,blue,fish,きょうぼうポケモン,通常,みず,あく,みず・うみ,あく・やみ,,,つるつる・なめらか,みずみずしい・うるおい,,,,りりしい・するどい,ものしずか・クール,ひれ,みずのしぶき,もや・かげ,かっこいい,ミステリアス,
320,ホエルコ,wailmer,みず,,blue,fish,たまくじらポケモン,通常,みず,,みず・うみ,,,,つるつる・なめらか,みずみずしい・うるおい,,,,ものしずか・クール,,ひれ,みずのしぶき,,ナチュラル,,
321,ホエルオー,wailord,みず,,blue,fish,うきくじらポケモン,通常,みず,,みず・うみ,,,,つるつる・なめらか,みずみずしい・うるおい,,,,ものしずか・クール,,ひれ,みずのしぶき,,ナチュラル,,
322,ドンメル,numel,ほのお,じめん,yellow,quadruped,どんかんポケモン,通常,ほのお,じめん,ほのお・マグマ,いわ・つち・こうぶつ,けもの・じゅう,,ごつごつ・かたい,ほのお・ねっき,,,,にこにこ・あどけない,,よつあしのすがた,ほのおのかざり,とげ・こうぶつ結晶,かわいい,,
323,バクーダ,camerupt,ほのお,じめん,red,quadruped,ふんかポケモン,通常,ほのお,じめん,ほのお・マグマ,いわ・つち・こうぶつ,けもの・じゅう,,ごつごつ・かたい,ほのお・ねっき,,,,りりしい・するどい,,よつあしのすがた,ほのおのかざり,とげ・こうぶつ結晶,ナチュラル,,
324,コータス,torkoal,ほのお,,brown,quadruped,せきたんポケモン,通常,ほのお,,ほのお・マグマ,,,,ほのお・ねっき,,,,,ふつう・ナチュラル,,よつあしのすがた,ほのおのかざり,,ナチュラル,,
325,バネブー,spoink,エスパー,,black,arms,とびはねポケモン,通常,エスパー,,エスパー・ふしぎ,,,,標準・なめらか,,,,,ものしずか・クール,,たくましいうで,ほうせき・かがやき,,ミステリアス,,
326,ブーピッグ,grumpig,エスパー,,purple,upright,あやつりポケモン,通常,エスパー,,エスパー・ふしぎ,,,,標準・なめらか,,,,,ものしずか・クール,,ちょくりつのすがた,ほうせき・かがやき,,ミステリアス,,
327,パッチール,spinda,ノーマル,,brown,upright,ぶちパンダポケモン,通常,ノーマル,,その他・不定形,,,,標準・なめらか,,,,,ふつう・ナチュラル,,ちょくりつのすがた,,,ナチュラル,,
328,ナックラー,trapinch,じめん,,brown,armor,ありじごくポケモン,通常,じめん,,いわ・つち・こうぶつ,,,,ごつごつ・かたい,こうかく・つや甲羅,,,,ふつう・ナチュラル,,よろい・こうら,とげ・こうぶつ結晶,,ナチュラル,,
329,ビブラーバ,vibrava,じめん,ドラゴン,green,bug-wings,しんどうポケモン,通常,じめん,ドラゴン,いわ・つち・こうぶつ,むし,は虫類・ドラゴン,,ごつごつ・かたい,こうかく・つや甲羅,うろこ,,,りりしい・するどい,,むしのはね,とげ・こうぶつ結晶,つの・うろこ模様,かっこいい,おっとり,
330,フライゴン,flygon,じめん,ドラゴン,green,wings,せいれいポケモン,通常,じめん,ドラゴン,いわ・つち・こうぶつ,は虫類・ドラゴン,,,ごつごつ・かたい,うろこ,,,,りりしい・するどい,,つばさ・はね,とげ・こうぶつ結晶,つの・うろこ模様,かっこいい,おっとり,
331,サボネア,cacnea,くさ,,green,humanoid,サボテンポケモン,通常,くさ,,しょくぶつ,ひとがた,,,はっぱ・しょくぶつ質,,,,,ふつう・ナチュラル,,てあし・とくちょうてきなかお,はっぱ・はな,,おっとり,,
332,ノクタス,cacturne,くさ,あく,green,humanoid,カカシぐさポケモン,通常,くさ,あく,しょくぶつ,ひとがた,あく・やみ,,はっぱ・しょくぶつ質,,,,,りりしい・するどい,,てあし・とくちょうてきなかお,はっぱ・はな,もや・かげ,かっこいい,ミステリアス,おっとり
333,チルット,swablu,ノーマル,ひこう,blue,wings,わたどりポケモン,通常,ノーマル,ひこう,とり・つばさ,,,,標準・なめらか,,,,,ものしずか・クール,,つばさ・はね,,,ナチュラル,,
334,チルタリス,altaria,ドラゴン,ひこう,blue,wings,ハミングポケモン,通常,ドラゴン,ひこう,は虫類・ドラゴン,とり・つばさ,,,うろこ,,,,,りりしい・するどい,ものしずか・クール,つばさ・はね,つの・うろこ模様,,かっこいい,,
335,ザングース,zangoose,ノーマル,,white,upright,ネコイタチポケモン,通常,ノーマル,,けもの・じゅう,,,,標準・なめらか,,,,,ふつう・ナチュラル,,ちょくりつのすがた,,,ナチュラル,,
336,ハブネーク,seviper,どく,,black,squiggle,キバへびポケモン,通常,どく,,は虫類・ドラゴン,どく,スライム・ぶよぶよ,,うろこ,ねばねば・ぷにぷに,,,,とぼけた・ユニーク,,ほそながい,とげ・ぶくぶく,,ナチュラル,,
337,ルナトーン,lunatone,いわ,エスパー,yellow,ball,いんせきポケモン,通常,いわ,エスパー,いわ・つち・こうぶつ,エスパー・ふしぎ,,,ごつごつ・かたい,,,,,にこにこ・あどけない,ものしずか・クール,まるいフォルム,ほうせき・かがやき,とげ・こうぶつ結晶,かわいい,ミステリアス,
338,ソルロック,solrock,いわ,エスパー,red,ball,いんせきポケモン,通常,いわ,エスパー,いわ・つち・こうぶつ,エスパー・ふしぎ,,,ごつごつ・かたい,,,,,りりしい・するどい,にこにこ・あどけない,まるいフォルム,ほうせき・かがやき,とげ・こうぶつ結晶,かわいい,ミステリアス,
339,ドジョッチ,barboach,みず,じめん,gray,fish,ひげうおポケモン,通常,みず,じめん,みず・うみ,いわ・つち・こうぶつ,,,つるつる・なめらか,ごつごつ・かたい,みずみずしい・うるおい,,,ふつう・ナチュラル,,ひれ,みずのしぶき,とげ・こうぶつ結晶,ナチュラル,,
340,ナマズン,whiscash,みず,じめん,blue,fish,ひげうおポケモン,通常,みず,じめん,みず・うみ,いわ・つち・こうぶつ,,,つるつる・なめらか,ごつごつ・かたい,みずみずしい・うるおい,,,ものしずか・クール,,ひれ,みずのしぶき,とげ・こうぶつ結晶,ナチュラル,,
341,ヘイガニ,corphish,みず,,red,armor,ごろつきポケモン,通常,みず,,みず・うみ,,,,つるつる・なめらか,ごつごつ・かたい,こうかく・つや甲羅,みずみずしい・うるおい,,りりしい・するどい,,よろい・こうら,みずのしぶき,,ナチュラル,,
342,シザリガー,crawdaunt,みず,あく,red,armor,ならずものポケモン,通常,みず,あく,みず・うみ,あく・やみ,,,つるつる・なめらか,ごつごつ・かたい,こうかく・つや甲羅,みずみずしい・うるおい,,りりしい・するどい,,よろい・こうら,みずのしぶき,もや・かげ,かっこいい,ミステリアス,
343,ヤジロン,baltoy,じめん,エスパー,brown,arms,どぐうポケモン,通常,じめん,エスパー,いわ・つち・こうぶつ,エスパー・ふしぎ,,,ごつごつ・かたい,,,,,ものしずか・クール,,たくましいうで,ほうせき・かがやき,とげ・こうぶつ結晶,ミステリアス,,
344,ネンドール,claydol,じめん,エスパー,black,arms,どぐうポケモン,通常,じめん,エスパー,いわ・つち・こうぶつ,エスパー・ふしぎ,,,ごつごつ・かたい,,,,,ものしずか・クール,,たくましいうで,ほうせき・かがやき,とげ・こうぶつ結晶,ミステリアス,,
345,リリーラ,lileep,いわ,くさ,purple,blob,ウミユリポケモン,通常,いわ,くさ,しょくぶつ,いわ・つち・こうぶつ,スライム・ぶよぶよ,,ごつごつ・かたい,ねばねば・ぷにぷに,はっぱ・しょくぶつ質,,,ものしずか・クール,とぼけた・ユニーク,シンプル・そぼく,はっぱ・はな,とげ・こうぶつ結晶,ミステリアス,,
346,ユレイドル,cradily,いわ,くさ,green,blob,いわつぼポケモン,通常,いわ,くさ,しょくぶつ,いわ・つち・こうぶつ,スライム・ぶよぶよ,,ごつごつ・かたい,ねばねば・ぷにぷに,はっぱ・しょくぶつ質,,,とぼけた・ユニーク,,シンプル・そぼく,はっぱ・はな,とげ・こうぶつ結晶,おっとり,,
347,アノプス,anorith,いわ,むし,gray,armor,むかしエビポケモン,通常,いわ,むし,いわ・つち・こうぶつ,むし,,,ごつごつ・かたい,こうかく・つや甲羅,,,,ふつう・ナチュラル,,よろい・こうら,とげ・こうぶつ結晶,,ナチュラル,,
348,アーマルド,armaldo,いわ,むし,gray,upright,かっちゅうポケモン,通常,いわ,むし,いわ・つち・こうぶつ,むし,,,ごつごつ・かたい,こうかく・つや甲羅,,,,ふつう・ナチュラル,,ちょくりつのすがた,とげ・こうぶつ結晶,,ナチュラル,,
349,ヒンバス,feebas,みず,,brown,fish,さかなポケモン,通常,みず,,みず・うみ,,,,つるつる・なめらか,みずみずしい・うるおい,,,,ふつう・ナチュラル,,ひれ,みずのしぶき,,ナチュラル,,
350,ミロカロス,milotic,みず,,pink,squiggle,いつくしみポケモン,通常,みず,,みず・うみ,スライム・ぶよぶよ,,,つるつる・なめらか,ねばねば・ぷにぷに,みずみずしい・うるおい,,,にこにこ・あどけない,とぼけた・ユニーク,ほそながい,みずのしぶき,,かわいい,,
351,ポワルン,castform,ノーマル,,gray,ball,てんきポケモン,通常,ノーマル,,その他・不定形,,,,もこもこ・ふわふわ,,,,,にこにこ・あどけない,,まるいフォルム,,,かわいい,,
352,カクレオン,kecleon,ノーマル,,green,upright,いろへんげポケモン,通常,ノーマル,,その他・不定形,,,,標準・なめらか,,,,,ふつう・ナチュラル,,ちょくりつのすがた,,,おっとり,,
353,カゲボウズ,shuppet,ゴースト,,black,ball,にんぎょうポケモン,通常,ゴースト,,ゴースト・れいたい,,,,ねばねば・ぷにぷに,もや・はんとうめい,,,,にこにこ・あどけない,ものしずか・クール,まるいフォルム,もや・かげ,,かわいい,ミステリアス,
354,ジュペッタ,banette,ゴースト,,black,upright,ぬいぐるみポケモン,通常,ゴースト,,ゴースト・れいたい,,,,ねばねば・ぷにぷに,もや・はんとうめい,,,,ものしずか・クール,,ちょくりつのすがた,もや・かげ,,かっこいい,ミステリアス,
355,ヨマワル,duskull,ゴースト,,black,arms,おむかえポケモン,通常,ゴースト,,ゴースト・れいたい,,,,ねばねば・ぷにぷに,もや・はんとうめい,,,,ものしずか・クール,,たくましいうで,もや・かげ,,ミステリアス,,
356,サマヨール,dusclops,ゴースト,,black,humanoid,てまねきポケモン,通常,ゴースト,,ひとがた,ゴースト・れいたい,,,ねばねば・ぷにぷに,もや・はんとうめい,,,,ものしずか・クール,,てあし・とくちょうてきなかお,もや・かげ,,かっこいい,ミステリアス,
357,トロピウス,tropius,くさ,ひこう,green,quadruped,フルーツポケモン,通常,くさ,ひこう,しょくぶつ,,,,はっぱ・しょくぶつ質,,,,,おだやか・やさしい,,よつあしのすがた,つばさ・はね,はっぱ・はな,おっとり,,
358,チリーン,chimecho,エスパー,,blue,arms,ふうりんポケモン,通常,エスパー,,エスパー・ふしぎ,,,,標準・なめらか,,,,,ものしずか・クール,,たくましいうで,ほうせき・かがやき,,ミステリアス,,
359,アブソル,absol,あく,,white,quadruped,わざわいポケモン,通常,あく,,あく・やみ,,,,標準・なめらか,,,,,りりしい・するどい,,よつあしのすがた,もや・かげ,,かっこいい,ミステリアス,
360,ソーナノ,wynaut,エスパー,,blue,upright,ほがらかポケモン,通常,エスパー,,エスパー・ふしぎ,,,,標準・なめらか,,,,,ものしずか・クール,,ちょくりつのすがた,ほうせき・かがやき,,ミステリアス,,
361,ユキワラシ,snorunt,こおり,,gray,humanoid,ゆきかさポケモン,通常,こおり,,こおり・ゆき,ひとがた,,,つるつる・なめらか,こおり・つめたい,,,,ものしずか・クール,,てあし・とくちょうてきなかお,こおりのけっしょう,,ナチュラル,,
362,オニゴーリ,glalie,こおり,,gray,ball,がんめんポケモン,通常,こおり,,こおり・ゆき,,,,つるつる・なめらか,こおり・つめたい,,,,にこにこ・あどけない,ものしずか・クール,まるいフォルム,こおりのけっしょう,,かわいい,,
363,タマザラシ,spheal,こおり,みず,blue,fish,てたたきポケモン,通常,こおり,みず,みず・うみ,こおり・ゆき,,,つるつる・なめらか,みずみずしい・うるおい,こおり・つめたい,,,ものしずか・クール,,ひれ,みずのしぶき,こおりのけっしょう,ナチュラル,,
364,トドグラー,sealeo,こおり,みず,blue,fish,たままわしポケモン,通常,こおり,みず,みず・うみ,こおり・ゆき,,,つるつる・なめらか,みずみずしい・うるおい,こおり・つめたい,,,ものしずか・クール,,ひれ,みずのしぶき,こおりのけっしょう,ナチュラル,,
365,トドゼルガ,walrein,こおり,みず,blue,quadruped,こおりわりポケモン,通常,こおり,みず,みず・うみ,こおり・ゆき,,,つるつる・なめらか,みずみずしい・うるおい,こおり・つめたい,,,おだやか・やさしい,ものしずか・クール,よつあしのすがた,みずのしぶき,こおりのけっしょう,おっとり,,
366,パールル,clamperl,みず,,blue,ball,２まいがいポケモン,通常,みず,,みず・うみ,,,,つるつる・なめらか,みずみずしい・うるおい,,,,にこにこ・あどけない,ものしずか・クール,まるいフォルム,みずのしぶき,,かわいい,,
367,ハンテール,huntail,みず,,blue,squiggle,しんかいポケモン,通常,みず,,みず・うみ,スライム・ぶよぶよ,,,つるつる・なめらか,ねばねば・ぷにぷに,みずみずしい・うるおい,,,ものしずか・クール,とぼけた・ユニーク,ほそながい,みずのしぶき,,ナチュラル,,
368,サクラビス,gorebyss,みず,,pink,squiggle,なんかいポケモン,通常,みず,,みず・うみ,スライム・ぶよぶよ,,,つるつる・なめらか,ねばねば・ぷにぷに,みずみずしい・うるおい,,,にこにこ・あどけない,とぼけた・ユニーク,ほそながい,みずのしぶき,,かわいい,,
369,ジーランス,relicanth,みず,いわ,gray,fish,ちょうじゅポケモン,通常,みず,いわ,みず・うみ,いわ・つち・こうぶつ,,,つるつる・なめらか,ごつごつ・かたい,みずみずしい・うるおい,,,ふつう・ナチュラル,,ひれ,みずのしぶき,とげ・こうぶつ結晶,ナチュラル,,
370,ラブカス,luvdisc,みず,,pink,fish,ランデブーポケモン,通常,みず,,みず・うみ,,,,つるつる・なめらか,みずみずしい・うるおい,,,,にこにこ・あどけない,,ひれ,みずのしぶき,,かわいい,,
371,タツベイ,bagon,ドラゴン,,blue,humanoid,いしあたまポケモン,通常,ドラゴン,,いわ・つち・こうぶつ,は虫類・ドラゴン,ひとがた,,うろこ,,,,,りりしい・するどい,ものしずか・クール,てあし・とくちょうてきなかお,つの・うろこ模様,,かっこいい,,
372,コモルー,shelgon,ドラゴン,,white,quadruped,にんたいポケモン,通常,ドラゴン,,は虫類・ドラゴン,,,,うろこ,,,,,りりしい・するどい,,よつあしのすがた,つの・うろこ模様,,かっこいい,,
373,ボーマンダ,salamence,ドラゴン,ひこう,blue,quadruped,ドラゴンポケモン,通常,ドラゴン,ひこう,は虫類・ドラゴン,,,,うろこ,,,,,りりしい・するどい,ものしずか・クール,よつあしのすがた,つばさ・はね,つの・うろこ模様,かっこいい,,
374,ダンバル,beldum,はがね,エスパー,blue,blob,てっきゅうポケモン,通常,はがね,エスパー,きんぞく・メカ,エスパー・ふしぎ,スライム・ぶよぶよ,,きんぞく・メタリック,ねばねば・ぷにぷに,,,,ものしずか・クール,とぼけた・ユニーク,シンプル・そぼく,ほうせき・かがやき,とげ・こうぶつ結晶,かっこいい,ミステリアス,
375,メタング,metang,はがね,エスパー,blue,arms,てつツメポケモン,通常,はがね,エスパー,きんぞく・メカ,エスパー・ふしぎ,,,きんぞく・メタリック,,,,,ものしずか・クール,,たくましいうで,ほうせき・かがやき,とげ・こうぶつ結晶,かっこいい,ミステリアス,
376,メタグロス,metagross,はがね,エスパー,blue,heads,てつあしポケモン,通常,はがね,エスパー,きんぞく・メカ,エスパー・ふしぎ,,,きんぞく・メタリック,,,,,ものしずか・クール,,ふくすうのあたま,ほうせき・かがやき,とげ・こうぶつ結晶,かっこいい,ミステリアス,
377,レジロック,regirock,いわ,,brown,humanoid,いわやまポケモン,伝説,いわ,,いわ・つち・こうぶつ,ひとがた,,,ごつごつ・かたい,,,,,どうどう・威厳,,てあし・とくちょうてきなかお,とげ・こうぶつ結晶,,そうごん・でんせつ,,
378,レジアイス,regice,こおり,,blue,humanoid,ひょうざんポケモン,伝説,こおり,,こおり・ゆき,ひとがた,,,つるつる・なめらか,こおり・つめたい,,,,どうどう・威厳,ものしずか・クール,てあし・とくちょうてきなかお,こおりのけっしょう,,そうごん・でんせつ,,
379,レジスチル,registeel,はがね,,gray,humanoid,くろがねポケモン,伝説,はがね,,きんぞく・メカ,ひとがた,,,きんぞく・メタリック,,,,,どうどう・威厳,,てあし・とくちょうてきなかお,とげ・こうぶつ結晶,,そうごん・でんせつ,かっこいい,
380,ラティアス,latias,ドラゴン,エスパー,red,wings,むげんポケモン,伝説,ドラゴン,エスパー,は虫類・ドラゴン,エスパー・ふしぎ,,,うろこ,,,,,どうどう・威厳,りりしい・するどい,つばさ・はね,ほうせき・かがやき,つの・うろこ模様,そうごん・でんせつ,かっこいい,ミステリアス
381,ラティオス,latios,ドラゴン,エスパー,blue,wings,むげんポケモン,伝説,ドラゴン,エスパー,は虫類・ドラゴン,エスパー・ふしぎ,,,うろこ,,,,,どうどう・威厳,りりしい・するどい,つばさ・はね,ほうせき・かがやき,つの・うろこ模様,そうごん・でんせつ,かっこいい,ミステリアス
382,カイオーガ,kyogre,みず,,blue,fish,かいていポケモン,伝説,みず,,みず・うみ,,,,つるつる・なめらか,みずみずしい・うるおい,,,,どうどう・威厳,ものしずか・クール,ひれ,みずのしぶき,,そうごん・でんせつ,,
383,グラードン,groudon,じめん,,red,upright,たいりくポケモン,伝説,じめん,,いわ・つち・こうぶつ,,,,ごつごつ・かたい,,,,,どうどう・威厳,りりしい・するどい,ちょくりつのすがた,とげ・こうぶつ結晶,,そうごん・でんせつ,かっこいい,
384,レックウザ,rayquaza,ドラゴン,ひこう,green,squiggle,てんくうポケモン,伝説,ドラゴン,ひこう,は虫類・ドラゴン,スライム・ぶよぶよ,,,うろこ,ねばねば・ぷにぷに,,,,どうどう・威厳,りりしい・するどい,ほそながい,つばさ・はね,つの・うろこ模様,そうごん・でんせつ,かっこいい,おっとり
385,ジラーチ,jirachi,はがね,エスパー,yellow,humanoid,ねがいごとポケモン,幻,はがね,エスパー,きんぞく・メカ,ひとがた,エスパー・ふしぎ,,きんぞく・メタリック,もや・はんとうめい,,,,どうどう・威厳,にこにこ・あどけない,てあし・とくちょうてきなかお,ほうせき・かがやき,とげ・こうぶつ結晶,そうごん・でんせつ,かわいい,かっこいい
386,デオキシス,deoxys,エスパー,,red,humanoid,ＤＮＡポケモン,幻,エスパー,,ひとがた,エスパー・ふしぎ,,,もや・はんとうめい,,,,,どうどう・威厳,りりしい・するどい,てあし・とくちょうてきなかお,ほうせき・かがやき,,そうごん・でんせつ,かっこいい,ミステリアス
387,ナエトル,turtwig,くさ,,green,quadruped,わかばポケモン,通常,くさ,,しょくぶつ,,,,はっぱ・しょくぶつ質,,,,,おだやか・やさしい,,よつあしのすがた,はっぱ・はな,,おっとり,,
388,ハヤシガメ,grotle,くさ,,green,quadruped,こだちポケモン,通常,くさ,,しょくぶつ,,,,はっぱ・しょくぶつ質,,,,,おだやか・やさしい,,よつあしのすがた,はっぱ・はな,,おっとり,,
389,ドダイトス,torterra,くさ,じめん,green,quadruped,たいりくポケモン,通常,くさ,じめん,しょくぶつ,いわ・つち・こうぶつ,けもの・じゅう,,ごつごつ・かたい,はっぱ・しょくぶつ質,,,,おだやか・やさしい,,よつあしのすがた,はっぱ・はな,とげ・こうぶつ結晶,おっとり,,
390,ヒコザル,chimchar,ほのお,,brown,upright,こざるポケモン,通常,ほのお,,ほのお・マグマ,,,,ほのお・ねっき,,,,,ふつう・ナチュラル,,ちょくりつのすがた,ほのおのかざり,,ゆうかん,,
391,モウカザル,monferno,ほのお,かくとう,brown,upright,やんちゃポケモン,通常,ほのお,かくとう,ほのお・マグマ,ひとがた,,,ほのお・ねっき,,,,,りりしい・するどい,,ちょくりつのすがた,ほのおのかざり,,ゆうかん,,
392,ゴウカザル,infernape,ほのお,かくとう,brown,upright,かえんポケモン,通常,ほのお,かくとう,ほのお・マグマ,ひとがた,,,ほのお・ねっき,,,,,りりしい・するどい,,ちょくりつのすがた,ほのおのかざり,,ゆうかん,,
393,ポッチャマ,piplup,みず,,blue,humanoid,ペンギンポケモン,通常,みず,,みず・うみ,ひとがた,,,つるつる・なめらか,みずみずしい・うるおい,,,,ものしずか・クール,,てあし・とくちょうてきなかお,みずのしぶき,,ナチュラル,,
394,ポッタイシ,prinplup,みず,,blue,upright,ペンギンポケモン,通常,みず,,みず・うみ,,,,つるつる・なめらか,みずみずしい・うるおい,,,,ものしずか・クール,,ちょくりつのすがた,みずのしぶき,,ナチュラル,,
395,エンペルト,empoleon,みず,はがね,blue,upright,こうていポケモン,通常,みず,はがね,みず・うみ,きんぞく・メカ,,,つるつる・なめらか,きんぞく・メタリック,みずみずしい・うるおい,,,ものしずか・クール,,ちょくりつのすがた,みずのしぶき,とげ・こうぶつ結晶,かっこいい,,
396,ムックル,starly,ノーマル,ひこう,brown,wings,むくどりポケモン,通常,ノーマル,ひこう,とり・つばさ,,,,標準・なめらか,,,,,ふつう・ナチュラル,,つばさ・はね,,,ナチュラル,,
397,ムクバード,staravia,ノーマル,ひこう,brown,wings,むくどりポケモン,通常,ノーマル,ひこう,とり・つばさ,,,,標準・なめらか,,,,,ふつう・ナチュラル,,つばさ・はね,,,ナチュラル,,
398,ムクホーク,staraptor,ノーマル,ひこう,brown,wings,もうきんポケモン,通常,ノーマル,ひこう,とり・つばさ,,,,標準・なめらか,,,,,ふつう・ナチュラル,,つばさ・はね,,,ナチュラル,,
399,ビッパ,bidoof,ノーマル,,brown,quadruped,まるねずみポケモン,通常,ノーマル,,けもの・じゅう,,,,もこもこ・ふわふわ,,,,,おだやか・やさしい,,よつあしのすがた,,,おっとり,,
400,ビーダル,bibarel,ノーマル,みず,brown,upright,ビーバーポケモン,通常,ノーマル,みず,みず・うみ,,,,つるつる・なめらか,みずみずしい・うるおい,,,,ふつう・ナチュラル,,ちょくりつのすがた,みずのしぶき,,ナチュラル,,
401,コロボーシ,kricketot,むし,,red,humanoid,こおろぎポケモン,通常,むし,,むし,ひとがた,,,こうかく・つや甲羅,,,,,りりしい・するどい,,てあし・とくちょうてきなかお,,,かっこいい,,
402,コロトック,kricketune,むし,,red,bug-wings,こおろぎポケモン,通常,むし,,むし,,,,こうかく・つや甲羅,,,,,りりしい・するどい,,むしのはね,,,ナチュラル,,
403,コリンク,shinx,でんき,,blue,quadruped,せんこうポケモン,通常,でんき,,でんき,,,,おび電・スパーク,,,,,ものしずか・クール,,よつあしのすがた,でんきの模様・ギザギザ,,ナチュラル,,
404,ルクシオ,luxio,でんき,,blue,quadruped,でんこうポケモン,通常,でんき,,でんき,,,,おび電・スパーク,,,,,ものしずか・クール,,よつあしのすがた,でんきの模様・ギザギザ,,ナチュラル,,
405,レントラー,luxray,でんき,,blue,quadruped,がんこうポケモン,通常,でんき,,でんき,,,,おび電・スパーク,,,,,ものしずか・クール,,よつあしのすがた,でんきの模様・ギザギザ,,ナチュラル,,
406,スボミー,budew,くさ,どく,green,humanoid,つぼみポケモン,通常,くさ,どく,しょくぶつ,ひとがた,どく,,ねばねば・ぷにぷに,はっぱ・しょくぶつ質,,,,とぼけた・ユニーク,,てあし・とくちょうてきなかお,はっぱ・はな,とげ・ぶくぶく,おっとり,,
407,ロズレイド,roserade,くさ,どく,green,humanoid,ブーケポケモン,通常,くさ,どく,しょくぶつ,ひとがた,どく,,ねばねば・ぷにぷに,はっぱ・しょくぶつ質,,,,とぼけた・ユニーク,,てあし・とくちょうてきなかお,はっぱ・はな,とげ・ぶくぶく,おっとり,,
408,ズガイドス,cranidos,いわ,,blue,upright,ずつきポケモン,通常,いわ,,いわ・つち・こうぶつ,,,,ごつごつ・かたい,,,,,ものしずか・クール,,ちょくりつのすがた,とげ・こうぶつ結晶,,ナチュラル,,
409,ラムパルド,rampardos,いわ,,blue,upright,ずつきポケモン,通常,いわ,,いわ・つち・こうぶつ,,,,ごつごつ・かたい,,,,,ものしずか・クール,,ちょくりつのすがた,とげ・こうぶつ結晶,,ナチュラル,,
410,タテトプス,shieldon,いわ,はがね,gray,quadruped,シールドポケモン,通常,いわ,はがね,いわ・つち・こうぶつ,きんぞく・メカ,,,ごつごつ・かたい,きんぞく・メタリック,,,,ふつう・ナチュラル,,よつあしのすがた,とげ・こうぶつ結晶,,かっこいい,,
411,トリデプス,bastiodon,いわ,はがね,gray,quadruped,シールドポケモン,通常,いわ,はがね,いわ・つち・こうぶつ,きんぞく・メカ,,,ごつごつ・かたい,きんぞく・メタリック,,,,ふつう・ナチュラル,,よつあしのすがた,とげ・こうぶつ結晶,,かっこいい,,
412,ミノムッチ,burmy,むし,,green,blob,みのむしポケモン,通常,むし,,むし,スライム・ぶよぶよ,,,こうかく・つや甲羅,ねばねば・ぷにぷに,,,,とぼけた・ユニーク,,シンプル・そぼく,,,おっとり,,
413,ミノマダム,wormadam,むし,くさ,green,blob,みのむしポケモン,通常,むし,くさ,しょくぶつ,むし,スライム・ぶよぶよ,,こうかく・つや甲羅,ねばねば・ぷにぷに,はっぱ・しょくぶつ質,,,とぼけた・ユニーク,,シンプル・そぼく,はっぱ・はな,,おっとり,,
414,ガーメイル,mothim,むし,ひこう,yellow,bug-wings,ミノガポケモン,通常,むし,ひこう,むし,,,,こうかく・つや甲羅,,,,,にこにこ・あどけない,,むしのはね,つばさ・はね,,かわいい,,
415,ミツハニー,combee,むし,ひこう,yellow,heads,はちのこポケモン,通常,むし,ひこう,むし,,,,こうかく・つや甲羅,,,,,にこにこ・あどけない,,ふくすうのあたま,つばさ・はね,,かわいい,,
416,ビークイン,vespiquen,むし,ひこう,yellow,bug-wings,はちのすポケモン,通常,むし,ひこう,むし,,,,こうかく・つや甲羅,,,,,にこにこ・あどけない,,むしのはね,つばさ・はね,,かわいい,,
417,パチリス,pachirisu,でんき,,white,quadruped,でんきりすポケモン,通常,でんき,,でんき,,,,おび電・スパーク,,,,,ふつう・ナチュラル,,よつあしのすがた,でんきの模様・ギザギザ,,ナチュラル,,
418,ブイゼル,buizel,みず,,brown,quadruped,うみイタチポケモン,通常,みず,,みず・うみ,,,,つるつる・なめらか,みずみずしい・うるおい,,,,おだやか・やさしい,,よつあしのすがた,みずのしぶき,,おっとり,,
419,フローゼル,floatzel,みず,,brown,quadruped,うみイタチポケモン,通常,みず,,みず・うみ,,,,つるつる・なめらか,みずみずしい・うるおい,,,,おだやか・やさしい,,よつあしのすがた,みずのしぶき,,おっとり,,
420,チェリンボ,cherubi,くさ,,pink,heads,さくらんぼポケモン,通常,くさ,,しょくぶつ,,,,はっぱ・しょくぶつ質,,,,,にこにこ・あどけない,,ふくすうのあたま,はっぱ・はな,,かわいい,,
421,チェリム,cherrim,くさ,,purple,legs,サクラポケモン,通常,くさ,,しょくぶつ,,,,はっぱ・しょくぶつ質,,,,,おだやか・やさしい,ものしずか・クール,あし・つめ,はっぱ・はな,,ミステリアス,おっとり,
422,カラナクシ,shellos,みず,,purple,squiggle,ウミウシポケモン,通常,みず,,みず・うみ,スライム・ぶよぶよ,,,つるつる・なめらか,ねばねば・ぷにぷに,みずみずしい・うるおい,,,ものしずか・クール,とぼけた・ユニーク,ほそながい,みずのしぶき,,ミステリアス,,
423,トリトドン,gastrodon,みず,じめん,purple,squiggle,ウミウシポケモン,通常,みず,じめん,みず・うみ,いわ・つち・こうぶつ,スライム・ぶよぶよ,,つるつる・なめらか,ごつごつ・かたい,ねばねば・ぷにぷに,みずみずしい・うるおい,,ものしずか・クール,とぼけた・ユニーク,ほそながい,みずのしぶき,とげ・こうぶつ結晶,ミステリアス,,
424,エテボース,ambipom,ノーマル,,purple,upright,おながポケモン,通常,ノーマル,,その他・不定形,,,,標準・なめらか,,,,,ものしずか・クール,,ちょくりつのすがた,,,ミステリアス,,
425,フワンテ,drifloon,ゴースト,ひこう,purple,arms,ふうせんポケモン,通常,ゴースト,ひこう,ゴースト・れいたい,,,,ねばねば・ぷにぷに,もや・はんとうめい,,,,ものしずか・クール,,たくましいうで,つばさ・はね,もや・かげ,ミステリアス,,
426,フワライド,drifblim,ゴースト,ひこう,purple,arms,ききゅうポケモン,通常,ゴースト,ひこう,ゴースト・れいたい,,,,ねばねば・ぷにぷに,もや・はんとうめい,,,,ものしずか・クール,,たくましいうで,つばさ・はね,もや・かげ,ミステリアス,,
427,ミミロル,buneary,ノーマル,,brown,upright,うさぎポケモン,通常,ノーマル,,その他・不定形,,,,もこもこ・ふわふわ,,,,,ふつう・ナチュラル,,ちょくりつのすがた,,,ナチュラル,,
428,ミミロップ,lopunny,ノーマル,,brown,upright,うさぎポケモン,通常,ノーマル,,その他・不定形,,,,もこもこ・ふわふわ,,,,,ふつう・ナチュラル,,ちょくりつのすがた,,,ナチュラル,,
429,ムウマージ,mismagius,ゴースト,,purple,ball,マジカルポケモン,通常,ゴースト,,ゴースト・れいたい,,,,ねばねば・ぷにぷに,もや・はんとうめい,,,,にこにこ・あどけない,ものしずか・クール,まるいフォルム,もや・かげ,,かわいい,ミステリアス,
430,ドンカラス,honchkrow,あく,ひこう,black,wings,おおボスポケモン,通常,あく,ひこう,とり・つばさ,あく・やみ,,,標準・なめらか,,,,,りりしい・するどい,,つばさ・はね,もや・かげ,,かっこいい,ミステリアス,
431,ニャルマー,glameow,ノーマル,,gray,quadruped,ねこかぶりポケモン,通常,ノーマル,,けもの・じゅう,,,,もこもこ・ふわふわ,,,,,おだやか・やさしい,,よつあしのすがた,,,おっとり,,
432,ブニャット,purugly,ノーマル,,gray,quadruped,とらねこポケモン,通常,ノーマル,,けもの・じゅう,,,,もこもこ・ふわふわ,,,,,おだやか・やさしい,,よつあしのすがた,,,おっとり,,
433,リーシャン,chingling,エスパー,,yellow,humanoid,すずポケモン,通常,エスパー,,ひとがた,エスパー・ふしぎ,,,標準・なめらか,,,,,にこにこ・あどけない,ものしずか・クール,てあし・とくちょうてきなかお,ほうせき・かがやき,,かわいい,ミステリアス,
434,スカンプー,stunky,どく,あく,purple,quadruped,スカンクポケモン,通常,どく,あく,どく,あく・やみ,,,ねばねば・ぷにぷに,,,,,りりしい・するどい,ものしずか・クール,よつあしのすがた,もや・かげ,とげ・ぶくぶく,かっこいい,ミステリアス,
435,スカタンク,skuntank,どく,あく,purple,quadruped,スカンクポケモン,通常,どく,あく,どく,あく・やみ,,,ねばねば・ぷにぷに,,,,,りりしい・するどい,ものしずか・クール,よつあしのすがた,もや・かげ,とげ・ぶくぶく,かっこいい,ミステリアス,
436,ドーミラー,bronzor,はがね,エスパー,green,ball,せいどうポケモン,通常,はがね,エスパー,きんぞく・メカ,エスパー・ふしぎ,,,きんぞく・メタリック,,,,,にこにこ・あどけない,ものしずか・クール,まるいフォルム,ほうせき・かがやき,とげ・こうぶつ結晶,かわいい,かっこいい,ミステリアス
437,ドータクン,bronzong,はがね,エスパー,green,arms,どうたくポケモン,通常,はがね,エスパー,きんぞく・メカ,エスパー・ふしぎ,,,きんぞく・メタリック,,,,,ものしずか・クール,,たくましいうで,ほうせき・かがやき,とげ・こうぶつ結晶,かっこいい,ミステリアス,おっとり
438,ウソハチ,bonsly,いわ,,brown,legs,ぼんさいポケモン,通常,いわ,,いわ・つち・こうぶつ,,,,ごつごつ・かたい,,,,,ふつう・ナチュラル,,あし・つめ,とげ・こうぶつ結晶,,ナチュラル,,
439,マネネ,mime-jr,エスパー,フェアリー,pink,humanoid,マイムポケモン,通常,エスパー,フェアリー,ひとがた,エスパー・ふしぎ,フェアリー・せいれい,,標準・なめらか,,,,,にこにこ・あどけない,ものしずか・クール,てあし・とくちょうてきなかお,ほうせき・かがやき,,かわいい,ミステリアス,
440,ピンプク,happiny,ノーマル,,pink,humanoid,ままごとポケモン,通常,ノーマル,,ひとがた,,,,標準・なめらか,,,,,にこにこ・あどけない,,てあし・とくちょうてきなかお,,,かわいい,,
441,ペラップ,chatot,ノーマル,ひこう,black,wings,おんぷポケモン,通常,ノーマル,ひこう,とり・つばさ,,,,標準・なめらか,,,,,ふつう・ナチュラル,,つばさ・はね,,,ナチュラル,,
442,ミカルゲ,spiritomb,ゴースト,あく,purple,blob,ふういんポケモン,通常,ゴースト,あく,ゴースト・れいたい,あく・やみ,スライム・ぶよぶよ,,ねばねば・ぷにぷに,もや・はんとうめい,,,,りりしい・するどい,ものしずか・クール,シンプル・そぼく,もや・かげ,,かっこいい,ミステリアス,
443,フカマル,gible,ドラゴン,じめん,blue,upright,りくザメポケモン,通常,ドラゴン,じめん,いわ・つち・こうぶつ,は虫類・ドラゴン,,,ごつごつ・かたい,うろこ,,,,りりしい・するどい,ものしずか・クール,ちょくりつのすがた,とげ・こうぶつ結晶,つの・うろこ模様,かっこいい,,
444,ガバイト,gabite,ドラゴン,じめん,blue,upright,ほらあなポケモン,通常,ドラゴン,じめん,いわ・つち・こうぶつ,は虫類・ドラゴン,,,ごつごつ・かたい,うろこ,,,,りりしい・するどい,ものしずか・クール,ちょくりつのすがた,とげ・こうぶつ結晶,つの・うろこ模様,かっこいい,,
445,ガブリアス,garchomp,ドラゴン,じめん,blue,upright,マッハポケモン,通常,ドラゴン,じめん,いわ・つち・こうぶつ,は虫類・ドラゴン,,,ごつごつ・かたい,うろこ,,,,りりしい・するどい,ものしずか・クール,ちょくりつのすがた,とげ・こうぶつ結晶,つの・うろこ模様,かっこいい,,
446,ゴンベ,munchlax,ノーマル,,black,humanoid,おおぐいポケモン,通常,ノーマル,,ひとがた,,,,標準・なめらか,,,,,ふつう・ナチュラル,,てあし・とくちょうてきなかお,,,かっこいい,,
447,リオル,riolu,かくとう,,blue,upright,はもんポケモン,通常,かくとう,,ひとがた,,,,標準・なめらか,,,,,りりしい・するどい,ものしずか・クール,ちょくりつのすがた,,,ゆうかん,,
448,ルカリオ,lucario,かくとう,はがね,blue,upright,はどうポケモン,通常,かくとう,はがね,きんぞく・メカ,ひとがた,,,きんぞく・メタリック,,,,,りりしい・するどい,ものしずか・クール,ちょくりつのすがた,とげ・こうぶつ結晶,,かっこいい,ゆうかん,
449,ヒポポタス,hippopotas,じめん,,brown,quadruped,カバポケモン,通常,じめん,,いわ・つち・こうぶつ,けもの・じゅう,,,ごつごつ・かたい,,,,,ふつう・ナチュラル,,よつあしのすがた,とげ・こうぶつ結晶,,ナチュラル,,
450,カバルドン,hippowdon,じめん,,brown,quadruped,じゅうりょうポケモン,通常,じめん,,いわ・つち・こうぶつ,けもの・じゅう,,,ごつごつ・かたい,,,,,ふつう・ナチュラル,,よつあしのすがた,とげ・こうぶつ結晶,,ナチュラル,,
451,スコルピ,skorupi,どく,むし,purple,armor,さそりポケモン,通常,どく,むし,むし,どく,,,ごつごつ・かたい,こうかく・つや甲羅,ねばねば・ぷにぷに,,,ものしずか・クール,とぼけた・ユニーク,よろい・こうら,とげ・ぶくぶく,,ミステリアス,,
452,ドラピオン,drapion,どく,あく,purple,armor,ばけさそりポケモン,通常,どく,あく,どく,あく・やみ,,,ごつごつ・かたい,こうかく・つや甲羅,ねばねば・ぷにぷに,,,りりしい・するどい,ものしずか・クール,よろい・こうら,もや・かげ,とげ・ぶくぶく,かっこいい,ミステリアス,
453,グレッグル,croagunk,どく,かくとう,blue,humanoid,どくづきポケモン,通常,どく,かくとう,ひとがた,どく,,,ねばねば・ぷにぷに,,,,,りりしい・するどい,ものしずか・クール,てあし・とくちょうてきなかお,とげ・ぶくぶく,,ゆうかん,,
454,ドクロッグ,toxicroak,どく,かくとう,blue,humanoid,どくづきポケモン,通常,どく,かくとう,ひとがた,どく,,,ねばねば・ぷにぷに,,,,,りりしい・するどい,ものしずか・クール,てあし・とくちょうてきなかお,とげ・ぶくぶく,,ゆうかん,,
455,マスキッパ,carnivine,くさ,,green,tentacles,むしとりポケモン,通常,くさ,,しょくぶつ,とり・つばさ,スライム・ぶよぶよ,,はっぱ・しょくぶつ質,,,,,とぼけた・ユニーク,,しょくしゅ・ひげ,はっぱ・はな,,おっとり,,
456,ケイコウオ,finneon,みず,,blue,fish,はねうおポケモン,通常,みず,,みず・うみ,,,,つるつる・なめらか,みずみずしい・うるおい,,,,ものしずか・クール,,ひれ,みずのしぶき,,ナチュラル,,
457,ネオラント,lumineon,みず,,blue,fish,ネオンポケモン,通常,みず,,みず・うみ,,,,つるつる・なめらか,みずみずしい・うるおい,,,,ものしずか・クール,,ひれ,みずのしぶき,,ナチュラル,,
458,タマンタ,mantyke,みず,ひこう,blue,wings,カイトポケモン,通常,みず,ひこう,みず・うみ,とり・つばさ,,,つるつる・なめらか,みずみずしい・うるおい,,,,ものしずか・クール,,つばさ・はね,みずのしぶき,,ナチュラル,,
459,ユキカブリ,snover,くさ,こおり,white,upright,じゅひょうポケモン,通常,くさ,こおり,しょくぶつ,こおり・ゆき,,,つるつる・なめらか,こおり・つめたい,はっぱ・しょくぶつ質,,,ものしずか・クール,,ちょくりつのすがた,はっぱ・はな,こおりのけっしょう,ナチュラル,,
460,ユキノオー,abomasnow,くさ,こおり,white,upright,じゅひょうポケモン,通常,くさ,こおり,しょくぶつ,こおり・ゆき,,,つるつる・なめらか,こおり・つめたい,はっぱ・しょくぶつ質,,,ものしずか・クール,,ちょくりつのすがた,はっぱ・はな,こおりのけっしょう,ナチュラル,,
461,マニューラ,weavile,あく,こおり,black,upright,かぎづめポケモン,通常,あく,こおり,こおり・ゆき,あく・やみ,,,つるつる・なめらか,こおり・つめたい,,,,りりしい・するどい,ものしずか・クール,ちょくりつのすがた,こおりのけっしょう,もや・かげ,かっこいい,ミステリアス,
462,ジバコイル,magnezone,でんき,はがね,gray,arms,じばポケモン,通常,でんき,はがね,でんき,きんぞく・メカ,,,きんぞく・メタリック,おび電・スパーク,,,,ふつう・ナチュラル,,たくましいうで,でんきの模様・ギザギザ,とげ・こうぶつ結晶,かっこいい,,
463,ベロベルト,lickilicky,ノーマル,,pink,humanoid,なめまわしポケモン,通常,ノーマル,,ひとがた,,,,標準・なめらか,,,,,にこにこ・あどけない,,てあし・とくちょうてきなかお,,,かわいい,,
464,ドサイドン,rhyperior,じめん,いわ,gray,upright,ドリルポケモン,通常,じめん,いわ,いわ・つち・こうぶつ,,,,ごつごつ・かたい,,,,,ふつう・ナチュラル,,ちょくりつのすがた,とげ・こうぶつ結晶,,ナチュラル,,
465,モジャンボ,tangrowth,くさ,,blue,humanoid,ツルじょうポケモン,通常,くさ,,しょくぶつ,ひとがた,,,はっぱ・しょくぶつ質,,,,,ものしずか・クール,,てあし・とくちょうてきなかお,はっぱ・はな,,ナチュラル,,
466,エレキブル,electivire,でんき,,yellow,upright,らいでんポケモン,通常,でんき,,でんき,,,,おび電・スパーク,,,,,にこにこ・あどけない,,ちょくりつのすがた,でんきの模様・ギザギザ,,かわいい,,
467,ブーバーン,magmortar,ほのお,,red,upright,ばくえんポケモン,通常,ほのお,,ほのお・マグマ,,,,ほのお・ねっき,,,,,りりしい・するどい,,ちょくりつのすがた,ほのおのかざり,,かっこいい,ゆうかん,
468,トゲキッス,togekiss,フェアリー,ひこう,white,wings,しゅくふくポケモン,通常,フェアリー,ひこう,とり・つばさ,フェアリー・せいれい,,,標準・なめらか,,,,,にこにこ・あどけない,,つばさ・はね,ほうせき・かがやき,,かわいい,,
469,メガヤンマ,yanmega,むし,ひこう,green,bug-wings,オニトンボポケモン,通常,むし,ひこう,むし,,,,こうかく・つや甲羅,,,,,ふつう・ナチュラル,,むしのはね,つばさ・はね,,おっとり,,
470,リーフィア,leafeon,くさ,,green,quadruped,しんりょくポケモン,通常,くさ,,しょくぶつ,,,,はっぱ・しょくぶつ質,,,,,おだやか・やさしい,,よつあしのすがた,はっぱ・はな,,おっとり,,
471,グレイシア,glaceon,こおり,,blue,quadruped,しんせつポケモン,通常,こおり,,こおり・ゆき,,,,つるつる・なめらか,こおり・つめたい,,,,ものしずか・クール,,よつあしのすがた,こおりのけっしょう,,ナチュラル,,
472,グライオン,gliscor,じめん,ひこう,purple,wings,キバさそりポケモン,通常,じめん,ひこう,いわ・つち・こうぶつ,とり・つばさ,,,ごつごつ・かたい,,,,,ものしずか・クール,,つばさ・はね,とげ・こうぶつ結晶,,ミステリアス,,
473,マンムー,mamoswine,こおり,じめん,brown,quadruped,２ほんキバポケモン,通常,こおり,じめん,こおり・ゆき,いわ・つち・こうぶつ,けもの・じゅう,,つるつる・なめらか,ごつごつ・かたい,こおり・つめたい,,,ものしずか・クール,,よつあしのすがた,こおりのけっしょう,とげ・こうぶつ結晶,ナチュラル,,
474,ポリゴンＺ,porygon-z,ノーマル,,red,arms,バーチャルポケモン,通常,ノーマル,,その他・不定形,,,,標準・なめらか,,,,,りりしい・するどい,,たくましいうで,,,ナチュラル,,
475,エルレイド,gallade,エスパー,かくとう,white,humanoid,やいばポケモン,通常,エスパー,かくとう,ひとがた,エスパー・ふしぎ,,,標準・なめらか,,,,,りりしい・するどい,ものしずか・クール,てあし・とくちょうてきなかお,ほうせき・かがやき,,ゆうかん,ミステリアス,
476,ダイノーズ,probopass,いわ,はがね,gray,heads,コンパスポケモン,通常,いわ,はがね,いわ・つち・こうぶつ,きんぞく・メカ,,,ごつごつ・かたい,きんぞく・メタリック,,,,ふつう・ナチュラル,,ふくすうのあたま,とげ・こうぶつ結晶,,かっこいい,,
477,ヨノワール,dusknoir,ゴースト,,black,arms,てづかみポケモン,通常,ゴースト,,ゴースト・れいたい,,,,ねばねば・ぷにぷに,もや・はんとうめい,,,,ものしずか・クール,,たくましいうで,もや・かげ,,ミステリアス,,
478,ユキメノコ,froslass,こおり,ゴースト,white,arms,ゆきぐにポケモン,通常,こおり,ゴースト,こおり・ゆき,ゴースト・れいたい,,,つるつる・なめらか,ねばねば・ぷにぷに,こおり・つめたい,もや・はんとうめい,,ものしずか・クール,,たくましいうで,こおりのけっしょう,もや・かげ,ミステリアス,,
479,ロトム,rotom,でんき,ゴースト,red,ball,プラズマポケモン,通常,でんき,ゴースト,でんき,ゴースト・れいたい,,,ねばねば・ぷにぷに,おび電・スパーク,もや・はんとうめい,,,りりしい・するどい,にこにこ・あどけない,まるいフォルム,でんきの模様・ギザギザ,もや・かげ,かわいい,ミステリアス,
480,ユクシー,uxie,エスパー,,yellow,upright,ちしきポケモン,伝説,エスパー,,エスパー・ふしぎ,,,,標準・なめらか,,,,,どうどう・威厳,にこにこ・あどけない,ちょくりつのすがた,ほうせき・かがやき,,そうごん・でんせつ,かわいい,ミステリアス
481,エムリット,mesprit,エスパー,,pink,upright,かんじょうポケモン,伝説,エスパー,,エスパー・ふしぎ,,,,標準・なめらか,,,,,どうどう・威厳,にこにこ・あどけない,ちょくりつのすがた,ほうせき・かがやき,,そうごん・でんせつ,かわいい,ミステリアス
482,アグノム,azelf,エスパー,,blue,upright,いしポケモン,伝説,エスパー,,いわ・つち・こうぶつ,エスパー・ふしぎ,,,標準・なめらか,,,,,どうどう・威厳,ものしずか・クール,ちょくりつのすがた,ほうせき・かがやき,,そうごん・でんせつ,ミステリアス,
483,ディアルガ,dialga,はがね,ドラゴン,white,quadruped,じかんポケモン,伝説,はがね,ドラゴン,きんぞく・メカ,は虫類・ドラゴン,,,きんぞく・メタリック,うろこ,,,,どうどう・威厳,りりしい・するどい,よつあしのすがた,とげ・こうぶつ結晶,つの・うろこ模様,そうごん・でんせつ,かっこいい,
484,パルキア,palkia,みず,ドラゴン,purple,upright,くうかんポケモン,伝説,みず,ドラゴン,みず・うみ,は虫類・ドラゴン,,,つるつる・なめらか,うろこ,みずみずしい・うるおい,,,どうどう・威厳,りりしい・するどい,ちょくりつのすがた,みずのしぶき,つの・うろこ模様,そうごん・でんせつ,かっこいい,ミステリアス
485,ヒードラン,heatran,ほのお,はがね,brown,quadruped,かこうポケモン,伝説,ほのお,はがね,ほのお・マグマ,きんぞく・メカ,,,きんぞく・メタリック,ほのお・ねっき,,,,どうどう・威厳,,よつあしのすがた,ほのおのかざり,とげ・こうぶつ結晶,そうごん・でんせつ,かっこいい,
486,レジギガス,regigigas,ノーマル,,white,humanoid,きょだいポケモン,伝説,ノーマル,,ひとがた,,,,標準・なめらか,,,,,どうどう・威厳,,てあし・とくちょうてきなかお,,,そうごん・でんせつ,,
487,ギラティナ,giratina,ゴースト,ドラゴン,black,tentacles,はんこつポケモン,伝説,ゴースト,ドラゴン,は虫類・ドラゴン,ゴースト・れいたい,スライム・ぶよぶよ,,うろこ,ねばねば・ぷにぷに,もや・はんとうめい,,,どうどう・威厳,りりしい・するどい,しょくしゅ・ひげ,もや・かげ,つの・うろこ模様,そうごん・でんせつ,かっこいい,ミステリアス
488,クレセリア,cresselia,エスパー,,yellow,squiggle,みかづきポケモン,伝説,エスパー,,エスパー・ふしぎ,スライム・ぶよぶよ,,,ねばねば・ぷにぷに,,,,,どうどう・威厳,にこにこ・あどけない,ほそながい,ほうせき・かがやき,,そうごん・でんせつ,かわいい,ミステリアス
489,フィオネ,phione,みず,,blue,arms,かいようポケモン,幻,みず,,みず・うみ,,,,つるつる・なめらか,みずみずしい・うるおい,もや・はんとうめい,,,どうどう・威厳,ものしずか・クール,たくましいうで,みずのしぶき,,そうごん・でんせつ,,
490,マナフィ,manaphy,みず,,blue,humanoid,かいゆうポケモン,幻,みず,,みず・うみ,ひとがた,,,つるつる・なめらか,みずみずしい・うるおい,もや・はんとうめい,,,どうどう・威厳,ものしずか・クール,てあし・とくちょうてきなかお,みずのしぶき,,そうごん・でんせつ,,
491,ダークライ,darkrai,あく,,black,humanoid,あんこくポケモン,幻,あく,,ひとがた,あく・やみ,,,もや・はんとうめい,,,,,どうどう・威厳,りりしい・するどい,てあし・とくちょうてきなかお,もや・かげ,,そうごん・でんせつ,かっこいい,ミステリアス
492,シェイミ,shaymin,くさ,,green,quadruped,かんしゃポケモン,幻,くさ,,しょくぶつ,,,,はっぱ・しょくぶつ質,もや・はんとうめい,,,,どうどう・威厳,おだやか・やさしい,よつあしのすがた,はっぱ・はな,,そうごん・でんせつ,おっとり,
493,アルセウス,arceus,ノーマル,,white,quadruped,そうぞうポケモン,幻,ノーマル,,けもの・じゅう,,,,もこもこ・ふわふわ,もや・はんとうめい,,,,どうどう・威厳,おだやか・やさしい,よつあしのすがた,,,そうごん・でんせつ,おっとり,
494,ビクティニ,victini,エスパー,ほのお,yellow,humanoid,しょうりポケモン,幻,エスパー,ほのお,ほのお・マグマ,ひとがた,エスパー・ふしぎ,,ほのお・ねっき,もや・はんとうめい,,,,どうどう・威厳,にこにこ・あどけない,てあし・とくちょうてきなかお,ほのおのかざり,ほうせき・かがやき,そうごん・でんせつ,かわいい,ゆうかん
495,ツタージャ,snivy,くさ,,green,upright,くさへびポケモン,通常,くさ,,しょくぶつ,は虫類・ドラゴン,,,うろこ,はっぱ・しょくぶつ質,,,,ふつう・ナチュラル,,ちょくりつのすがた,はっぱ・はな,,おっとり,,
496,ジャノビー,servine,くさ,,green,upright,くさへびポケモン,通常,くさ,,しょくぶつ,は虫類・ドラゴン,,,うろこ,はっぱ・しょくぶつ質,,,,ふつう・ナチュラル,,ちょくりつのすがた,はっぱ・はな,,おっとり,,
497,ジャローダ,serperior,くさ,,green,squiggle,ロイヤルポケモン,通常,くさ,,しょくぶつ,スライム・ぶよぶよ,,,ねばねば・ぷにぷに,はっぱ・しょくぶつ質,,,,とぼけた・ユニーク,,ほそながい,はっぱ・はな,,おっとり,,
498,ポカブ,tepig,ほのお,,red,quadruped,ひぶたポケモン,通常,ほのお,,ほのお・マグマ,,,,ほのお・ねっき,,,,,りりしい・するどい,,よつあしのすがた,ほのおのかざり,,ナチュラル,,
499,チャオブー,pignite,ほのお,かくとう,red,upright,ひぶたポケモン,通常,ほのお,かくとう,ほのお・マグマ,ひとがた,,,ほのお・ねっき,,,,,りりしい・するどい,,ちょくりつのすがた,ほのおのかざり,,かっこいい,ゆうかん,
500,エンブオー,emboar,ほのお,かくとう,red,upright,おおひぶたポケモン,通常,ほのお,かくとう,ほのお・マグマ,ひとがた,,,ほのお・ねっき,,,,,りりしい・するどい,,ちょくりつのすがた,ほのおのかざり,,かっこいい,ゆうかん,
501,ミジュマル,oshawott,みず,,blue,upright,ラッコポケモン,通常,みず,,みず・うみ,,,,つるつる・なめらか,みずみずしい・うるおい,,,,ものしずか・クール,,ちょくりつのすがた,みずのしぶき,,ナチュラル,,
502,フタチマル,dewott,みず,,blue,upright,しゅぎょうポケモン,通常,みず,,みず・うみ,,,,つるつる・なめらか,みずみずしい・うるおい,,,,ものしずか・クール,,ちょくりつのすがた,みずのしぶき,,ナチュラル,,
503,ダイケンキ,samurott,みず,,blue,quadruped,かんろくポケモン,通常,みず,,みず・うみ,,,,つるつる・なめらか,みずみずしい・うるおい,,,,おだやか・やさしい,ものしずか・クール,よつあしのすがた,みずのしぶき,,おっとり,,
504,ミネズミ,patrat,ノーマル,,brown,quadruped,みはりポケモン,通常,ノーマル,,けもの・じゅう,,,,もこもこ・ふわふわ,,,,,おだやか・やさしい,,よつあしのすがた,,,おっとり,,
505,ミルホッグ,watchog,ノーマル,,brown,upright,けいかいポケモン,通常,ノーマル,,みず・うみ,,,,標準・なめらか,,,,,ふつう・ナチュラル,,ちょくりつのすがた,,,ナチュラル,,
506,ヨーテリー,lillipup,ノーマル,,brown,quadruped,こいぬポケモン,通常,ノーマル,,けもの・じゅう,,,,もこもこ・ふわふわ,,,,,おだやか・やさしい,,よつあしのすがた,,,おっとり,,
507,ハーデリア,herdier,ノーマル,,gray,quadruped,ちゅうけんポケモン,通常,ノーマル,,けもの・じゅう,,,,もこもこ・ふわふわ,,,,,おだやか・やさしい,,よつあしのすがた,,,おっとり,,
508,ムーランド,stoutland,ノーマル,,gray,quadruped,かんだいポケモン,通常,ノーマル,,けもの・じゅう,,,,もこもこ・ふわふわ,,,,,おだやか・やさしい,,よつあしのすがた,,,おっとり,,
509,チョロネコ,purrloin,あく,,purple,quadruped,しょうわるポケモン,通常,あく,,あく・やみ,,,,標準・なめらか,,,,,りりしい・するどい,ものしずか・クール,よつあしのすがた,もや・かげ,,かっこいい,ミステリアス,
510,レパルダス,liepard,あく,,purple,quadruped,れいこくポケモン,通常,あく,,あく・やみ,,,,標準・なめらか,,,,,りりしい・するどい,ものしずか・クール,よつあしのすがた,もや・かげ,,かっこいい,ミステリアス,
511,ヤナップ,pansage,くさ,,green,upright,くさざるポケモン,通常,くさ,,しょくぶつ,,,,はっぱ・しょくぶつ質,,,,,ふつう・ナチュラル,,ちょくりつのすがた,はっぱ・はな,,おっとり,,
512,ヤナッキー,simisage,くさ,,green,upright,とげざるポケモン,通常,くさ,,しょくぶつ,,,,はっぱ・しょくぶつ質,,,,,ふつう・ナチュラル,,ちょくりつのすがた,はっぱ・はな,,おっとり,,
513,バオップ,pansear,ほのお,,red,upright,こうおんポケモン,通常,ほのお,,ほのお・マグマ,みず・うみ,,,ほのお・ねっき,,,,,りりしい・するどい,,ちょくりつのすがた,ほのおのかざり,,かっこいい,ゆうかん,
514,バオッキー,simisear,ほのお,,red,upright,ひのこポケモン,通常,ほのお,,ほのお・マグマ,,,,ほのお・ねっき,,,,,りりしい・するどい,,ちょくりつのすがた,ほのおのかざり,,かっこいい,ゆうかん,
515,ヒヤップ,panpour,みず,,blue,upright,みずかけポケモン,通常,みず,,みず・うみ,,,,つるつる・なめらか,みずみずしい・うるおい,,,,ものしずか・クール,,ちょくりつのすがた,みずのしぶき,,ナチュラル,,
516,ヒヤッキー,simipour,みず,,blue,upright,ほうすいポケモン,通常,みず,,みず・うみ,,,,つるつる・なめらか,みずみずしい・うるおい,,,,ものしずか・クール,,ちょくりつのすがた,みずのしぶき,,ナチュラル,,
517,ムンナ,munna,エスパー,,pink,quadruped,ゆめくいポケモン,通常,エスパー,,エスパー・ふしぎ,,,,標準・なめらか,,,,,にこにこ・あどけない,ものしずか・クール,よつあしのすがた,ほうせき・かがやき,,かわいい,ミステリアス,
518,ムシャーナ,musharna,エスパー,,pink,humanoid,ゆめうつつポケモン,通常,エスパー,,ひとがた,エスパー・ふしぎ,,,標準・なめらか,,,,,にこにこ・あどけない,ものしずか・クール,てあし・とくちょうてきなかお,ほうせき・かがやき,,かわいい,ミステリアス,
519,マメパト,pidove,ノーマル,ひこう,gray,wings,こばとポケモン,通常,ノーマル,ひこう,とり・つばさ,,,,標準・なめらか,,,,,ふつう・ナチュラル,,つばさ・はね,,,ナチュラル,,
520,ハトーボー,tranquill,ノーマル,ひこう,gray,wings,のばとポケモン,通常,ノーマル,ひこう,とり・つばさ,,,,標準・なめらか,,,,,ふつう・ナチュラル,,つばさ・はね,,,ナチュラル,,
521,ケンホロウ,unfezant,ノーマル,ひこう,gray,wings,プライドポケモン,通常,ノーマル,ひこう,とり・つばさ,,,,標準・なめらか,,,,,ふつう・ナチュラル,,つばさ・はね,,,ナチュラル,,
522,シママ,blitzle,でんき,,black,quadruped,たいでんポケモン,通常,でんき,,でんき,,,,おび電・スパーク,,,,,ふつう・ナチュラル,,よつあしのすがた,でんきの模様・ギザギザ,,ナチュラル,,
523,ゼブライカ,zebstrika,でんき,,black,quadruped,らいでんポケモン,通常,でんき,,でんき,,,,おび電・スパーク,,,,,ふつう・ナチュラル,,よつあしのすがた,でんきの模様・ギザギザ,,ナチュラル,,
524,ダンゴロ,roggenrola,いわ,,blue,legs,マントルポケモン,通常,いわ,,いわ・つち・こうぶつ,,,,ごつごつ・かたい,,,,,ものしずか・クール,,あし・つめ,とげ・こうぶつ結晶,,ナチュラル,,
525,ガントル,boldore,いわ,,blue,tentacles,こうせきポケモン,通常,いわ,,いわ・つち・こうぶつ,スライム・ぶよぶよ,,,ごつごつ・かたい,,,,,ものしずか・クール,とぼけた・ユニーク,しょくしゅ・ひげ,とげ・こうぶつ結晶,,ナチュラル,,
526,ギガイアス,gigalith,いわ,,blue,tentacles,こうあつポケモン,通常,いわ,,いわ・つち・こうぶつ,スライム・ぶよぶよ,,,ごつごつ・かたい,,,,,ものしずか・クール,とぼけた・ユニーク,しょくしゅ・ひげ,とげ・こうぶつ結晶,,ナチュラル,,
527,コロモリ,woobat,エスパー,ひこう,blue,wings,こうもりポケモン,通常,エスパー,ひこう,とり・つばさ,エスパー・ふしぎ,,,標準・なめらか,,,,,ものしずか・クール,,つばさ・はね,ほうせき・かがやき,,ミステリアス,,
528,ココロモリ,swoobat,エスパー,ひこう,blue,wings,きゅうあいポケモン,通常,エスパー,ひこう,とり・つばさ,エスパー・ふしぎ,,,標準・なめらか,,,,,ものしずか・クール,,つばさ・はね,ほうせき・かがやき,,ミステリアス,,
529,モグリュー,drilbur,じめん,,gray,upright,もぐらポケモン,通常,じめん,,いわ・つち・こうぶつ,,,,ごつごつ・かたい,,,,,ふつう・ナチュラル,,ちょくりつのすがた,とげ・こうぶつ結晶,,ナチュラル,,
530,ドリュウズ,excadrill,じめん,はがね,gray,humanoid,ちていポケモン,通常,じめん,はがね,いわ・つち・こうぶつ,きんぞく・メカ,ひとがた,,ごつごつ・かたい,きんぞく・メタリック,,,,ふつう・ナチュラル,,てあし・とくちょうてきなかお,とげ・こうぶつ結晶,,かっこいい,,
531,タブンネ,audino,ノーマル,,pink,upright,ヒヤリングポケモン,通常,ノーマル,,その他・不定形,,,,標準・なめらか,,,,,にこにこ・あどけない,,ちょくりつのすがた,,,かわいい,,
532,ドッコラー,timburr,かくとう,,gray,humanoid,きんこつポケモン,通常,かくとう,,ひとがた,,,,標準・なめらか,,,,,りりしい・するどい,,てあし・とくちょうてきなかお,,,ゆうかん,,
533,ドテッコツ,gurdurr,かくとう,,gray,humanoid,きんこつポケモン,通常,かくとう,,ひとがた,,,,標準・なめらか,,,,,りりしい・するどい,,てあし・とくちょうてきなかお,,,ゆうかん,,
534,ローブシン,conkeldurr,かくとう,,brown,humanoid,きんこつポケモン,通常,かくとう,,ひとがた,,,,標準・なめらか,,,,,りりしい・するどい,,てあし・とくちょうてきなかお,,,ゆうかん,,
535,オタマロ,tympole,みず,,blue,fish,おたまポケモン,通常,みず,,みず・うみ,,,,つるつる・なめらか,みずみずしい・うるおい,,,,ものしずか・クール,,ひれ,みずのしぶき,,ナチュラル,,
536,ガマガル,palpitoad,みず,じめん,blue,upright,しんどうポケモン,通常,みず,じめん,みず・うみ,いわ・つち・こうぶつ,,,つるつる・なめらか,ごつごつ・かたい,みずみずしい・うるおい,,,ものしずか・クール,,ちょくりつのすがた,みずのしぶき,とげ・こうぶつ結晶,ナチュラル,,
537,ガマゲロゲ,seismitoad,みず,じめん,blue,humanoid,しんどうポケモン,通常,みず,じめん,みず・うみ,いわ・つち・こうぶつ,ひとがた,,つるつる・なめらか,ごつごつ・かたい,みずみずしい・うるおい,,,ものしずか・クール,,てあし・とくちょうてきなかお,みずのしぶき,とげ・こうぶつ結晶,ナチュラル,,
538,ナゲキ,throh,かくとう,,red,humanoid,じゅうどうポケモン,通常,かくとう,,ひとがた,,,,標準・なめらか,,,,,りりしい・するどい,,てあし・とくちょうてきなかお,,,かっこいい,ゆうかん,
539,ダゲキ,sawk,かくとう,,blue,humanoid,からてポケモン,通常,かくとう,,ひとがた,,,,標準・なめらか,,,,,りりしい・するどい,ものしずか・クール,てあし・とくちょうてきなかお,,,ゆうかん,,
540,クルミル,sewaddle,むし,くさ,yellow,armor,さいほうポケモン,通常,むし,くさ,しょくぶつ,むし,,,ごつごつ・かたい,こうかく・つや甲羅,はっぱ・しょくぶつ質,,,にこにこ・あどけない,,よろい・こうら,はっぱ・はな,,かわいい,,
541,クルマユ,swadloon,むし,くさ,green,arms,はごもりポケモン,通常,むし,くさ,しょくぶつ,むし,,,こうかく・つや甲羅,はっぱ・しょくぶつ質,,,,ふつう・ナチュラル,,たくましいうで,はっぱ・はな,,おっとり,,
542,ハハコモリ,leavanny,むし,くさ,yellow,humanoid,こそだてポケモン,通常,むし,くさ,しょくぶつ,むし,ひとがた,,こうかく・つや甲羅,はっぱ・しょくぶつ質,,,,にこにこ・あどけない,,てあし・とくちょうてきなかお,はっぱ・はな,,かわいい,,
543,フシデ,venipede,むし,どく,red,armor,ムカデポケモン,通常,むし,どく,むし,どく,,,ごつごつ・かたい,こうかく・つや甲羅,ねばねば・ぷにぷに,,,りりしい・するどい,とぼけた・ユニーク,よろい・こうら,とげ・ぶくぶく,,ナチュラル,,
544,ホイーガ,whirlipede,むし,どく,gray,ball,まゆムカデポケモン,通常,むし,どく,むし,どく,,,こうかく・つや甲羅,ねばねば・ぷにぷに,,,,にこにこ・あどけない,とぼけた・ユニーク,まるいフォルム,とげ・ぶくぶく,,かわいい,,
545,ペンドラー,scolipede,むし,どく,red,armor,メガムカデポケモン,通常,むし,どく,むし,どく,,,ごつごつ・かたい,こうかく・つや甲羅,ねばねば・ぷにぷに,,,りりしい・するどい,とぼけた・ユニーク,よろい・こうら,とげ・ぶくぶく,,ナチュラル,,
546,モンメン,cottonee,くさ,フェアリー,green,ball,わたたまポケモン,通常,くさ,フェアリー,しょくぶつ,フェアリー・せいれい,,,もこもこ・ふわふわ,はっぱ・しょくぶつ質,,,,にこにこ・あどけない,,まるいフォルム,はっぱ・はな,ほうせき・かがやき,かわいい,おっとり,
547,エルフーン,whimsicott,くさ,フェアリー,green,humanoid,かぜかくれポケモン,通常,くさ,フェアリー,しょくぶつ,ひとがた,フェアリー・せいれい,,はっぱ・しょくぶつ質,,,,,にこにこ・あどけない,,てあし・とくちょうてきなかお,はっぱ・はな,ほうせき・かがやき,かわいい,おっとり,
548,チュリネ,petilil,くさ,,green,blob,ねっこポケモン,通常,くさ,,しょくぶつ,スライム・ぶよぶよ,,,ねばねば・ぷにぷに,はっぱ・しょくぶつ質,,,,とぼけた・ユニーク,,シンプル・そぼく,はっぱ・はな,,おっとり,,
549,ドレディア,lilligant,くさ,,green,blob,はなかざりポケモン,通常,くさ,,しょくぶつ,スライム・ぶよぶよ,,,ねばねば・ぷにぷに,はっぱ・しょくぶつ質,,,,とぼけた・ユニーク,,シンプル・そぼく,はっぱ・はな,,おっとり,,
550,バスラオ,basculin,みず,,green,fish,らんぼうポケモン,通常,みず,,みず・うみ,,,,つるつる・なめらか,みずみずしい・うるおい,,,,ふつう・ナチュラル,,ひれ,みずのしぶき,,おっとり,,
551,メグロコ,sandile,じめん,あく,brown,quadruped,さばくワニポケモン,通常,じめん,あく,いわ・つち・こうぶつ,けもの・じゅう,あく・やみ,,ごつごつ・かたい,,,,,りりしい・するどい,,よつあしのすがた,もや・かげ,とげ・こうぶつ結晶,かっこいい,ミステリアス,
552,ワルビル,krokorok,じめん,あく,brown,quadruped,さばくワニポケモン,通常,じめん,あく,いわ・つち・こうぶつ,けもの・じゅう,あく・やみ,,ごつごつ・かたい,,,,,りりしい・するどい,,よつあしのすがた,もや・かげ,とげ・こうぶつ結晶,かっこいい,ミステリアス,
553,ワルビアル,krookodile,じめん,あく,red,upright,いかくポケモン,通常,じめん,あく,いわ・つち・こうぶつ,あく・やみ,,,ごつごつ・かたい,,,,,りりしい・するどい,,ちょくりつのすがた,もや・かげ,とげ・こうぶつ結晶,かっこいい,ミステリアス,
554,ダルマッカ,darumaka,ほのお,,red,humanoid,だるまポケモン,通常,ほのお,,ほのお・マグマ,ひとがた,,,ほのお・ねっき,,,,,りりしい・するどい,,てあし・とくちょうてきなかお,ほのおのかざり,,かっこいい,ゆうかん,
555,ヒヒダルマ,darmanitan,ほのお,,red,quadruped,えんじょうポケモン,通常,ほのお,,ほのお・マグマ,,,,ほのお・ねっき,,,,,りりしい・するどい,,よつあしのすがた,ほのおのかざり,,ナチュラル,,
556,マラカッチ,maractus,くさ,,green,blob,サボテンポケモン,通常,くさ,,しょくぶつ,スライム・ぶよぶよ,,,ねばねば・ぷにぷに,はっぱ・しょくぶつ質,,,,とぼけた・ユニーク,,シンプル・そぼく,はっぱ・はな,,おっとり,,
557,イシズマイ,dwebble,むし,いわ,red,armor,いしやどポケモン,通常,むし,いわ,いわ・つち・こうぶつ,むし,,,ごつごつ・かたい,こうかく・つや甲羅,,,,りりしい・するどい,,よろい・こうら,とげ・こうぶつ結晶,,ナチュラル,,
558,イワパレス,crustle,むし,いわ,red,armor,いわやどポケモン,通常,むし,いわ,いわ・つち・こうぶつ,むし,,,ごつごつ・かたい,こうかく・つや甲羅,,,,りりしい・するどい,,よろい・こうら,とげ・こうぶつ結晶,,ナチュラル,,
559,ズルッグ,scraggy,あく,かくとう,yellow,upright,だっぴポケモン,通常,あく,かくとう,ひとがた,あく・やみ,,,標準・なめらか,,,,,りりしい・するどい,にこにこ・あどけない,ちょくりつのすがた,もや・かげ,,かわいい,かっこいい,ゆうかん
560,ズルズキン,scrafty,あく,かくとう,red,upright,あくとうポケモン,通常,あく,かくとう,ひとがた,あく・やみ,,,標準・なめらか,,,,,りりしい・するどい,,ちょくりつのすがた,もや・かげ,,かっこいい,ゆうかん,ミステリアス
561,シンボラー,sigilyph,エスパー,ひこう,black,wings,とりもどきポケモン,通常,エスパー,ひこう,とり・つばさ,エスパー・ふしぎ,,,標準・なめらか,,,,,ものしずか・クール,,つばさ・はね,ほうせき・かがやき,,ミステリアス,,
562,デスマス,yamask,ゴースト,,black,arms,たましいポケモン,通常,ゴースト,,ゴースト・れいたい,,,,ねばねば・ぷにぷに,もや・はんとうめい,,,,ものしずか・クール,,たくましいうで,もや・かげ,,ミステリアス,,
563,デスカーン,cofagrigus,ゴースト,,yellow,blob,かんおけポケモン,通常,ゴースト,,ゴースト・れいたい,スライム・ぶよぶよ,,,ねばねば・ぷにぷに,もや・はんとうめい,,,,にこにこ・あどけない,ものしずか・クール,シンプル・そぼく,もや・かげ,,かわいい,ミステリアス,
564,プロトーガ,tirtouga,みず,いわ,blue,quadruped,こだいがめポケモン,通常,みず,いわ,みず・うみ,いわ・つち・こうぶつ,,,つるつる・なめらか,ごつごつ・かたい,みずみずしい・うるおい,,,おだやか・やさしい,ものしずか・クール,よつあしのすがた,みずのしぶき,とげ・こうぶつ結晶,おっとり,,
565,アバゴーラ,carracosta,みず,いわ,blue,upright,こだいがめポケモン,通常,みず,いわ,みず・うみ,いわ・つち・こうぶつ,,,つるつる・なめらか,ごつごつ・かたい,みずみずしい・うるおい,,,ものしずか・クール,,ちょくりつのすがた,みずのしぶき,とげ・こうぶつ結晶,ナチュラル,,
566,アーケン,archen,いわ,ひこう,yellow,wings,さいこどりポケモン,通常,いわ,ひこう,いわ・つち・こうぶつ,とり・つばさ,,,ごつごつ・かたい,,,,,にこにこ・あどけない,,つばさ・はね,とげ・こうぶつ結晶,,かわいい,,
567,アーケオス,archeops,いわ,ひこう,yellow,wings,さいこどりポケモン,通常,いわ,ひこう,いわ・つち・こうぶつ,とり・つばさ,,,ごつごつ・かたい,,,,,にこにこ・あどけない,,つばさ・はね,とげ・こうぶつ結晶,,かわいい,,
568,ヤブクロン,trubbish,どく,,green,humanoid,ゴミぶくろポケモン,通常,どく,,ひとがた,どく,,,ねばねば・ぷにぷに,,,,,とぼけた・ユニーク,,てあし・とくちょうてきなかお,とげ・ぶくぶく,,おっとり,,
569,ダストダス,garbodor,どく,,green,humanoid,ゴミすてばポケモン,通常,どく,,ひとがた,どく,,,ねばねば・ぷにぷに,,,,,とぼけた・ユニーク,,てあし・とくちょうてきなかお,とげ・ぶくぶく,,おっとり,,
570,ゾロア,zorua,あく,,gray,quadruped,わるぎつねポケモン,通常,あく,,あく・やみ,,,,標準・なめらか,,,,,りりしい・するどい,,よつあしのすがた,もや・かげ,,かっこいい,ミステリアス,
571,ゾロアーク,zoroark,あく,,gray,upright,ばけぎつねポケモン,通常,あく,,あく・やみ,,,,標準・なめらか,,,,,りりしい・するどい,,ちょくりつのすがた,もや・かげ,,かっこいい,ミステリアス,
572,チラーミィ,minccino,ノーマル,,gray,quadruped,チンチラポケモン,通常,ノーマル,,けもの・じゅう,,,,もこもこ・ふわふわ,,,,,おだやか・やさしい,,よつあしのすがた,,,おっとり,,
573,チラチーノ,cinccino,ノーマル,,gray,quadruped,スカーフポケモン,通常,ノーマル,,けもの・じゅう,,,,もこもこ・ふわふわ,,,,,おだやか・やさしい,,よつあしのすがた,,,おっとり,,
574,ゴチム,gothita,エスパー,,purple,humanoid,ぎょうしポケモン,通常,エスパー,,けもの・じゅう,ひとがた,エスパー・ふしぎ,,標準・なめらか,,,,,ものしずか・クール,,てあし・とくちょうてきなかお,ほうせき・かがやき,,ミステリアス,,
575,ゴチミル,gothorita,エスパー,,purple,humanoid,あやつりポケモン,通常,エスパー,,ひとがた,エスパー・ふしぎ,,,標準・なめらか,,,,,ものしずか・クール,,てあし・とくちょうてきなかお,ほうせき・かがやき,,ミステリアス,,
576,ゴチルゼル,gothitelle,エスパー,,purple,humanoid,てんたいポケモン,通常,エスパー,,ひとがた,エスパー・ふしぎ,,,標準・なめらか,,,,,ものしずか・クール,,てあし・とくちょうてきなかお,ほうせき・かがやき,,ミステリアス,,
577,ユニラン,solosis,エスパー,,green,ball,さいぼうポケモン,通常,エスパー,,エスパー・ふしぎ,,,,標準・なめらか,,,,,にこにこ・あどけない,ものしずか・クール,まるいフォルム,ほうせき・かがやき,,かわいい,ミステリアス,おっとり
578,ダブラン,duosion,エスパー,,green,ball,ぶんかつポケモン,通常,エスパー,,エスパー・ふしぎ,,,,標準・なめらか,,,,,にこにこ・あどけない,ものしずか・クール,まるいフォルム,ほうせき・かがやき,,かわいい,ミステリアス,おっとり
579,ランクルス,reuniclus,エスパー,,green,arms,ぞうふくポケモン,通常,エスパー,,エスパー・ふしぎ,,,,標準・なめらか,,,,,ものしずか・クール,,たくましいうで,ほうせき・かがやき,,ミステリアス,おっとり,
580,コアルヒー,ducklett,みず,ひこう,blue,wings,みずどりポケモン,通常,みず,ひこう,みず・うみ,とり・つばさ,,,つるつる・なめらか,みずみずしい・うるおい,,,,ものしずか・クール,,つばさ・はね,みずのしぶき,,ナチュラル,,
581,スワンナ,swanna,みず,ひこう,white,wings,しらとりポケモン,通常,みず,ひこう,みず・うみ,とり・つばさ,,,つるつる・なめらか,みずみずしい・うるおい,,,,ふつう・ナチュラル,,つばさ・はね,みずのしぶき,,ナチュラル,,
582,バニプッチ,vanillite,こおり,,white,blob,しんせつポケモン,通常,こおり,,こおり・ゆき,スライム・ぶよぶよ,,,つるつる・なめらか,ねばねば・ぷにぷに,こおり・つめたい,,,ものしずか・クール,とぼけた・ユニーク,シンプル・そぼく,こおりのけっしょう,,ナチュラル,,
583,バニリッチ,vanillish,こおり,,white,blob,ひょうせつポケモン,通常,こおり,,こおり・ゆき,スライム・ぶよぶよ,,,つるつる・なめらか,ねばねば・ぷにぷに,こおり・つめたい,,,ものしずか・クール,とぼけた・ユニーク,シンプル・そぼく,こおりのけっしょう,,ナチュラル,,
584,バイバニラ,vanilluxe,こおり,,white,heads,ブリザードポケモン,通常,こおり,,こおり・ゆき,,,,つるつる・なめらか,こおり・つめたい,,,,ものしずか・クール,,ふくすうのあたま,こおりのけっしょう,,ナチュラル,,
585,シキジカ,deerling,ノーマル,くさ,pink,quadruped,きせつポケモン,通常,ノーマル,くさ,しょくぶつ,けもの・じゅう,,,もこもこ・ふわふわ,はっぱ・しょくぶつ質,,,,にこにこ・あどけない,おだやか・やさしい,よつあしのすがた,はっぱ・はな,,かわいい,おっとり,
586,メブキジカ,sawsbuck,ノーマル,くさ,brown,quadruped,きせつポケモン,通常,ノーマル,くさ,しょくぶつ,けもの・じゅう,,,もこもこ・ふわふわ,はっぱ・しょくぶつ質,,,,おだやか・やさしい,,よつあしのすがた,はっぱ・はな,,おっとり,,
587,エモンガ,emolga,でんき,ひこう,white,quadruped,モモンガポケモン,通常,でんき,ひこう,でんき,,,,おび電・スパーク,,,,,ふつう・ナチュラル,,よつあしのすがた,つばさ・はね,でんきの模様・ギザギザ,ナチュラル,,
588,カブルモ,karrablast,むし,,blue,humanoid,かぶりつきポケモン,通常,むし,,むし,ひとがた,,,こうかく・つや甲羅,,,,,ものしずか・クール,,てあし・とくちょうてきなかお,,,ナチュラル,,
589,シュバルゴ,escavalier,むし,はがね,gray,arms,きへいポケモン,通常,むし,はがね,きんぞく・メカ,むし,,,きんぞく・メタリック,こうかく・つや甲羅,,,,ふつう・ナチュラル,,たくましいうで,とげ・こうぶつ結晶,,かっこいい,,
590,タマゲタケ,foongus,くさ,どく,white,arms,きのこポケモン,通常,くさ,どく,しょくぶつ,どく,,,ねばねば・ぷにぷに,はっぱ・しょくぶつ質,,,,とぼけた・ユニーク,,たくましいうで,はっぱ・はな,とげ・ぶくぶく,ナチュラル,,
591,モロバレル,amoonguss,くさ,どく,white,arms,きのこポケモン,通常,くさ,どく,しょくぶつ,どく,,,ねばねば・ぷにぷに,はっぱ・しょくぶつ質,,,,とぼけた・ユニーク,,たくましいうで,はっぱ・はな,とげ・ぶくぶく,ナチュラル,,
592,プルリル,frillish,みず,ゴースト,white,tentacles,ふゆうポケモン,通常,みず,ゴースト,みず・うみ,ゴースト・れいたい,スライム・ぶよぶよ,,つるつる・なめらか,ねばねば・ぷにぷに,みずみずしい・うるおい,もや・はんとうめい,,ものしずか・クール,とぼけた・ユニーク,しょくしゅ・ひげ,みずのしぶき,もや・かげ,ミステリアス,,
593,ブルンゲル,jellicent,みず,ゴースト,white,tentacles,ふゆうポケモン,通常,みず,ゴースト,みず・うみ,ゴースト・れいたい,スライム・ぶよぶよ,,つるつる・なめらか,ねばねば・ぷにぷに,みずみずしい・うるおい,もや・はんとうめい,,ものしずか・クール,とぼけた・ユニーク,しょくしゅ・ひげ,みずのしぶき,もや・かげ,ミステリアス,,
594,ママンボウ,alomomola,みず,,pink,fish,かいほうポケモン,通常,みず,,みず・うみ,,,,つるつる・なめらか,みずみずしい・うるおい,,,,にこにこ・あどけない,,ひれ,みずのしぶき,,かわいい,,
595,バチュル,joltik,むし,でんき,yellow,armor,くっつきポケモン,通常,むし,でんき,でんき,むし,,,ごつごつ・かたい,こうかく・つや甲羅,おび電・スパーク,,,にこにこ・あどけない,,よろい・こうら,でんきの模様・ギザギザ,,かわいい,,
596,デンチュラ,galvantula,むし,でんき,yellow,armor,でんきグモポケモン,通常,むし,でんき,でんき,むし,,,ごつごつ・かたい,こうかく・つや甲羅,おび電・スパーク,,,にこにこ・あどけない,,よろい・こうら,でんきの模様・ギザギザ,,かわいい,,
597,テッシード,ferroseed,くさ,はがね,gray,ball,とげのみポケモン,通常,くさ,はがね,しょくぶつ,きんぞく・メカ,,,きんぞく・メタリック,はっぱ・しょくぶつ質,,,,にこにこ・あどけない,,まるいフォルム,はっぱ・はな,とげ・こうぶつ結晶,かわいい,かっこいい,
598,ナットレイ,ferrothorn,くさ,はがね,gray,tentacles,とげだまポケモン,通常,くさ,はがね,しょくぶつ,きんぞく・メカ,スライム・ぶよぶよ,,きんぞく・メタリック,はっぱ・しょくぶつ質,,,,とぼけた・ユニーク,,しょくしゅ・ひげ,はっぱ・はな,とげ・こうぶつ結晶,かっこいい,,
599,ギアル,klink,はがね,,gray,heads,はぐるまポケモン,通常,はがね,,きんぞく・メカ,,,,きんぞく・メタリック,,,,,ふつう・ナチュラル,,ふくすうのあたま,とげ・こうぶつ結晶,,かっこいい,,
600,ギギアル,klang,はがね,,gray,heads,はぐるまポケモン,通常,はがね,,きんぞく・メカ,,,,きんぞく・メタリック,,,,,ふつう・ナチュラル,,ふくすうのあたま,とげ・こうぶつ結晶,,かっこいい,,
601,ギギギアル,klinklang,はがね,,gray,heads,はぐるまポケモン,通常,はがね,,きんぞく・メカ,,,,きんぞく・メタリック,,,,,ふつう・ナチュラル,,ふくすうのあたま,とげ・こうぶつ結晶,,かっこいい,,
602,シビシラス,tynamo,でんき,,white,fish,でんきうおポケモン,通常,でんき,,みず・うみ,でんき,,,つるつる・なめらか,おび電・スパーク,,,,ふつう・ナチュラル,,ひれ,でんきの模様・ギザギザ,,ナチュラル,,
603,シビビール,eelektrik,でんき,,blue,fish,でんきうおポケモン,通常,でんき,,みず・うみ,でんき,,,つるつる・なめらか,おび電・スパーク,,,,ものしずか・クール,,ひれ,でんきの模様・ギザギザ,,ナチュラル,,
604,シビルドン,eelektross,でんき,,blue,fish,でんきうおポケモン,通常,でんき,,みず・うみ,でんき,,,つるつる・なめらか,おび電・スパーク,,,,ものしずか・クール,,ひれ,でんきの模様・ギザギザ,,ナチュラル,,
605,リグレー,elgyem,エスパー,,blue,upright,ブレインポケモン,通常,エスパー,,エスパー・ふしぎ,,,,標準・なめらか,,,,,ものしずか・クール,,ちょくりつのすがた,ほうせき・かがやき,,ミステリアス,,
606,オーベム,beheeyem,エスパー,,brown,humanoid,ブレインポケモン,通常,エスパー,,ひとがた,エスパー・ふしぎ,,,標準・なめらか,,,,,ものしずか・クール,,てあし・とくちょうてきなかお,ほうせき・かがやき,,ミステリアス,,
607,ヒトモシ,litwick,ゴースト,ほのお,white,blob,ろうそくポケモン,通常,ゴースト,ほのお,ほのお・マグマ,ゴースト・れいたい,スライム・ぶよぶよ,,ねばねば・ぷにぷに,ほのお・ねっき,もや・はんとうめい,,,ものしずか・クール,とぼけた・ユニーク,シンプル・そぼく,ほのおのかざり,もや・かげ,ミステリアス,,
608,ランプラー,lampent,ゴースト,ほのお,black,arms,ランプポケモン,通常,ゴースト,ほのお,ほのお・マグマ,ゴースト・れいたい,,,ねばねば・ぷにぷに,ほのお・ねっき,もや・はんとうめい,,,ものしずか・クール,,たくましいうで,ほのおのかざり,もや・かげ,ミステリアス,,
609,シャンデラ,chandelure,ゴースト,ほのお,black,arms,いざないポケモン,通常,ゴースト,ほのお,ほのお・マグマ,ゴースト・れいたい,,,ねばねば・ぷにぷに,ほのお・ねっき,もや・はんとうめい,,,ものしずか・クール,,たくましいうで,ほのおのかざり,もや・かげ,ミステリアス,,
610,キバゴ,axew,ドラゴン,,green,upright,キバポケモン,通常,ドラゴン,,は虫類・ドラゴン,,,,うろこ,,,,,りりしい・するどい,,ちょくりつのすがた,つの・うろこ模様,,かっこいい,おっとり,
611,オノンド,fraxure,ドラゴン,,green,upright,あごオノポケモン,通常,ドラゴン,,は虫類・ドラゴン,,,,うろこ,,,,,りりしい・するどい,,ちょくりつのすがた,つの・うろこ模様,,かっこいい,おっとり,
612,オノノクス,haxorus,ドラゴン,,yellow,upright,あごオノポケモン,通常,ドラゴン,,は虫類・ドラゴン,,,,うろこ,,,,,りりしい・するどい,にこにこ・あどけない,ちょくりつのすがた,つの・うろこ模様,,かわいい,かっこいい,
613,クマシュン,cubchoo,こおり,,white,upright,ひょうけつポケモン,通常,こおり,,こおり・ゆき,,,,つるつる・なめらか,こおり・つめたい,,,,ものしずか・クール,,ちょくりつのすがた,こおりのけっしょう,,ナチュラル,,
614,ツンベアー,beartic,こおり,,white,quadruped,とうけつポケモン,通常,こおり,,こおり・ゆき,,,,つるつる・なめらか,こおり・つめたい,,,,ものしずか・クール,,よつあしのすがた,こおりのけっしょう,,ナチュラル,,
615,フリージオ,cryogonal,こおり,,blue,ball,けっしょうポケモン,通常,こおり,,こおり・ゆき,,,,つるつる・なめらか,こおり・つめたい,,,,にこにこ・あどけない,ものしずか・クール,まるいフォルム,こおりのけっしょう,,かわいい,,
616,チョボマキ,shelmet,むし,,red,ball,マイマイポケモン,通常,むし,,むし,,,,こうかく・つや甲羅,,,,,りりしい・するどい,にこにこ・あどけない,まるいフォルム,,,かわいい,,
617,アギルダー,accelgor,むし,,red,arms,からぬけポケモン,通常,むし,,むし,,,,こうかく・つや甲羅,,,,,りりしい・するどい,,たくましいうで,,,ナチュラル,,
618,マッギョ,stunfisk,じめん,でんき,brown,fish,トラップポケモン,通常,じめん,でんき,みず・うみ,でんき,いわ・つち・こうぶつ,,つるつる・なめらか,ごつごつ・かたい,おび電・スパーク,,,ふつう・ナチュラル,,ひれ,でんきの模様・ギザギザ,とげ・こうぶつ結晶,ナチュラル,,
619,コジョフー,mienfoo,かくとう,,yellow,upright,ぶじゅつポケモン,通常,かくとう,,ひとがた,,,,標準・なめらか,,,,,りりしい・するどい,にこにこ・あどけない,ちょくりつのすがた,,,かわいい,ゆうかん,
620,コジョンド,mienshao,かくとう,,purple,upright,ぶじゅつポケモン,通常,かくとう,,ひとがた,,,,標準・なめらか,,,,,りりしい・するどい,ものしずか・クール,ちょくりつのすがた,,,ゆうかん,ミステリアス,
621,クリムガン,druddigon,ドラゴン,,red,upright,ほらあなポケモン,通常,ドラゴン,,は虫類・ドラゴン,,,,うろこ,,,,,りりしい・するどい,,ちょくりつのすがた,つの・うろこ模様,,かっこいい,,
622,ゴビット,golett,じめん,ゴースト,green,humanoid,ゴーレムポケモン,通常,じめん,ゴースト,いわ・つち・こうぶつ,ひとがた,ゴースト・れいたい,,ごつごつ・かたい,ねばねば・ぷにぷに,もや・はんとうめい,,,ものしずか・クール,,てあし・とくちょうてきなかお,もや・かげ,とげ・こうぶつ結晶,ミステリアス,おっとり,
623,ゴルーグ,golurk,じめん,ゴースト,green,humanoid,ゴーレムポケモン,通常,じめん,ゴースト,いわ・つち・こうぶつ,ひとがた,ゴースト・れいたい,,ごつごつ・かたい,ねばねば・ぷにぷに,もや・はんとうめい,,,ものしずか・クール,,てあし・とくちょうてきなかお,もや・かげ,とげ・こうぶつ結晶,ミステリアス,おっとり,
624,コマタナ,pawniard,あく,はがね,red,humanoid,はものポケモン,通常,あく,はがね,きんぞく・メカ,ひとがた,あく・やみ,,きんぞく・メタリック,,,,,りりしい・するどい,,てあし・とくちょうてきなかお,もや・かげ,とげ・こうぶつ結晶,かっこいい,ミステリアス,
625,キリキザン,bisharp,あく,はがね,red,humanoid,とうじんポケモン,通常,あく,はがね,きんぞく・メカ,ひとがた,あく・やみ,,きんぞく・メタリック,,,,,りりしい・するどい,,てあし・とくちょうてきなかお,もや・かげ,とげ・こうぶつ結晶,かっこいい,ミステリアス,
626,バッフロン,bouffalant,ノーマル,,brown,quadruped,ずつきうしポケモン,通常,ノーマル,,けもの・じゅう,,,,もこもこ・ふわふわ,,,,,おだやか・やさしい,,よつあしのすがた,,,おっとり,,
627,ワシボン,rufflet,ノーマル,ひこう,white,wings,ヒナわしポケモン,通常,ノーマル,ひこう,とり・つばさ,,,,標準・なめらか,,,,,ふつう・ナチュラル,,つばさ・はね,,,ナチュラル,,
628,ウォーグル,braviary,ノーマル,ひこう,red,wings,ゆうもうポケモン,通常,ノーマル,ひこう,とり・つばさ,,,,標準・なめらか,,,,,りりしい・するどい,,つばさ・はね,,,ナチュラル,,
629,バルチャイ,vullaby,あく,ひこう,brown,wings,おむつポケモン,通常,あく,ひこう,とり・つばさ,あく・やみ,,,標準・なめらか,,,,,りりしい・するどい,,つばさ・はね,もや・かげ,,かっこいい,ミステリアス,
630,バルジーナ,mandibuzz,あく,ひこう,brown,wings,ほねわしポケモン,通常,あく,ひこう,とり・つばさ,あく・やみ,,,標準・なめらか,,,,,りりしい・するどい,,つばさ・はね,もや・かげ,,かっこいい,ミステリアス,
631,クイタラン,heatmor,ほのお,,red,upright,アリクイポケモン,通常,ほのお,,ほのお・マグマ,,,,ほのお・ねっき,,,,,りりしい・するどい,,ちょくりつのすがた,ほのおのかざり,,かっこいい,ゆうかん,
632,アイアント,durant,むし,はがね,gray,armor,てつアリポケモン,通常,むし,はがね,きんぞく・メカ,むし,,,ごつごつ・かたい,きんぞく・メタリック,こうかく・つや甲羅,,,ふつう・ナチュラル,,よろい・こうら,とげ・こうぶつ結晶,,かっこいい,,
633,モノズ,deino,あく,ドラゴン,blue,quadruped,そぼうポケモン,通常,あく,ドラゴン,は虫類・ドラゴン,あく・やみ,,,うろこ,,,,,りりしい・するどい,ものしずか・クール,よつあしのすがた,もや・かげ,つの・うろこ模様,かっこいい,ミステリアス,
634,ジヘッド,zweilous,あく,ドラゴン,blue,quadruped,らんぼうポケモン,通常,あく,ドラゴン,は虫類・ドラゴン,あく・やみ,,,うろこ,,,,,りりしい・するどい,ものしずか・クール,よつあしのすがた,もや・かげ,つの・うろこ模様,かっこいい,ミステリアス,
635,サザンドラ,hydreigon,あく,ドラゴン,blue,upright,きょうぼうポケモン,通常,あく,ドラゴン,は虫類・ドラゴン,あく・やみ,,,うろこ,,,,,りりしい・するどい,ものしずか・クール,ちょくりつのすがた,もや・かげ,つの・うろこ模様,かっこいい,ミステリアス,
636,メラルバ,larvesta,むし,ほのお,white,armor,たいまつポケモン,通常,むし,ほのお,ほのお・マグマ,むし,,,ごつごつ・かたい,こうかく・つや甲羅,ほのお・ねっき,,,ふつう・ナチュラル,,よろい・こうら,ほのおのかざり,,ナチュラル,,
637,ウルガモス,volcarona,むし,ほのお,white,bug-wings,たいようポケモン,通常,むし,ほのお,ほのお・マグマ,むし,,,こうかく・つや甲羅,ほのお・ねっき,,,,ふつう・ナチュラル,,むしのはね,ほのおのかざり,,ナチュラル,,
638,コバルオン,cobalion,はがね,かくとう,blue,quadruped,てっしんポケモン,伝説,はがね,かくとう,きんぞく・メカ,けもの・じゅう,ひとがた,,きんぞく・メタリック,,,,,どうどう・威厳,りりしい・するどい,よつあしのすがた,とげ・こうぶつ結晶,,そうごん・でんせつ,かっこいい,
639,テラキオン,terrakion,いわ,かくとう,gray,quadruped,がんくつポケモン,伝説,いわ,かくとう,いわ・つち・こうぶつ,けもの・じゅう,ひとがた,,ごつごつ・かたい,,,,,どうどう・威厳,りりしい・するどい,よつあしのすがた,とげ・こうぶつ結晶,,そうごん・でんせつ,,
640,ビリジオン,virizion,くさ,かくとう,green,quadruped,そうげんポケモン,伝説,くさ,かくとう,しょくぶつ,けもの・じゅう,ひとがた,,はっぱ・しょくぶつ質,,,,,どうどう・威厳,りりしい・するどい,よつあしのすがた,はっぱ・はな,,そうごん・でんせつ,おっとり,
641,トルネロス,tornadus,ひこう,,green,arms,せんぷうポケモン,伝説,ひこう,,その他・不定形,,,,標準・なめらか,,,,,どうどう・威厳,,たくましいうで,つばさ・はね,,そうごん・でんせつ,おっとり,
642,ボルトロス,thundurus,でんき,ひこう,blue,arms,らいげきポケモン,伝説,でんき,ひこう,でんき,,,,おび電・スパーク,,,,,どうどう・威厳,ものしずか・クール,たくましいうで,つばさ・はね,でんきの模様・ギザギザ,そうごん・でんせつ,,
643,レシラム,reshiram,ドラゴン,ほのお,white,wings,はくようポケモン,伝説,ドラゴン,ほのお,ほのお・マグマ,は虫類・ドラゴン,,,うろこ,ほのお・ねっき,,,,どうどう・威厳,りりしい・するどい,つばさ・はね,ほのおのかざり,つの・うろこ模様,そうごん・でんせつ,かっこいい,
644,ゼクロム,zekrom,ドラゴン,でんき,black,upright,こくいんポケモン,伝説,ドラゴン,でんき,でんき,は虫類・ドラゴン,,,うろこ,おび電・スパーク,,,,どうどう・威厳,りりしい・するどい,ちょくりつのすがた,でんきの模様・ギザギザ,つの・うろこ模様,そうごん・でんせつ,かっこいい,
645,ランドロス,landorus,じめん,ひこう,brown,arms,ほうじょうポケモン,伝説,じめん,ひこう,いわ・つち・こうぶつ,,,,ごつごつ・かたい,,,,,どうどう・威厳,,たくましいうで,つばさ・はね,とげ・こうぶつ結晶,そうごん・でんせつ,,
646,キュレム,kyurem,ドラゴン,こおり,gray,upright,きょうかいポケモン,伝説,ドラゴン,こおり,みず・うみ,こおり・ゆき,は虫類・ドラゴン,,つるつる・なめらか,うろこ,こおり・つめたい,,,どうどう・威厳,りりしい・するどい,ちょくりつのすがた,こおりのけっしょう,つの・うろこ模様,そうごん・でんせつ,かっこいい,
647,ケルディオ,keldeo,みず,かくとう,yellow,quadruped,わかごまポケモン,幻,みず,かくとう,みず・うみ,けもの・じゅう,ひとがた,,つるつる・なめらか,みずみずしい・うるおい,もや・はんとうめい,,,どうどう・威厳,りりしい・するどい,よつあしのすがた,みずのしぶき,,そうごん・でんせつ,かわいい,おっとり
648,メロエッタ,meloetta,ノーマル,エスパー,white,humanoid,せんりつポケモン,幻,ノーマル,エスパー,ひとがた,エスパー・ふしぎ,,,もや・はんとうめい,,,,,どうどう・威厳,ものしずか・クール,てあし・とくちょうてきなかお,ほうせき・かがやき,,そうごん・でんせつ,ミステリアス,
649,ゲノセクト,genesect,むし,はがね,purple,humanoid,こせいだいポケモン,幻,むし,はがね,きんぞく・メカ,むし,ひとがた,,きんぞく・メタリック,こうかく・つや甲羅,もや・はんとうめい,,,どうどう・威厳,ものしずか・クール,てあし・とくちょうてきなかお,とげ・こうぶつ結晶,,そうごん・でんせつ,かっこいい,ミステリアス
650,ハリマロン,chespin,くさ,,green,upright,いがぐりポケモン,通常,くさ,,しょくぶつ,,,,はっぱ・しょくぶつ質,,,,,ふつう・ナチュラル,,ちょくりつのすがた,はっぱ・はな,,おっとり,,
651,ハリボーグ,quilladin,くさ,,green,upright,とげよろいポケモン,通常,くさ,,しょくぶつ,,,,はっぱ・しょくぶつ質,,,,,ふつう・ナチュラル,,ちょくりつのすがた,はっぱ・はな,,おっとり,,
652,ブリガロン,chesnaught,くさ,かくとう,green,upright,とげよろいポケモン,通常,くさ,かくとう,しょくぶつ,ひとがた,,,はっぱ・しょくぶつ質,,,,,りりしい・するどい,,ちょくりつのすがた,はっぱ・はな,,ゆうかん,おっとり,
653,フォッコ,fennekin,ほのお,,red,quadruped,キツネポケモン,通常,ほのお,,ほのお・マグマ,,,,ほのお・ねっき,,,,,りりしい・するどい,,よつあしのすがた,ほのおのかざり,,ナチュラル,,
654,テールナー,braixen,ほのお,,red,upright,キツネポケモン,通常,ほのお,,ほのお・マグマ,,,,ほのお・ねっき,,,,,りりしい・するどい,,ちょくりつのすがた,ほのおのかざり,,かっこいい,ゆうかん,
655,マフォクシー,delphox,ほのお,エスパー,red,upright,キツネポケモン,通常,ほのお,エスパー,ほのお・マグマ,エスパー・ふしぎ,,,ほのお・ねっき,,,,,りりしい・するどい,ものしずか・クール,ちょくりつのすがた,ほのおのかざり,ほうせき・かがやき,かっこいい,ゆうかん,ミステリアス
656,ケロマツ,froakie,みず,,blue,quadruped,あわがえるポケモン,通常,みず,,みず・うみ,,,,つるつる・なめらか,みずみずしい・うるおい,,,,おだやか・やさしい,ものしずか・クール,よつあしのすがた,みずのしぶき,,おっとり,,
657,ゲコガシラ,frogadier,みず,,blue,humanoid,あわがえるポケモン,通常,みず,,みず・うみ,ひとがた,,,つるつる・なめらか,みずみずしい・うるおい,,,,ものしずか・クール,,てあし・とくちょうてきなかお,みずのしぶき,,ナチュラル,,
658,ゲッコウガ,greninja,みず,あく,blue,humanoid,しのびポケモン,通常,みず,あく,みず・うみ,ひとがた,あく・やみ,,つるつる・なめらか,みずみずしい・うるおい,,,,りりしい・するどい,ものしずか・クール,てあし・とくちょうてきなかお,みずのしぶき,もや・かげ,かっこいい,ミステリアス,
659,ホルビー,bunnelby,ノーマル,,brown,upright,あなほりポケモン,通常,ノーマル,,その他・不定形,,,,標準・なめらか,,,,,ふつう・ナチュラル,,ちょくりつのすがた,,,ナチュラル,,
660,ホルード,diggersby,ノーマル,じめん,brown,upright,あなほりポケモン,通常,ノーマル,じめん,いわ・つち・こうぶつ,,,,ごつごつ・かたい,,,,,ふつう・ナチュラル,,ちょくりつのすがた,とげ・こうぶつ結晶,,ナチュラル,,
661,ヤヤコマ,fletchling,ノーマル,ひこう,red,wings,コマドリポケモン,通常,ノーマル,ひこう,とり・つばさ,,,,標準・なめらか,,,,,りりしい・するどい,,つばさ・はね,,,ナチュラル,,
662,ヒノヤコマ,fletchinder,ほのお,ひこう,red,wings,ひのこポケモン,通常,ほのお,ひこう,ほのお・マグマ,とり・つばさ,,,ほのお・ねっき,,,,,りりしい・するどい,,つばさ・はね,ほのおのかざり,,ナチュラル,,
663,ファイアロー,talonflame,ほのお,ひこう,red,wings,れっかポケモン,通常,ほのお,ひこう,ほのお・マグマ,とり・つばさ,,,ほのお・ねっき,,,,,りりしい・するどい,,つばさ・はね,ほのおのかざり,,ナチュラル,,
664,コフキムシ,scatterbug,むし,,black,armor,こなふきポケモン,通常,むし,,むし,,,,ごつごつ・かたい,こうかく・つや甲羅,,,,ふつう・ナチュラル,,よろい・こうら,,,ナチュラル,,
665,コフーライ,spewpa,むし,,black,blob,こなふきポケモン,通常,むし,,むし,スライム・ぶよぶよ,,,こうかく・つや甲羅,ねばねば・ぷにぷに,,,,とぼけた・ユニーク,,シンプル・そぼく,,,ナチュラル,,
666,ビビヨン,vivillon,むし,ひこう,white,bug-wings,りんぷんポケモン,通常,むし,ひこう,むし,,,,こうかく・つや甲羅,,,,,ふつう・ナチュラル,,むしのはね,つばさ・はね,,ナチュラル,,
667,シシコ,litleo,ほのお,ノーマル,brown,quadruped,わかじしポケモン,通常,ほのお,ノーマル,ほのお・マグマ,けもの・じゅう,,,もこもこ・ふわふわ,ほのお・ねっき,,,,おだやか・やさしい,,よつあしのすがた,ほのおのかざり,,おっとり,,
668,カエンジシ,pyroar,ほのお,ノーマル,brown,quadruped,おうじゃポケモン,通常,ほのお,ノーマル,ほのお・マグマ,けもの・じゅう,,,もこもこ・ふわふわ,ほのお・ねっき,,,,おだやか・やさしい,,よつあしのすがた,ほのおのかざり,,おっとり,,
669,フラベベ,flabebe,フェアリー,,white,arms,いちりんポケモン,通常,フェアリー,,フェアリー・せいれい,,,,標準・なめらか,,,,,にこにこ・あどけない,,たくましいうで,ほうせき・かがやき,,かわいい,,
670,フラエッテ,floette,フェアリー,,white,arms,いちりんポケモン,通常,フェアリー,,フェアリー・せいれい,,,,標準・なめらか,,,,,にこにこ・あどけない,,たくましいうで,ほうせき・かがやき,,かわいい,,
671,フラージェス,florges,フェアリー,,white,arms,ガーデンポケモン,通常,フェアリー,,フェアリー・せいれい,,,,標準・なめらか,,,,,にこにこ・あどけない,,たくましいうで,ほうせき・かがやき,,かわいい,,
672,メェークル,skiddo,くさ,,brown,quadruped,ライドポケモン,通常,くさ,,しょくぶつ,,,,はっぱ・しょくぶつ質,,,,,おだやか・やさしい,,よつあしのすがた,はっぱ・はな,,おっとり,,
673,ゴーゴート,gogoat,くさ,,brown,quadruped,ライドポケモン,通常,くさ,,しょくぶつ,,,,はっぱ・しょくぶつ質,,,,,おだやか・やさしい,,よつあしのすがた,はっぱ・はな,,おっとり,,
674,ヤンチャム,pancham,かくとう,,white,upright,やんちゃポケモン,通常,かくとう,,ひとがた,,,,標準・なめらか,,,,,りりしい・するどい,,ちょくりつのすがた,,,ゆうかん,,
675,ゴロンダ,pangoro,かくとう,あく,white,humanoid,こわもてポケモン,通常,かくとう,あく,ひとがた,あく・やみ,,,標準・なめらか,,,,,りりしい・するどい,,てあし・とくちょうてきなかお,もや・かげ,,かっこいい,ゆうかん,ミステリアス
676,トリミアン,furfrou,ノーマル,,white,quadruped,プードルポケモン,通常,ノーマル,,けもの・じゅう,,,,もこもこ・ふわふわ,,,,,おだやか・やさしい,,よつあしのすがた,,,おっとり,,
677,ニャスパー,espurr,エスパー,,gray,upright,じせいポケモン,通常,エスパー,,エスパー・ふしぎ,,,,標準・なめらか,,,,,ものしずか・クール,,ちょくりつのすがた,ほうせき・かがやき,,ミステリアス,,
678,ニャオニクス,meowstic,エスパー,,blue,upright,よくせいポケモン,通常,エスパー,,エスパー・ふしぎ,,,,標準・なめらか,,,,,ものしずか・クール,,ちょくりつのすがた,ほうせき・かがやき,,ミステリアス,,
679,ヒトツキ,honedge,はがね,ゴースト,brown,blob,とうけんポケモン,通常,はがね,ゴースト,きんぞく・メカ,ゴースト・れいたい,スライム・ぶよぶよ,,きんぞく・メタリック,ねばねば・ぷにぷに,もや・はんとうめい,,,ものしずか・クール,とぼけた・ユニーク,シンプル・そぼく,もや・かげ,とげ・こうぶつ結晶,かっこいい,ミステリアス,
680,ニダンギル,doublade,はがね,ゴースト,brown,heads,とうけんポケモン,通常,はがね,ゴースト,きんぞく・メカ,ゴースト・れいたい,,,きんぞく・メタリック,ねばねば・ぷにぷに,もや・はんとうめい,,,ものしずか・クール,,ふくすうのあたま,もや・かげ,とげ・こうぶつ結晶,かっこいい,ミステリアス,
681,ギルガルド,aegislash,はがね,ゴースト,brown,blob,おうけんポケモン,通常,はがね,ゴースト,きんぞく・メカ,ゴースト・れいたい,スライム・ぶよぶよ,,きんぞく・メタリック,ねばねば・ぷにぷに,もや・はんとうめい,,,ものしずか・クール,とぼけた・ユニーク,シンプル・そぼく,もや・かげ,とげ・こうぶつ結晶,かっこいい,ミステリアス,
682,シュシュプ,spritzee,フェアリー,,pink,arms,こうすいポケモン,通常,フェアリー,,フェアリー・せいれい,,,,標準・なめらか,,,,,にこにこ・あどけない,,たくましいうで,ほうせき・かがやき,,かわいい,,
683,フレフワン,aromatisse,フェアリー,,pink,humanoid,ほうこうポケモン,通常,フェアリー,,ひとがた,フェアリー・せいれい,,,標準・なめらか,,,,,にこにこ・あどけない,,てあし・とくちょうてきなかお,ほうせき・かがやき,,かわいい,,
684,ペロッパフ,swirlix,フェアリー,,white,legs,わたあめポケモン,通常,フェアリー,,フェアリー・せいれい,,,,もこもこ・ふわふわ,,,,,にこにこ・あどけない,,あし・つめ,ほうせき・かがやき,,かわいい,,
685,ペロリーム,slurpuff,フェアリー,,white,humanoid,ホイップポケモン,通常,フェアリー,,ひとがた,フェアリー・せいれい,,,標準・なめらか,,,,,にこにこ・あどけない,,てあし・とくちょうてきなかお,ほうせき・かがやき,,かわいい,,
686,マーイーカ,inkay,あく,エスパー,blue,tentacles,かいてんポケモン,通常,あく,エスパー,みず・うみ,エスパー・ふしぎ,あく・やみ,スライム・ぶよぶよ,標準・なめらか,,,,,りりしい・するどい,ものしずか・クール,しょくしゅ・ひげ,ほうせき・かがやき,もや・かげ,かっこいい,ミステリアス,
687,カラマネロ,malamar,あく,エスパー,blue,blob,ぎゃくてんポケモン,通常,あく,エスパー,エスパー・ふしぎ,あく・やみ,スライム・ぶよぶよ,,ねばねば・ぷにぷに,,,,,りりしい・するどい,ものしずか・クール,シンプル・そぼく,ほうせき・かがやき,もや・かげ,かっこいい,ミステリアス,
688,カメテテ,binacle,いわ,みず,brown,heads,ふたてポケモン,通常,いわ,みず,みず・うみ,いわ・つち・こうぶつ,,,つるつる・なめらか,ごつごつ・かたい,みずみずしい・うるおい,,,ふつう・ナチュラル,,ふくすうのあたま,みずのしぶき,とげ・こうぶつ結晶,ナチュラル,,
689,ガメノデス,barbaracle,いわ,みず,brown,heads,しゅうごうポケモン,通常,いわ,みず,みず・うみ,いわ・つち・こうぶつ,,,つるつる・なめらか,ごつごつ・かたい,みずみずしい・うるおい,,,ふつう・ナチュラル,,ふくすうのあたま,みずのしぶき,とげ・こうぶつ結晶,ナチュラル,,
690,クズモー,skrelp,どく,みず,brown,blob,クサモドキポケモン,通常,どく,みず,みず・うみ,どく,スライム・ぶよぶよ,,つるつる・なめらか,ねばねば・ぷにぷに,みずみずしい・うるおい,,,とぼけた・ユニーク,,シンプル・そぼく,みずのしぶき,とげ・ぶくぶく,ナチュラル,,
691,ドラミドロ,dragalge,どく,ドラゴン,brown,blob,クサモドキポケモン,通常,どく,ドラゴン,は虫類・ドラゴン,どく,スライム・ぶよぶよ,,うろこ,ねばねば・ぷにぷに,,,,りりしい・するどい,とぼけた・ユニーク,シンプル・そぼく,とげ・ぶくぶく,つの・うろこ模様,かっこいい,,
692,ウデッポウ,clauncher,みず,,blue,armor,みずでっぽうポケモン,通常,みず,,みず・うみ,,,,つるつる・なめらか,ごつごつ・かたい,こうかく・つや甲羅,みずみずしい・うるおい,,ものしずか・クール,,よろい・こうら,みずのしぶき,,ナチュラル,,
693,ブロスター,clawitzer,みず,,blue,squiggle,ランチャーポケモン,通常,みず,,みず・うみ,スライム・ぶよぶよ,,,つるつる・なめらか,ねばねば・ぷにぷに,みずみずしい・うるおい,,,ものしずか・クール,とぼけた・ユニーク,ほそながい,みずのしぶき,,ナチュラル,,
694,エリキテル,helioptile,でんき,ノーマル,yellow,upright,はつでんポケモン,通常,でんき,ノーマル,でんき,,,,おび電・スパーク,,,,,にこにこ・あどけない,,ちょくりつのすがた,でんきの模様・ギザギザ,,かわいい,,
695,エレザード,heliolisk,でんき,ノーマル,yellow,upright,はつでんポケモン,通常,でんき,ノーマル,でんき,,,,おび電・スパーク,,,,,にこにこ・あどけない,,ちょくりつのすがた,でんきの模様・ギザギザ,,かわいい,,
696,チゴラス,tyrunt,いわ,ドラゴン,brown,upright,ようくんポケモン,通常,いわ,ドラゴン,いわ・つち・こうぶつ,は虫類・ドラゴン,,,ごつごつ・かたい,うろこ,,,,りりしい・するどい,,ちょくりつのすがた,とげ・こうぶつ結晶,つの・うろこ模様,かっこいい,,
697,ガチゴラス,tyrantrum,いわ,ドラゴン,red,upright,ぼうくんポケモン,通常,いわ,ドラゴン,いわ・つち・こうぶつ,は虫類・ドラゴン,,,ごつごつ・かたい,うろこ,,,,りりしい・するどい,,ちょくりつのすがた,とげ・こうぶつ結晶,つの・うろこ模様,かっこいい,,
698,アマルス,amaura,いわ,こおり,blue,quadruped,ツンドラポケモン,通常,いわ,こおり,こおり・ゆき,いわ・つち・こうぶつ,,,つるつる・なめらか,ごつごつ・かたい,こおり・つめたい,,,ものしずか・クール,,よつあしのすがた,こおりのけっしょう,とげ・こうぶつ結晶,ナチュラル,,
699,アマルルガ,aurorus,いわ,こおり,blue,quadruped,ツンドラポケモン,通常,いわ,こおり,こおり・ゆき,いわ・つち・こうぶつ,,,つるつる・なめらか,ごつごつ・かたい,こおり・つめたい,,,ものしずか・クール,,よつあしのすがた,こおりのけっしょう,とげ・こうぶつ結晶,ナチュラル,,
700,ニンフィア,sylveon,フェアリー,,pink,quadruped,むすびつきポケモン,通常,フェアリー,,フェアリー・せいれい,,,,もこもこ・ふわふわ,,,,,にこにこ・あどけない,,よつあしのすがた,ほうせき・かがやき,,かわいい,,
701,ルチャブル,hawlucha,かくとう,ひこう,green,humanoid,レスリングポケモン,通常,かくとう,ひこう,ひとがた,,,,標準・なめらか,,,,,りりしい・するどい,,てあし・とくちょうてきなかお,つばさ・はね,,ゆうかん,おっとり,
702,デデンネ,dedenne,でんき,フェアリー,yellow,upright,アンテナポケモン,通常,でんき,フェアリー,でんき,フェアリー・せいれい,,,おび電・スパーク,,,,,にこにこ・あどけない,,ちょくりつのすがた,でんきの模様・ギザギザ,ほうせき・かがやき,かわいい,,
703,メレシー,carbink,いわ,フェアリー,gray,ball,ほうせきポケモン,通常,いわ,フェアリー,いわ・つち・こうぶつ,フェアリー・せいれい,,,もこもこ・ふわふわ,ごつごつ・かたい,,,,にこにこ・あどけない,,まるいフォルム,ほうせき・かがやき,とげ・こうぶつ結晶,かわいい,,
704,ヌメラ,goomy,ドラゴン,,purple,squiggle,なんたいポケモン,通常,ドラゴン,,は虫類・ドラゴン,スライム・ぶよぶよ,,,うろこ,ねばねば・ぷにぷに,,,,りりしい・するどい,ものしずか・クール,ほそながい,つの・うろこ模様,,かっこいい,ミステリアス,
705,ヌメイル,sliggoo,ドラゴン,,purple,squiggle,なんたいポケモン,通常,ドラゴン,,は虫類・ドラゴン,スライム・ぶよぶよ,,,うろこ,ねばねば・ぷにぷに,,,,りりしい・するどい,ものしずか・クール,ほそながい,つの・うろこ模様,,かっこいい,ミステリアス,
706,ヌメルゴン,goodra,ドラゴン,,purple,upright,ドラゴンポケモン,通常,ドラゴン,,は虫類・ドラゴン,,,,うろこ,,,,,りりしい・するどい,ものしずか・クール,ちょくりつのすがた,つの・うろこ模様,,かっこいい,ミステリアス,
707,クレッフィ,klefki,はがね,フェアリー,gray,ball,かぎたばポケモン,通常,はがね,フェアリー,きんぞく・メカ,フェアリー・せいれい,,,もこもこ・ふわふわ,きんぞく・メタリック,,,,にこにこ・あどけない,,まるいフォルム,ほうせき・かがやき,とげ・こうぶつ結晶,かわいい,かっこいい,
708,ボクレー,phantump,ゴースト,くさ,brown,arms,きりかぶポケモン,通常,ゴースト,くさ,しょくぶつ,ゴースト・れいたい,,,ねばねば・ぷにぷに,はっぱ・しょくぶつ質,もや・はんとうめい,,,ものしずか・クール,,たくましいうで,はっぱ・はな,もや・かげ,ミステリアス,,
709,オーロット,trevenant,ゴースト,くさ,brown,tentacles,ろうぼくポケモン,通常,ゴースト,くさ,しょくぶつ,ゴースト・れいたい,スライム・ぶよぶよ,,ねばねば・ぷにぷに,はっぱ・しょくぶつ質,もや・はんとうめい,,,ものしずか・クール,とぼけた・ユニーク,しょくしゅ・ひげ,はっぱ・はな,もや・かげ,ミステリアス,,
710,バケッチャ,pumpkaboo,ゴースト,くさ,brown,ball,かぼちゃポケモン,通常,ゴースト,くさ,しょくぶつ,ゴースト・れいたい,,,ねばねば・ぷにぷに,はっぱ・しょくぶつ質,もや・はんとうめい,,,にこにこ・あどけない,ものしずか・クール,まるいフォルム,はっぱ・はな,もや・かげ,かわいい,ミステリアス,
711,パンプジン,gourgeist,ゴースト,くさ,brown,blob,かぼちゃポケモン,通常,ゴースト,くさ,しょくぶつ,ゴースト・れいたい,スライム・ぶよぶよ,,ねばねば・ぷにぷに,はっぱ・しょくぶつ質,もや・はんとうめい,,,ものしずか・クール,とぼけた・ユニーク,シンプル・そぼく,はっぱ・はな,もや・かげ,ミステリアス,,
712,カチコール,bergmite,こおり,,blue,quadruped,ひょうかいポケモン,通常,こおり,,みず・うみ,こおり・ゆき,,,つるつる・なめらか,こおり・つめたい,,,,ものしずか・クール,,よつあしのすがた,こおりのけっしょう,,ナチュラル,,
713,クレベース,avalugg,こおり,,blue,quadruped,ひょうざんポケモン,通常,こおり,,こおり・ゆき,,,,つるつる・なめらか,こおり・つめたい,,,,ものしずか・クール,,よつあしのすがた,こおりのけっしょう,,ナチュラル,,
714,オンバット,noibat,ひこう,ドラゴン,purple,wings,おんぱポケモン,通常,ひこう,ドラゴン,は虫類・ドラゴン,とり・つばさ,,,うろこ,,,,,りりしい・するどい,ものしずか・クール,つばさ・はね,つの・うろこ模様,,かっこいい,ミステリアス,
715,オンバーン,noivern,ひこう,ドラゴン,purple,wings,おんぱポケモン,通常,ひこう,ドラゴン,は虫類・ドラゴン,とり・つばさ,,,うろこ,,,,,りりしい・するどい,ものしずか・クール,つばさ・はね,つの・うろこ模様,,かっこいい,ミステリアス,
716,ゼルネアス,xerneas,フェアリー,,blue,quadruped,せいめいポケモン,伝説,フェアリー,,フェアリー・せいれい,,,,もこもこ・ふわふわ,,,,,どうどう・威厳,にこにこ・あどけない,よつあしのすがた,ほうせき・かがやき,,そうごん・でんせつ,かわいい,
717,イベルタル,yveltal,あく,ひこう,red,wings,はかいポケモン,伝説,あく,ひこう,みず・うみ,とり・つばさ,あく・やみ,,標準・なめらか,,,,,どうどう・威厳,りりしい・するどい,つばさ・はね,もや・かげ,,そうごん・でんせつ,かっこいい,ミステリアス
718,ジガルデ,zygarde,ドラゴン,じめん,green,squiggle,ちつじょポケモン,伝説,ドラゴン,じめん,いわ・つち・こうぶつ,は虫類・ドラゴン,スライム・ぶよぶよ,,ごつごつ・かたい,うろこ,ねばねば・ぷにぷに,,,どうどう・威厳,りりしい・するどい,ほそながい,とげ・こうぶつ結晶,つの・うろこ模様,そうごん・でんせつ,かっこいい,おっとり
719,ディアンシー,diancie,いわ,フェアリー,pink,arms,ほうせきポケモン,幻,いわ,フェアリー,いわ・つち・こうぶつ,フェアリー・せいれい,,,ごつごつ・かたい,もや・はんとうめい,,,,どうどう・威厳,にこにこ・あどけない,たくましいうで,ほうせき・かがやき,とげ・こうぶつ結晶,そうごん・でんせつ,かわいい,
720,フーパ,hoopa,エスパー,ゴースト,purple,arms,いたずらポケモン,幻,エスパー,ゴースト,ゴースト・れいたい,エスパー・ふしぎ,,,ねばねば・ぷにぷに,もや・はんとうめい,,,,どうどう・威厳,ものしずか・クール,たくましいうで,ほうせき・かがやき,もや・かげ,そうごん・でんせつ,ミステリアス,
721,ボルケニオン,volcanion,ほのお,みず,brown,quadruped,スチームポケモン,幻,ほのお,みず,ほのお・マグマ,みず・うみ,,,つるつる・なめらか,ほのお・ねっき,みずみずしい・うるおい,もや・はんとうめい,,どうどう・威厳,おだやか・やさしい,よつあしのすがた,ほのおのかざり,みずのしぶき,そうごん・でんせつ,おっとり,
722,モクロー,rowlet,くさ,ひこう,brown,wings,くさばねポケモン,通常,くさ,ひこう,しょくぶつ,とり・つばさ,,,はっぱ・しょくぶつ質,,,,,ふつう・ナチュラル,,つばさ・はね,はっぱ・はな,,ナチュラル,,
723,フクスロー,dartrix,くさ,ひこう,brown,wings,はばねポケモン,通常,くさ,ひこう,しょくぶつ,とり・つばさ,,,はっぱ・しょくぶつ質,,,,,ふつう・ナチュラル,,つばさ・はね,はっぱ・はな,,ナチュラル,,
724,ジュナイパー,decidueye,くさ,ゴースト,brown,wings,やばねポケモン,通常,くさ,ゴースト,しょくぶつ,ゴースト・れいたい,,,ねばねば・ぷにぷに,はっぱ・しょくぶつ質,もや・はんとうめい,,,ものしずか・クール,,つばさ・はね,はっぱ・はな,もや・かげ,ミステリアス,,
725,ニャビー,litten,ほのお,,red,quadruped,ひねこポケモン,通常,ほのお,,ほのお・マグマ,,,,ほのお・ねっき,,,,,りりしい・するどい,,よつあしのすがた,ほのおのかざり,,ナチュラル,,
726,ニャヒート,torracat,ほのお,,red,quadruped,ひねこポケモン,通常,ほのお,,ほのお・マグマ,,,,ほのお・ねっき,,,,,りりしい・するどい,,よつあしのすがた,ほのおのかざり,,ナチュラル,,
727,ガオガエン,incineroar,ほのお,あく,red,upright,ヒールポケモン,通常,ほのお,あく,ほのお・マグマ,あく・やみ,,,ほのお・ねっき,,,,,りりしい・するどい,,ちょくりつのすがた,ほのおのかざり,もや・かげ,かっこいい,ゆうかん,ミステリアス
728,アシマリ,popplio,みず,,blue,fish,あしかポケモン,通常,みず,,みず・うみ,,,,つるつる・なめらか,みずみずしい・うるおい,,,,ものしずか・クール,,ひれ,みずのしぶき,,ナチュラル,,
729,オシャマリ,brionne,みず,,blue,fish,アイドルポケモン,通常,みず,,みず・うみ,,,,つるつる・なめらか,みずみずしい・うるおい,,,,ものしずか・クール,,ひれ,みずのしぶき,,ナチュラル,,
730,アシレーヌ,primarina,みず,フェアリー,blue,fish,ソリストポケモン,通常,みず,フェアリー,みず・うみ,フェアリー・せいれい,,,つるつる・なめらか,みずみずしい・うるおい,,,,にこにこ・あどけない,ものしずか・クール,ひれ,みずのしぶき,ほうせき・かがやき,かわいい,,
731,ツツケラ,pikipek,ノーマル,ひこう,black,wings,きつつきポケモン,通常,ノーマル,ひこう,とり・つばさ,,,,標準・なめらか,,,,,ふつう・ナチュラル,,つばさ・はね,,,ナチュラル,,
732,ケララッパ,trumbeak,ノーマル,ひこう,black,wings,ラッパぐちポケモン,通常,ノーマル,ひこう,とり・つばさ,,,,標準・なめらか,,,,,ふつう・ナチュラル,,つばさ・はね,,,ナチュラル,,
733,ドデカバシ,toucannon,ノーマル,ひこう,black,wings,おおづつポケモン,通常,ノーマル,ひこう,とり・つばさ,,,,標準・なめらか,,,,,ふつう・ナチュラル,,つばさ・はね,,,ナチュラル,,
734,ヤングース,yungoos,ノーマル,,brown,quadruped,うろつきポケモン,通常,ノーマル,,けもの・じゅう,,,,もこもこ・ふわふわ,,,,,おだやか・やさしい,,よつあしのすがた,,,おっとり,,
735,デカグース,gumshoos,ノーマル,,brown,quadruped,はりこみポケモン,通常,ノーマル,,けもの・じゅう,,,,もこもこ・ふわふわ,,,,,おだやか・やさしい,,よつあしのすがた,,,おっとり,,
736,アゴジムシ,grubbin,むし,,gray,armor,ようちゅうポケモン,通常,むし,,むし,,,,ごつごつ・かたい,こうかく・つや甲羅,,,,ふつう・ナチュラル,,よろい・こうら,,,ナチュラル,,
737,デンヂムシ,charjabug,むし,でんき,green,squiggle,バッテリーポケモン,通常,むし,でんき,でんき,むし,スライム・ぶよぶよ,,こうかく・つや甲羅,ねばねば・ぷにぷに,おび電・スパーク,,,とぼけた・ユニーク,,ほそながい,でんきの模様・ギザギザ,,おっとり,,
738,クワガノン,vikavolt,むし,でんき,blue,armor,くわがたポケモン,通常,むし,でんき,でんき,むし,,,ごつごつ・かたい,こうかく・つや甲羅,おび電・スパーク,,,ものしずか・クール,,よろい・こうら,でんきの模様・ギザギザ,,ナチュラル,,
739,マケンカニ,crabrawler,かくとう,,purple,armor,けんとうポケモン,通常,かくとう,,ひとがた,,,,ごつごつ・かたい,こうかく・つや甲羅,,,,りりしい・するどい,ものしずか・クール,よろい・こうら,,,ミステリアス,,
740,ケケンカニ,crabominable,かくとう,こおり,white,armor,けがにポケモン,通常,かくとう,こおり,こおり・ゆき,ひとがた,,,つるつる・なめらか,ごつごつ・かたい,こうかく・つや甲羅,こおり・つめたい,,りりしい・するどい,ものしずか・クール,よろい・こうら,こおりのけっしょう,,ナチュラル,,
741,オドリドリ,oricorio,ほのお,ひこう,red,wings,ダンスポケモン,通常,ほのお,ひこう,ほのお・マグマ,とり・つばさ,,,ほのお・ねっき,,,,,りりしい・するどい,,つばさ・はね,ほのおのかざり,,ナチュラル,,
742,アブリー,cutiefly,むし,フェアリー,yellow,armor,ツリアブポケモン,通常,むし,フェアリー,むし,フェアリー・せいれい,,,ごつごつ・かたい,こうかく・つや甲羅,,,,にこにこ・あどけない,,よろい・こうら,ほうせき・かがやき,,かわいい,,
743,アブリボン,ribombee,むし,フェアリー,yellow,bug-wings,ツリアブポケモン,通常,むし,フェアリー,むし,フェアリー・せいれい,,,こうかく・つや甲羅,,,,,にこにこ・あどけない,,むしのはね,ほうせき・かがやき,,かわいい,,
744,イワンコ,rockruff,いわ,,brown,quadruped,こいぬポケモン,通常,いわ,,いわ・つち・こうぶつ,けもの・じゅう,,,ごつごつ・かたい,,,,,ふつう・ナチュラル,,よつあしのすがた,とげ・こうぶつ結晶,,ナチュラル,,
745,ルガルガン,lycanroc,いわ,,brown,quadruped,オオカミポケモン,通常,いわ,,いわ・つち・こうぶつ,,,,ごつごつ・かたい,,,,,ふつう・ナチュラル,,よつあしのすがた,とげ・こうぶつ結晶,,ナチュラル,,
746,ヨワシ,wishiwashi,みず,,blue,fish,こざかなポケモン,通常,みず,,みず・うみ,,,,つるつる・なめらか,みずみずしい・うるおい,,,,ものしずか・クール,,ひれ,みずのしぶき,,ナチュラル,,
747,ヒドイデ,mareanie,どく,みず,blue,blob,ヒトデナシポケモン,通常,どく,みず,みず・うみ,どく,スライム・ぶよぶよ,,つるつる・なめらか,ねばねば・ぷにぷに,みずみずしい・うるおい,,,ものしずか・クール,とぼけた・ユニーク,シンプル・そぼく,みずのしぶき,とげ・ぶくぶく,ナチュラル,,
748,ドヒドイデ,toxapex,どく,みず,blue,tentacles,ヒトデナシポケモン,通常,どく,みず,みず・うみ,どく,スライム・ぶよぶよ,,つるつる・なめらか,ねばねば・ぷにぷに,みずみずしい・うるおい,,,ものしずか・クール,とぼけた・ユニーク,しょくしゅ・ひげ,みずのしぶき,とげ・ぶくぶく,ナチュラル,,
749,ドロバンコ,mudbray,じめん,,brown,quadruped,うさぎうまポケモン,通常,じめん,,いわ・つち・こうぶつ,けもの・じゅう,,,もこもこ・ふわふわ,ごつごつ・かたい,,,,ふつう・ナチュラル,,よつあしのすがた,とげ・こうぶつ結晶,,ナチュラル,,
750,バンバドロ,mudsdale,じめん,,brown,quadruped,ばんばポケモン,通常,じめん,,いわ・つち・こうぶつ,けもの・じゅう,,,ごつごつ・かたい,,,,,ふつう・ナチュラル,,よつあしのすがた,とげ・こうぶつ結晶,,ナチュラル,,
751,シズクモ,dewpider,みず,むし,green,legs,すいほうポケモン,通常,みず,むし,みず・うみ,むし,,,つるつる・なめらか,こうかく・つや甲羅,みずみずしい・うるおい,,,おだやか・やさしい,,あし・つめ,みずのしぶき,,おっとり,,
752,オニシズクモ,araquanid,みず,むし,green,armor,すいほうポケモン,通常,みず,むし,みず・うみ,むし,,,つるつる・なめらか,ごつごつ・かたい,こうかく・つや甲羅,みずみずしい・うるおい,,ふつう・ナチュラル,,よろい・こうら,みずのしぶき,,おっとり,,
753,カリキリ,fomantis,くさ,,pink,upright,かまくさポケモン,通常,くさ,,しょくぶつ,,,,はっぱ・しょくぶつ質,,,,,にこにこ・あどけない,,ちょくりつのすがた,はっぱ・はな,,かわいい,,
754,ラランテス,lurantis,くさ,,pink,humanoid,はなかまポケモン,通常,くさ,,しょくぶつ,ひとがた,,,はっぱ・しょくぶつ質,,,,,にこにこ・あどけない,,てあし・とくちょうてきなかお,はっぱ・はな,,かわいい,,
755,ネマシュ,morelull,くさ,フェアリー,purple,blob,はっこうポケモン,通常,くさ,フェアリー,しょくぶつ,フェアリー・せいれい,スライム・ぶよぶよ,,ねばねば・ぷにぷに,はっぱ・しょくぶつ質,,,,にこにこ・あどけない,ものしずか・クール,シンプル・そぼく,はっぱ・はな,ほうせき・かがやき,かわいい,ミステリアス,
756,マシェード,shiinotic,くさ,フェアリー,purple,humanoid,はっこうポケモン,通常,くさ,フェアリー,しょくぶつ,ひとがた,フェアリー・せいれい,,はっぱ・しょくぶつ質,,,,,にこにこ・あどけない,ものしずか・クール,てあし・とくちょうてきなかお,はっぱ・はな,ほうせき・かがやき,かわいい,ミステリアス,
757,ヤトウモリ,salandit,どく,ほのお,black,quadruped,どくトカゲポケモン,通常,どく,ほのお,ほのお・マグマ,は虫類・ドラゴン,どく,,うろこ,ねばねば・ぷにぷに,ほのお・ねっき,,,とぼけた・ユニーク,,よつあしのすがた,ほのおのかざり,とげ・ぶくぶく,ナチュラル,,
758,エンニュート,salazzle,どく,ほのお,black,quadruped,どくトカゲポケモン,通常,どく,ほのお,ほのお・マグマ,は虫類・ドラゴン,どく,,うろこ,ねばねば・ぷにぷに,ほのお・ねっき,,,とぼけた・ユニーク,,よつあしのすがた,ほのおのかざり,とげ・ぶくぶく,ナチュラル,,
759,ヌイコグマ,stufful,ノーマル,かくとう,pink,quadruped,じたばたポケモン,通常,ノーマル,かくとう,けもの・じゅう,ひとがた,,,もこもこ・ふわふわ,,,,,りりしい・するどい,にこにこ・あどけない,よつあしのすがた,,,かわいい,おっとり,
760,キテルグマ,bewear,ノーマル,かくとう,pink,upright,ごうわんポケモン,通常,ノーマル,かくとう,ひとがた,,,,標準・なめらか,,,,,りりしい・するどい,にこにこ・あどけない,ちょくりつのすがた,,,かわいい,ゆうかん,
761,アマカジ,bounsweet,くさ,,purple,legs,フルーツポケモン,通常,くさ,,しょくぶつ,,,,はっぱ・しょくぶつ質,,,,,おだやか・やさしい,ものしずか・クール,あし・つめ,はっぱ・はな,,ミステリアス,おっとり,
762,アママイコ,steenee,くさ,,purple,humanoid,フルーツポケモン,通常,くさ,,しょくぶつ,ひとがた,,,はっぱ・しょくぶつ質,,,,,ものしずか・クール,,てあし・とくちょうてきなかお,はっぱ・はな,,ミステリアス,,
763,アマージョ,tsareena,くさ,,purple,humanoid,フルーツポケモン,通常,くさ,,しょくぶつ,ひとがた,,,はっぱ・しょくぶつ質,,,,,ものしずか・クール,,てあし・とくちょうてきなかお,はっぱ・はな,,ミステリアス,,
764,キュワワー,comfey,フェアリー,,green,ball,はなつみポケモン,通常,フェアリー,,しょくぶつ,フェアリー・せいれい,,,もこもこ・ふわふわ,,,,,にこにこ・あどけない,,まるいフォルム,ほうせき・かがやき,,かわいい,おっとり,
765,ヤレユータン,oranguru,ノーマル,エスパー,white,humanoid,けんじゃポケモン,通常,ノーマル,エスパー,ひとがた,エスパー・ふしぎ,,,標準・なめらか,,,,,ものしずか・クール,,てあし・とくちょうてきなかお,ほうせき・かがやき,,ミステリアス,,
766,ナゲツケサル,passimian,かくとう,,white,upright,れんけいポケモン,通常,かくとう,,ひとがた,,,,標準・なめらか,,,,,りりしい・するどい,,ちょくりつのすがた,,,ゆうかん,,
767,コソクムシ,wimpod,むし,みず,gray,tentacles,そうこうポケモン,通常,むし,みず,みず・うみ,むし,スライム・ぶよぶよ,,つるつる・なめらか,こうかく・つや甲羅,みずみずしい・うるおい,,,とぼけた・ユニーク,,しょくしゅ・ひげ,みずのしぶき,,ナチュラル,,
768,グソクムシャ,golisopod,むし,みず,gray,humanoid,そうこうポケモン,通常,むし,みず,みず・うみ,むし,ひとがた,,つるつる・なめらか,こうかく・つや甲羅,みずみずしい・うるおい,,,ふつう・ナチュラル,,てあし・とくちょうてきなかお,みずのしぶき,,ナチュラル,,
769,スナバァ,sandygast,ゴースト,じめん,brown,squiggle,すなやまポケモン,通常,ゴースト,じめん,いわ・つち・こうぶつ,ゴースト・れいたい,スライム・ぶよぶよ,,ごつごつ・かたい,ねばねば・ぷにぷに,もや・はんとうめい,,,ものしずか・クール,とぼけた・ユニーク,ほそながい,もや・かげ,とげ・こうぶつ結晶,ミステリアス,,
770,シロデスナ,palossand,ゴースト,じめん,brown,squiggle,すなのしろポケモン,通常,ゴースト,じめん,いわ・つち・こうぶつ,ゴースト・れいたい,スライム・ぶよぶよ,,ごつごつ・かたい,ねばねば・ぷにぷに,もや・はんとうめい,,,ものしずか・クール,とぼけた・ユニーク,ほそながい,もや・かげ,とげ・こうぶつ結晶,ミステリアス,,
771,ナマコブシ,pyukumuku,みず,,black,squiggle,なまこポケモン,通常,みず,,みず・うみ,スライム・ぶよぶよ,,,つるつる・なめらか,ねばねば・ぷにぷに,みずみずしい・うるおい,,,とぼけた・ユニーク,,ほそながい,みずのしぶき,,ナチュラル,,
772,タイプ：ヌル,type-null,ノーマル,,gray,quadruped,じんこうポケモン,伝説,ノーマル,,けもの・じゅう,,,,もこもこ・ふわふわ,,,,,どうどう・威厳,おだやか・やさしい,よつあしのすがた,,,そうごん・でんせつ,おっとり,
773,シルヴァディ,silvally,ノーマル,,gray,quadruped,じんこうポケモン,伝説,ノーマル,,けもの・じゅう,,,,もこもこ・ふわふわ,,,,,どうどう・威厳,おだやか・やさしい,よつあしのすがた,,,そうごん・でんせつ,おっとり,
774,メテノ,minior,いわ,ひこう,brown,ball,ながれぼしポケモン,通常,いわ,ひこう,いわ・つち・こうぶつ,,,,ごつごつ・かたい,,,,,にこにこ・あどけない,,まるいフォルム,つばさ・はね,とげ・こうぶつ結晶,かわいい,,
775,ネッコアラ,komala,ノーマル,,blue,humanoid,ゆめうつつポケモン,通常,ノーマル,,ひとがた,,,,標準・なめらか,,,,,ものしずか・クール,,てあし・とくちょうてきなかお,,,ナチュラル,,
776,バクガメス,turtonator,ほのお,ドラゴン,red,upright,ばくはつがめポケモン,通常,ほのお,ドラゴン,ほのお・マグマ,は虫類・ドラゴン,,,うろこ,ほのお・ねっき,,,,りりしい・するどい,,ちょくりつのすがた,ほのおのかざり,つの・うろこ模様,かっこいい,ゆうかん,
777,トゲデマル,togedemaru,でんき,はがね,gray,upright,まるまりポケモン,通常,でんき,はがね,でんき,きんぞく・メカ,,,きんぞく・メタリック,おび電・スパーク,,,,ふつう・ナチュラル,,ちょくりつのすがた,でんきの模様・ギザギザ,とげ・こうぶつ結晶,かっこいい,,
778,ミミッキュ,mimikyu,ゴースト,フェアリー,yellow,squiggle,ばけのかわポケモン,通常,ゴースト,フェアリー,ゴースト・れいたい,フェアリー・せいれい,スライム・ぶよぶよ,,ねばねば・ぷにぷに,もや・はんとうめい,,,,にこにこ・あどけない,ものしずか・クール,ほそながい,ほうせき・かがやき,もや・かげ,かわいい,ミステリアス,
779,ハギギシリ,bruxish,みず,エスパー,pink,fish,はぎしりポケモン,通常,みず,エスパー,みず・うみ,エスパー・ふしぎ,,,つるつる・なめらか,みずみずしい・うるおい,,,,にこにこ・あどけない,ものしずか・クール,ひれ,みずのしぶき,ほうせき・かがやき,かわいい,ミステリアス,
780,ジジーロン,drampa,ノーマル,ドラゴン,white,squiggle,ゆうゆうポケモン,通常,ノーマル,ドラゴン,は虫類・ドラゴン,スライム・ぶよぶよ,,,うろこ,ねばねば・ぷにぷに,,,,りりしい・するどい,とぼけた・ユニーク,ほそながい,つの・うろこ模様,,かっこいい,,
781,ダダリン,dhelmise,ゴースト,くさ,green,blob,もくずポケモン,通常,ゴースト,くさ,しょくぶつ,ゴースト・れいたい,スライム・ぶよぶよ,,ねばねば・ぷにぷに,はっぱ・しょくぶつ質,もや・はんとうめい,,,ものしずか・クール,とぼけた・ユニーク,シンプル・そぼく,はっぱ・はな,もや・かげ,ミステリアス,おっとり,
782,ジャラコ,jangmo-o,ドラゴン,,gray,quadruped,うろこポケモン,通常,ドラゴン,,は虫類・ドラゴン,,,,うろこ,,,,,りりしい・するどい,,よつあしのすがた,つの・うろこ模様,,かっこいい,,
783,ジャランゴ,hakamo-o,ドラゴン,かくとう,gray,upright,うろこポケモン,通常,ドラゴン,かくとう,は虫類・ドラゴン,ひとがた,,,うろこ,,,,,りりしい・するどい,,ちょくりつのすがた,つの・うろこ模様,,かっこいい,ゆうかん,
784,ジャラランガ,kommo-o,ドラゴン,かくとう,gray,upright,うろこポケモン,通常,ドラゴン,かくとう,は虫類・ドラゴン,ひとがた,,,うろこ,,,,,りりしい・するどい,,ちょくりつのすがた,つの・うろこ模様,,かっこいい,ゆうかん,
785,カプ・コケコ,tapu-koko,でんき,フェアリー,yellow,arms,とちがみポケモン,伝説,でんき,フェアリー,でんき,フェアリー・せいれい,,,おび電・スパーク,,,,,どうどう・威厳,にこにこ・あどけない,たくましいうで,でんきの模様・ギザギザ,ほうせき・かがやき,そうごん・でんせつ,かわいい,
786,カプ・テテフ,tapu-lele,エスパー,フェアリー,pink,arms,とちがみポケモン,伝説,エスパー,フェアリー,エスパー・ふしぎ,フェアリー・せいれい,,,標準・なめらか,,,,,どうどう・威厳,にこにこ・あどけない,たくましいうで,ほうせき・かがやき,,そうごん・でんせつ,かわいい,ミステリアス
787,カプ・ブルル,tapu-bulu,くさ,フェアリー,red,arms,とちがみポケモン,伝説,くさ,フェアリー,しょくぶつ,フェアリー・せいれい,,,はっぱ・しょくぶつ質,,,,,どうどう・威厳,りりしい・するどい,たくましいうで,はっぱ・はな,ほうせき・かがやき,そうごん・でんせつ,かわいい,
788,カプ・レヒレ,tapu-fini,みず,フェアリー,purple,arms,とちがみポケモン,伝説,みず,フェアリー,みず・うみ,フェアリー・せいれい,,,つるつる・なめらか,みずみずしい・うるおい,,,,どうどう・威厳,にこにこ・あどけない,たくましいうで,みずのしぶき,ほうせき・かがやき,そうごん・でんせつ,かわいい,ミステリアス
789,コスモッグ,cosmog,エスパー,,blue,ball,せいうんポケモン,伝説,エスパー,,エスパー・ふしぎ,,,,標準・なめらか,,,,,どうどう・威厳,にこにこ・あどけない,まるいフォルム,ほうせき・かがやき,,そうごん・でんせつ,かわいい,ミステリアス
790,コスモウム,cosmoem,エスパー,,blue,ball,げんしせいポケモン,伝説,エスパー,,エスパー・ふしぎ,,,,標準・なめらか,,,,,どうどう・威厳,にこにこ・あどけない,まるいフォルム,ほうせき・かがやき,,そうごん・でんせつ,かわいい,ミステリアス
791,ソルガレオ,solgaleo,エスパー,はがね,white,quadruped,にちりんポケモン,伝説,エスパー,はがね,きんぞく・メカ,エスパー・ふしぎ,,,きんぞく・メタリック,,,,,どうどう・威厳,ものしずか・クール,よつあしのすがた,ほうせき・かがやき,とげ・こうぶつ結晶,そうごん・でんせつ,かっこいい,ミステリアス
792,ルナアーラ,lunala,エスパー,ゴースト,purple,wings,がちりんポケモン,伝説,エスパー,ゴースト,ゴースト・れいたい,エスパー・ふしぎ,,,ねばねば・ぷにぷに,もや・はんとうめい,,,,どうどう・威厳,ものしずか・クール,つばさ・はね,ほうせき・かがやき,もや・かげ,そうごん・でんせつ,ミステリアス,
793,ウツロイド,nihilego,いわ,どく,white,tentacles,きせいポケモン,通常,いわ,どく,いわ・つち・こうぶつ,どく,スライム・ぶよぶよ,,ごつごつ・かたい,ねばねば・ぷにぷに,,,,とぼけた・ユニーク,,しょくしゅ・ひげ,とげ・こうぶつ結晶,とげ・ぶくぶく,ナチュラル,,
794,マッシブーン,buzzwole,むし,かくとう,red,tentacles,ぼうちょうポケモン,通常,むし,かくとう,むし,ひとがた,スライム・ぶよぶよ,,こうかく・つや甲羅,,,,,りりしい・するどい,とぼけた・ユニーク,しょくしゅ・ひげ,,,ナチュラル,,
795,フェローチェ,pheromosa,むし,かくとう,white,humanoid,えんびポケモン,通常,むし,かくとう,むし,ひとがた,,,こうかく・つや甲羅,,,,,りりしい・するどい,,てあし・とくちょうてきなかお,,,ゆうかん,,
796,デンジュモク,xurkitree,でんき,,black,upright,でんしょくポケモン,通常,でんき,,でんき,,,,おび電・スパーク,,,,,ふつう・ナチュラル,,ちょくりつのすがた,でんきの模様・ギザギザ,,かっこいい,,
797,テッカグヤ,celesteela,はがね,ひこう,green,humanoid,うちあげポケモン,通常,はがね,ひこう,きんぞく・メカ,ひとがた,,,きんぞく・メタリック,,,,,ふつう・ナチュラル,,てあし・とくちょうてきなかお,つばさ・はね,とげ・こうぶつ結晶,かっこいい,おっとり,
798,カミツルギ,kartana,くさ,はがね,white,humanoid,ばっとうポケモン,通常,くさ,はがね,しょくぶつ,きんぞく・メカ,ひとがた,,きんぞく・メタリック,はっぱ・しょくぶつ質,,,,ふつう・ナチュラル,,てあし・とくちょうてきなかお,はっぱ・はな,とげ・こうぶつ結晶,かっこいい,,
799,アクジキング,guzzlord,あく,ドラゴン,black,upright,あくじきポケモン,通常,あく,ドラゴン,は虫類・ドラゴン,あく・やみ,,,うろこ,,,,,りりしい・するどい,,ちょくりつのすがた,もや・かげ,つの・うろこ模様,かっこいい,ミステリアス,
800,ネクロズマ,necrozma,エスパー,,black,arms,プリズムポケモン,伝説,エスパー,,エスパー・ふしぎ,,,,標準・なめらか,,,,,どうどう・威厳,ものしずか・クール,たくましいうで,ほうせき・かがやき,,そうごん・でんせつ,ミステリアス,
801,マギアナ,magearna,はがね,フェアリー,gray,humanoid,じんぞうポケモン,幻,はがね,フェアリー,きんぞく・メカ,ひとがた,フェアリー・せいれい,,きんぞく・メタリック,もや・はんとうめい,,,,どうどう・威厳,にこにこ・あどけない,てあし・とくちょうてきなかお,ほうせき・かがやき,とげ・こうぶつ結晶,そうごん・でんせつ,かわいい,かっこいい
802,マーシャドー,marshadow,かくとう,ゴースト,gray,humanoid,かげすみポケモン,幻,かくとう,ゴースト,ひとがた,ゴースト・れいたい,,,ねばねば・ぷにぷに,もや・はんとうめい,,,,どうどう・威厳,りりしい・するどい,てあし・とくちょうてきなかお,もや・かげ,,そうごん・でんせつ,ゆうかん,ミステリアス
803,ベベノム,poipole,どく,,purple,upright,どくばりポケモン,通常,どく,,どく,,,,ねばねば・ぷにぷに,,,,,ものしずか・クール,とぼけた・ユニーク,ちょくりつのすがた,とげ・ぶくぶく,,ミステリアス,,
804,アーゴヨン,naganadel,どく,ドラゴン,purple,wings,どくばりポケモン,通常,どく,ドラゴン,は虫類・ドラゴン,どく,,,うろこ,ねばねば・ぷにぷに,,,,りりしい・するどい,ものしずか・クール,つばさ・はね,とげ・ぶくぶく,つの・うろこ模様,かっこいい,ミステリアス,
805,ツンデツンデ,stakataka,いわ,はがね,gray,quadruped,いしがきポケモン,通常,いわ,はがね,いわ・つち・こうぶつ,きんぞく・メカ,,,ごつごつ・かたい,きんぞく・メタリック,,,,ふつう・ナチュラル,,よつあしのすがた,とげ・こうぶつ結晶,,かっこいい,,
806,ズガドーン,blacephalon,ほのお,ゴースト,white,humanoid,はなびポケモン,通常,ほのお,ゴースト,しょくぶつ,ほのお・マグマ,ひとがた,ゴースト・れいたい,ねばねば・ぷにぷに,ほのお・ねっき,もや・はんとうめい,,,ものしずか・クール,,てあし・とくちょうてきなかお,ほのおのかざり,もや・かげ,ゆうかん,ミステリアス,
807,ゼラオラ,zeraora,でんき,,yellow,humanoid,じんらいポケモン,幻,でんき,,でんき,ひとがた,,,おび電・スパーク,もや・はんとうめい,,,,どうどう・威厳,にこにこ・あどけない,てあし・とくちょうてきなかお,でんきの模様・ギザギザ,,そうごん・でんせつ,かわいい,
808,メルタン,meltan,はがね,,gray,ball,ナットポケモン,幻,はがね,,きんぞく・メカ,,,,きんぞく・メタリック,もや・はんとうめい,,,,どうどう・威厳,にこにこ・あどけない,まるいフォルム,とげ・こうぶつ結晶,,そうごん・でんせつ,かわいい,かっこいい
809,メルメタル,melmetal,はがね,,gray,humanoid,ナットポケモン,幻,はがね,,きんぞく・メカ,ひとがた,,,きんぞく・メタリック,もや・はんとうめい,,,,どうどう・威厳,,てあし・とくちょうてきなかお,とげ・こうぶつ結晶,,そうごん・でんせつ,かっこいい,
810,サルノリ,grookey,くさ,,green,upright,こざるポケモン,通常,くさ,,しょくぶつ,,,,はっぱ・しょくぶつ質,,,,,ふつう・ナチュラル,,ちょくりつのすがた,はっぱ・はな,,おっとり,,
811,バチンキー,thwackey,くさ,,green,upright,ビートポケモン,通常,くさ,,しょくぶつ,,,,はっぱ・しょくぶつ質,,,,,ふつう・ナチュラル,,ちょくりつのすがた,はっぱ・はな,,おっとり,,
812,ゴリランダー,rillaboom,くさ,,green,humanoid,ドラマーポケモン,通常,くさ,,しょくぶつ,ひとがた,,,はっぱ・しょくぶつ質,,,,,ふつう・ナチュラル,,てあし・とくちょうてきなかお,はっぱ・はな,,おっとり,,
813,ヒバニー,scorbunny,ほのお,,white,upright,うさぎポケモン,通常,ほのお,,ほのお・マグマ,,,,もこもこ・ふわふわ,ほのお・ねっき,,,,ふつう・ナチュラル,,ちょくりつのすがた,ほのおのかざり,,ゆうかん,,
814,ラビフット,raboot,ほのお,,gray,upright,うさぎポケモン,通常,ほのお,,ほのお・マグマ,,,,もこもこ・ふわふわ,ほのお・ねっき,,,,ふつう・ナチュラル,,ちょくりつのすがた,ほのおのかざり,,ゆうかん,,
815,エースバーン,cinderace,ほのお,,white,upright,ストライカーポケモン,通常,ほのお,,ほのお・マグマ,,,,ほのお・ねっき,,,,,ふつう・ナチュラル,,ちょくりつのすがた,ほのおのかざり,,ゆうかん,,
816,メッソン,sobble,みず,,blue,quadruped,みずとかげポケモン,通常,みず,,みず・うみ,,,,つるつる・なめらか,みずみずしい・うるおい,,,,おだやか・やさしい,ものしずか・クール,よつあしのすがた,みずのしぶき,,おっとり,,
817,ジメレオン,drizzile,みず,,blue,upright,みずとかげポケモン,通常,みず,,みず・うみ,,,,つるつる・なめらか,みずみずしい・うるおい,,,,ものしずか・クール,,ちょくりつのすがた,みずのしぶき,,ナチュラル,,
818,インテレオン,inteleon,みず,,blue,upright,エージェントポケモン,通常,みず,,みず・うみ,,,,つるつる・なめらか,みずみずしい・うるおい,,,,ものしずか・クール,,ちょくりつのすがた,みずのしぶき,,ナチュラル,,
819,ホシガリス,skwovet,ノーマル,,brown,upright,ほおばりポケモン,通常,ノーマル,,その他・不定形,,,,標準・なめらか,,,,,ふつう・ナチュラル,,ちょくりつのすがた,,,ナチュラル,,
820,ヨクバリス,greedent,ノーマル,,brown,upright,よくばりポケモン,通常,ノーマル,,その他・不定形,,,,標準・なめらか,,,,,ふつう・ナチュラル,,ちょくりつのすがた,,,ナチュラル,,
821,ココガラ,rookidee,ひこう,,blue,wings,ことりポケモン,通常,ひこう,,とり・つばさ,,,,標準・なめらか,,,,,ものしずか・クール,,つばさ・はね,,,ナチュラル,,
822,アオガラス,corvisquire,ひこう,,blue,wings,カラスポケモン,通常,ひこう,,とり・つばさ,,,,標準・なめらか,,,,,ものしずか・クール,,つばさ・はね,,,ナチュラル,,
823,アーマーガア,corviknight,ひこう,はがね,purple,wings,カラスポケモン,通常,ひこう,はがね,きんぞく・メカ,とり・つばさ,,,きんぞく・メタリック,,,,,ものしずか・クール,,つばさ・はね,とげ・こうぶつ結晶,,かっこいい,ミステリアス,
824,サッチムシ,blipbug,むし,,blue,armor,ようちゅうポケモン,通常,むし,,むし,,,,ごつごつ・かたい,こうかく・つや甲羅,,,,ものしずか・クール,,よろい・こうら,,,ナチュラル,,
825,レドームシ,dottler,むし,エスパー,yellow,armor,レドームポケモン,通常,むし,エスパー,むし,エスパー・ふしぎ,,,ごつごつ・かたい,こうかく・つや甲羅,,,,にこにこ・あどけない,ものしずか・クール,よろい・こうら,ほうせき・かがやき,,かわいい,ミステリアス,
826,イオルブ,orbeetle,むし,エスパー,red,wings,ななほしポケモン,通常,むし,エスパー,むし,エスパー・ふしぎ,,,こうかく・つや甲羅,,,,,りりしい・するどい,ものしずか・クール,つばさ・はね,ほうせき・かがやき,,ミステリアス,,
827,クスネ,nickit,あく,,brown,quadruped,きつねポケモン,通常,あく,,けもの・じゅう,あく・やみ,,,標準・なめらか,,,,,りりしい・するどい,,よつあしのすがた,もや・かげ,,かっこいい,ミステリアス,
828,フォクスライ,thievul,あく,,brown,quadruped,きつねポケモン,通常,あく,,けもの・じゅう,あく・やみ,,,標準・なめらか,,,,,りりしい・するどい,,よつあしのすがた,もや・かげ,,かっこいい,ミステリアス,
829,ヒメンカ,gossifleur,くさ,,green,blob,はなかざりポケモン,通常,くさ,,しょくぶつ,スライム・ぶよぶよ,,,ねばねば・ぷにぷに,はっぱ・しょくぶつ質,,,,とぼけた・ユニーク,,シンプル・そぼく,はっぱ・はな,,おっとり,,
830,ワタシラガ,eldegoss,くさ,,green,blob,わたかざりポケモン,通常,くさ,,しょくぶつ,スライム・ぶよぶよ,,,ねばねば・ぷにぷに,はっぱ・しょくぶつ質,,,,とぼけた・ユニーク,,シンプル・そぼく,はっぱ・はな,,おっとり,,
831,ウールー,wooloo,ノーマル,,white,quadruped,ひつじポケモン,通常,ノーマル,,けもの・じゅう,,,,もこもこ・ふわふわ,,,,,おだやか・やさしい,,よつあしのすがた,,,おっとり,,
832,バイウールー,dubwool,ノーマル,,white,quadruped,ひつじポケモン,通常,ノーマル,,けもの・じゅう,,,,もこもこ・ふわふわ,,,,,おだやか・やさしい,,よつあしのすがた,,,おっとり,,
833,カムカメ,chewtle,みず,,green,quadruped,くいつきポケモン,通常,みず,,みず・うみ,,,,つるつる・なめらか,みずみずしい・うるおい,,,,おだやか・やさしい,,よつあしのすがた,みずのしぶき,,おっとり,,
834,カジリガメ,drednaw,みず,いわ,green,quadruped,かみつきポケモン,通常,みず,いわ,みず・うみ,いわ・つち・こうぶつ,,,つるつる・なめらか,ごつごつ・かたい,みずみずしい・うるおい,,,おだやか・やさしい,,よつあしのすがた,みずのしぶき,とげ・こうぶつ結晶,おっとり,,
835,ワンパチ,yamper,でんき,,yellow,quadruped,こいぬポケモン,通常,でんき,,でんき,けもの・じゅう,,,おび電・スパーク,,,,,にこにこ・あどけない,,よつあしのすがた,でんきの模様・ギザギザ,,かわいい,,
836,パルスワン,boltund,でんき,,yellow,quadruped,いぬポケモン,通常,でんき,,でんき,けもの・じゅう,,,おび電・スパーク,,,,,にこにこ・あどけない,,よつあしのすがた,でんきの模様・ギザギザ,,かわいい,,
837,タンドン,rolycoly,いわ,,black,ball,せきたんポケモン,通常,いわ,,いわ・つち・こうぶつ,,,,ごつごつ・かたい,,,,,にこにこ・あどけない,,まるいフォルム,とげ・こうぶつ結晶,,かわいい,,
838,トロッゴン,carkol,いわ,ほのお,black,legs,せきたんポケモン,通常,いわ,ほのお,ほのお・マグマ,いわ・つち・こうぶつ,,,ごつごつ・かたい,ほのお・ねっき,,,,ふつう・ナチュラル,,あし・つめ,ほのおのかざり,とげ・こうぶつ結晶,ナチュラル,,
839,セキタンザン,coalossal,いわ,ほのお,black,humanoid,せきたんポケモン,通常,いわ,ほのお,ほのお・マグマ,いわ・つち・こうぶつ,ひとがた,,ごつごつ・かたい,ほのお・ねっき,,,,ふつう・ナチュラル,,てあし・とくちょうてきなかお,ほのおのかざり,とげ・こうぶつ結晶,かっこいい,ゆうかん,
840,カジッチュ,applin,くさ,ドラゴン,green,squiggle,りんごぐらしポケモン,通常,くさ,ドラゴン,しょくぶつ,は虫類・ドラゴン,スライム・ぶよぶよ,,うろこ,ねばねば・ぷにぷに,はっぱ・しょくぶつ質,,,りりしい・するどい,とぼけた・ユニーク,ほそながい,はっぱ・はな,つの・うろこ模様,かっこいい,おっとり,
841,アップリュー,flapple,くさ,ドラゴン,green,wings,りんごはねポケモン,通常,くさ,ドラゴン,しょくぶつ,は虫類・ドラゴン,,,うろこ,はっぱ・しょくぶつ質,,,,りりしい・するどい,,つばさ・はね,はっぱ・はな,つの・うろこ模様,かっこいい,おっとり,
842,タルップル,appletun,くさ,ドラゴン,green,quadruped,りんごじるポケモン,通常,くさ,ドラゴン,しょくぶつ,は虫類・ドラゴン,,,うろこ,はっぱ・しょくぶつ質,,,,りりしい・するどい,おだやか・やさしい,よつあしのすがた,はっぱ・はな,つの・うろこ模様,かっこいい,おっとり,
843,スナヘビ,silicobra,じめん,,green,squiggle,すなへびポケモン,通常,じめん,,いわ・つち・こうぶつ,は虫類・ドラゴン,スライム・ぶよぶよ,,ごつごつ・かたい,うろこ,ねばねば・ぷにぷに,,,とぼけた・ユニーク,,ほそながい,とげ・こうぶつ結晶,,おっとり,,
844,サダイジャ,sandaconda,じめん,,green,squiggle,すなへびポケモン,通常,じめん,,いわ・つち・こうぶつ,は虫類・ドラゴン,スライム・ぶよぶよ,,ごつごつ・かたい,うろこ,ねばねば・ぷにぷに,,,とぼけた・ユニーク,,ほそながい,とげ・こうぶつ結晶,,おっとり,,
845,ウッウ,cramorant,ひこう,みず,blue,wings,うのみポケモン,通常,ひこう,みず,みず・うみ,とり・つばさ,,,つるつる・なめらか,みずみずしい・うるおい,,,,ものしずか・クール,,つばさ・はね,みずのしぶき,,ナチュラル,,
846,サシカマス,arrokuda,みず,,brown,fish,とつげきポケモン,通常,みず,,みず・うみ,,,,つるつる・なめらか,みずみずしい・うるおい,,,,ふつう・ナチュラル,,ひれ,みずのしぶき,,ナチュラル,,
847,カマスジョー,barraskewda,みず,,brown,fish,くしざしポケモン,通常,みず,,みず・うみ,,,,つるつる・なめらか,みずみずしい・うるおい,,,,ふつう・ナチュラル,,ひれ,みずのしぶき,,ナチュラル,,
848,エレズン,toxel,でんき,どく,purple,upright,あかごポケモン,通常,でんき,どく,でんき,どく,,,ねばねば・ぷにぷに,おび電・スパーク,,,,ものしずか・クール,とぼけた・ユニーク,ちょくりつのすがた,でんきの模様・ギザギザ,とげ・ぶくぶく,ミステリアス,,
849,ストリンダー,toxtricity,でんき,どく,purple,upright,パンクポケモン,通常,でんき,どく,でんき,どく,,,ねばねば・ぷにぷに,おび電・スパーク,,,,ものしずか・クール,とぼけた・ユニーク,ちょくりつのすがた,でんきの模様・ギザギザ,とげ・ぶくぶく,ミステリアス,,
850,ヤクデ,sizzlipede,ほのお,むし,red,tentacles,はつねつポケモン,通常,ほのお,むし,ほのお・マグマ,むし,スライム・ぶよぶよ,,こうかく・つや甲羅,ほのお・ねっき,,,,りりしい・するどい,とぼけた・ユニーク,しょくしゅ・ひげ,ほのおのかざり,,ナチュラル,,
851,マルヤクデ,centiskorch,ほのお,むし,red,tentacles,はつねつポケモン,通常,ほのお,むし,ほのお・マグマ,むし,スライム・ぶよぶよ,,こうかく・つや甲羅,ほのお・ねっき,,,,りりしい・するどい,とぼけた・ユニーク,しょくしゅ・ひげ,ほのおのかざり,,ナチュラル,,
852,タタッコ,clobbopus,かくとう,,brown,tentacles,だだっこポケモン,通常,かくとう,,ひとがた,スライム・ぶよぶよ,,,標準・なめらか,,,,,りりしい・するどい,とぼけた・ユニーク,しょくしゅ・ひげ,,,ナチュラル,,
853,オトスパス,grapploct,かくとう,,blue,tentacles,じゅうじゅつポケモン,通常,かくとう,,ひとがた,スライム・ぶよぶよ,,,標準・なめらか,,,,,りりしい・するどい,ものしずか・クール,しょくしゅ・ひげ,,,ナチュラル,,
854,ヤバチャ,sinistea,ゴースト,,purple,ball,こうちゃポケモン,通常,ゴースト,,ゴースト・れいたい,,,,ねばねば・ぷにぷに,もや・はんとうめい,,,,にこにこ・あどけない,ものしずか・クール,まるいフォルム,もや・かげ,,かわいい,ミステリアス,
855,ポットデス,polteageist,ゴースト,,purple,ball,こうちゃポケモン,通常,ゴースト,,ゴースト・れいたい,,,,ねばねば・ぷにぷに,もや・はんとうめい,,,,にこにこ・あどけない,ものしずか・クール,まるいフォルム,もや・かげ,,かわいい,ミステリアス,
856,ミブリム,hatenna,エスパー,,pink,legs,おだやかポケモン,通常,エスパー,,エスパー・ふしぎ,,,,標準・なめらか,,,,,にこにこ・あどけない,ものしずか・クール,あし・つめ,ほうせき・かがやき,,かわいい,ミステリアス,
857,テブリム,hattrem,エスパー,,pink,humanoid,せいしゅくポケモン,通常,エスパー,,いわ・つち・こうぶつ,ひとがた,エスパー・ふしぎ,,標準・なめらか,,,,,にこにこ・あどけない,ものしずか・クール,てあし・とくちょうてきなかお,ほうせき・かがやき,,かわいい,ミステリアス,
858,ブリムオン,hatterene,エスパー,フェアリー,pink,blob,せいじゃくポケモン,通常,エスパー,フェアリー,エスパー・ふしぎ,フェアリー・せいれい,スライム・ぶよぶよ,,ねばねば・ぷにぷに,,,,,にこにこ・あどけない,ものしずか・クール,シンプル・そぼく,ほうせき・かがやき,,かわいい,ミステリアス,
859,ベロバー,impidimp,あく,フェアリー,pink,humanoid,いじわるポケモン,通常,あく,フェアリー,ひとがた,あく・やみ,フェアリー・せいれい,,標準・なめらか,,,,,りりしい・するどい,にこにこ・あどけない,てあし・とくちょうてきなかお,ほうせき・かがやき,もや・かげ,かわいい,かっこいい,ミステリアス
860,ギモー,morgrem,あく,フェアリー,pink,humanoid,しょうわるポケモン,通常,あく,フェアリー,ひとがた,あく・やみ,フェアリー・せいれい,,標準・なめらか,,,,,りりしい・するどい,にこにこ・あどけない,てあし・とくちょうてきなかお,ほうせき・かがやき,もや・かげ,かわいい,かっこいい,ミステリアス
861,オーロンゲ,grimmsnarl,あく,フェアリー,purple,humanoid,ビルドアップポケモン,通常,あく,フェアリー,ひとがた,あく・やみ,フェアリー・せいれい,,標準・なめらか,,,,,りりしい・するどい,にこにこ・あどけない,てあし・とくちょうてきなかお,ほうせき・かがやき,もや・かげ,かわいい,かっこいい,ミステリアス
862,タチフサグマ,obstagoon,あく,ノーマル,gray,upright,ていしポケモン,通常,あく,ノーマル,いわ・つち・こうぶつ,あく・やみ,,,標準・なめらか,,,,,りりしい・するどい,,ちょくりつのすがた,もや・かげ,,かっこいい,ミステリアス,
863,ニャイキング,perrserker,はがね,,brown,upright,バイキングポケモン,通常,はがね,,きんぞく・メカ,,,,きんぞく・メタリック,,,,,ふつう・ナチュラル,,ちょくりつのすがた,とげ・こうぶつ結晶,,かっこいい,,
864,サニゴーン,cursola,ゴースト,,white,arms,さんごポケモン,通常,ゴースト,,ゴースト・れいたい,,,,ねばねば・ぷにぷに,もや・はんとうめい,,,,ものしずか・クール,,たくましいうで,もや・かげ,,ミステリアス,,
865,ネギガナイト,sirfetchd,かくとう,,white,wings,かるがもポケモン,通常,かくとう,,ひとがた,,,,標準・なめらか,,,,,りりしい・するどい,,つばさ・はね,,,ナチュラル,,
866,バリコオル,mr-rime,こおり,エスパー,purple,humanoid,コメディアンポケモン,通常,こおり,エスパー,こおり・ゆき,ひとがた,エスパー・ふしぎ,,つるつる・なめらか,こおり・つめたい,,,,ものしずか・クール,,てあし・とくちょうてきなかお,こおりのけっしょう,ほうせき・かがやき,ミステリアス,,
867,デスバーン,runerigus,じめん,ゴースト,gray,blob,おんねんポケモン,通常,じめん,ゴースト,いわ・つち・こうぶつ,ゴースト・れいたい,スライム・ぶよぶよ,,ごつごつ・かたい,ねばねば・ぷにぷに,もや・はんとうめい,,,ものしずか・クール,とぼけた・ユニーク,シンプル・そぼく,もや・かげ,とげ・こうぶつ結晶,ミステリアス,,
868,マホミル,milcery,フェアリー,,white,ball,クリームポケモン,通常,フェアリー,,フェアリー・せいれい,,,,もこもこ・ふわふわ,,,,,にこにこ・あどけない,,まるいフォルム,ほうせき・かがやき,,かわいい,,
869,マホイップ,alcremie,フェアリー,,white,blob,クリームポケモン,通常,フェアリー,,フェアリー・せいれい,スライム・ぶよぶよ,,,ねばねば・ぷにぷに,,,,,にこにこ・あどけない,とぼけた・ユニーク,シンプル・そぼく,ほうせき・かがやき,,かわいい,,
870,タイレーツ,falinks,かくとう,,yellow,heads,じんけいポケモン,通常,かくとう,,ひとがた,,,,標準・なめらか,,,,,りりしい・するどい,にこにこ・あどけない,ふくすうのあたま,,,かわいい,,
871,バチンウニ,pincurchin,でんき,,purple,tentacles,うにポケモン,通常,でんき,,でんき,スライム・ぶよぶよ,,,おび電・スパーク,,,,,ものしずか・クール,とぼけた・ユニーク,しょくしゅ・ひげ,でんきの模様・ギザギザ,,ミステリアス,,
872,ユキハミ,snom,こおり,むし,white,squiggle,いもむしポケモン,通常,こおり,むし,こおり・ゆき,むし,スライム・ぶよぶよ,,つるつる・なめらか,こうかく・つや甲羅,ねばねば・ぷにぷに,こおり・つめたい,,ものしずか・クール,とぼけた・ユニーク,ほそながい,こおりのけっしょう,,ナチュラル,,
873,モスノウ,frosmoth,こおり,むし,white,bug-wings,こおりがポケモン,通常,こおり,むし,こおり・ゆき,むし,,,つるつる・なめらか,こうかく・つや甲羅,こおり・つめたい,,,ものしずか・クール,,むしのはね,こおりのけっしょう,,ナチュラル,,
874,イシヘンジン,stonjourner,いわ,,gray,legs,きょせきポケモン,通常,いわ,,いわ・つち・こうぶつ,,,,ごつごつ・かたい,,,,,ふつう・ナチュラル,,あし・つめ,とげ・こうぶつ結晶,,ナチュラル,,
875,コオリッポ,eiscue,こおり,,blue,upright,ペンギンポケモン,通常,こおり,,こおり・ゆき,,,,つるつる・なめらか,こおり・つめたい,,,,ものしずか・クール,,ちょくりつのすがた,こおりのけっしょう,,ナチュラル,,
876,イエッサン,indeedee,エスパー,ノーマル,purple,upright,かんじょうポケモン,通常,エスパー,ノーマル,エスパー・ふしぎ,,,,標準・なめらか,,,,,ものしずか・クール,,ちょくりつのすがた,ほうせき・かがやき,,ミステリアス,,
877,モルペコ,morpeko,でんき,あく,yellow,humanoid,にめんポケモン,通常,でんき,あく,でんき,ひとがた,あく・やみ,,おび電・スパーク,,,,,りりしい・するどい,にこにこ・あどけない,てあし・とくちょうてきなかお,でんきの模様・ギザギザ,もや・かげ,かわいい,かっこいい,ミステリアス
878,ゾウドウ,cufant,はがね,,yellow,quadruped,どうぞうポケモン,通常,はがね,,きんぞく・メカ,,,,きんぞく・メタリック,,,,,にこにこ・あどけない,,よつあしのすがた,とげ・こうぶつ結晶,,かわいい,かっこいい,
879,ダイオウドウ,copperajah,はがね,,green,quadruped,どうぞうポケモン,通常,はがね,,きんぞく・メカ,,,,きんぞく・メタリック,,,,,ふつう・ナチュラル,,よつあしのすがた,とげ・こうぶつ結晶,,かっこいい,おっとり,
880,パッチラゴン,dracozolt,でんき,ドラゴン,green,upright,かせきポケモン,通常,でんき,ドラゴン,でんき,は虫類・ドラゴン,,,うろこ,おび電・スパーク,,,,りりしい・するどい,,ちょくりつのすがた,でんきの模様・ギザギザ,つの・うろこ模様,かっこいい,おっとり,
881,パッチルドン,arctozolt,でんき,こおり,blue,upright,かせきポケモン,通常,でんき,こおり,でんき,こおり・ゆき,,,つるつる・なめらか,おび電・スパーク,こおり・つめたい,,,ものしずか・クール,,ちょくりつのすがた,でんきの模様・ギザギザ,こおりのけっしょう,ナチュラル,,
882,ウオノラゴン,dracovish,みず,ドラゴン,green,legs,かせきポケモン,通常,みず,ドラゴン,みず・うみ,は虫類・ドラゴン,,,つるつる・なめらか,うろこ,みずみずしい・うるおい,,,りりしい・するどい,おだやか・やさしい,あし・つめ,みずのしぶき,つの・うろこ模様,かっこいい,おっとり,
883,ウオチルドン,arctovish,みず,こおり,blue,fish,かせきポケモン,通常,みず,こおり,みず・うみ,こおり・ゆき,,,つるつる・なめらか,みずみずしい・うるおい,こおり・つめたい,,,ものしずか・クール,,ひれ,みずのしぶき,こおりのけっしょう,ナチュラル,,
884,ジュラルドン,duraludon,はがね,ドラゴン,white,upright,ごうきんポケモン,通常,はがね,ドラゴン,きんぞく・メカ,は虫類・ドラゴン,,,きんぞく・メタリック,うろこ,,,,りりしい・するどい,,ちょくりつのすがた,とげ・こうぶつ結晶,つの・うろこ模様,かっこいい,,
885,ドラメシヤ,dreepy,ドラゴン,ゴースト,green,squiggle,うらめしポケモン,通常,ドラゴン,ゴースト,は虫類・ドラゴン,ゴースト・れいたい,スライム・ぶよぶよ,,うろこ,ねばねば・ぷにぷに,もや・はんとうめい,,,りりしい・するどい,ものしずか・クール,ほそながい,もや・かげ,つの・うろこ模様,かっこいい,ミステリアス,おっとり
886,ドロンチ,drakloak,ドラゴン,ゴースト,green,arms,せわやくポケモン,通常,ドラゴン,ゴースト,は虫類・ドラゴン,ゴースト・れいたい,,,うろこ,ねばねば・ぷにぷに,もや・はんとうめい,,,りりしい・するどい,ものしずか・クール,たくましいうで,もや・かげ,つの・うろこ模様,かっこいい,ミステリアス,おっとり
887,ドラパルト,dragapult,ドラゴン,ゴースト,green,upright,ステルスポケモン,通常,ドラゴン,ゴースト,は虫類・ドラゴン,ゴースト・れいたい,,,うろこ,ねばねば・ぷにぷに,もや・はんとうめい,,,りりしい・するどい,ものしずか・クール,ちょくりつのすがた,もや・かげ,つの・うろこ模様,かっこいい,ミステリアス,おっとり
888,ザシアン,zacian,フェアリー,,blue,quadruped,つわものポケモン,伝説,フェアリー,,フェアリー・せいれい,,,,もこもこ・ふわふわ,,,,,どうどう・威厳,にこにこ・あどけない,よつあしのすがた,ほうせき・かがやき,,そうごん・でんせつ,かわいい,
889,ザマゼンタ,zamazenta,かくとう,,red,quadruped,つわものポケモン,伝説,かくとう,,けもの・じゅう,ひとがた,,,標準・なめらか,,,,,どうどう・威厳,りりしい・するどい,よつあしのすがた,,,そうごん・でんせつ,,
890,ムゲンダイナ,eternatus,どく,ドラゴン,purple,wings,キョダイポケモン,伝説,どく,ドラゴン,は虫類・ドラゴン,どく,,,うろこ,ねばねば・ぷにぷに,,,,どうどう・威厳,りりしい・するどい,つばさ・はね,とげ・ぶくぶく,つの・うろこ模様,そうごん・でんせつ,かっこいい,ミステリアス
891,ダクマ,kubfu,かくとう,,gray,upright,けんぽうポケモン,伝説,かくとう,,ひとがた,,,,標準・なめらか,,,,,どうどう・威厳,りりしい・するどい,ちょくりつのすがた,,,そうごん・でんせつ,ゆうかん,
892,ウーラオス,urshifu,かくとう,あく,gray,humanoid,けんぽうポケモン,伝説,かくとう,あく,ひとがた,あく・やみ,,,標準・なめらか,,,,,どうどう・威厳,りりしい・するどい,てあし・とくちょうてきなかお,もや・かげ,,そうごん・でんせつ,かっこいい,ゆうかん
893,ザルード,zarude,あく,くさ,green,upright,わるざるポケモン,幻,あく,くさ,しょくぶつ,あく・やみ,,,はっぱ・しょくぶつ質,もや・はんとうめい,,,,どうどう・威厳,りりしい・するどい,ちょくりつのすがた,はっぱ・はな,もや・かげ,そうごん・でんせつ,かっこいい,ミステリアス
894,レジエレキ,regieleki,でんき,,yellow,humanoid,エレクトロンポケモン,伝説,でんき,,でんき,ひとがた,,,おび電・スパーク,,,,,どうどう・威厳,にこにこ・あどけない,てあし・とくちょうてきなかお,でんきの模様・ギザギザ,,そうごん・でんせつ,かわいい,
895,レジドラゴ,regidrago,ドラゴン,,green,humanoid,りゅうぎょくポケモン,伝説,ドラゴン,,は虫類・ドラゴン,ひとがた,,,うろこ,,,,,どうどう・威厳,りりしい・するどい,てあし・とくちょうてきなかお,つの・うろこ模様,,そうごん・でんせつ,かっこいい,おっとり
896,ブリザポス,glastrier,こおり,,white,quadruped,あばれうまポケモン,伝説,こおり,,こおり・ゆき,けもの・じゅう,,,つるつる・なめらか,こおり・つめたい,,,,どうどう・威厳,ものしずか・クール,よつあしのすがた,こおりのけっしょう,,そうごん・でんせつ,,
897,レイスポス,spectrier,ゴースト,,black,quadruped,しゅんばポケモン,伝説,ゴースト,,ゴースト・れいたい,,,,ねばねば・ぷにぷに,もや・はんとうめい,,,,どうどう・威厳,ものしずか・クール,よつあしのすがた,もや・かげ,,そうごん・でんせつ,ミステリアス,
898,バドレックス,calyrex,エスパー,くさ,green,humanoid,キングポケモン,伝説,エスパー,くさ,しょくぶつ,ひとがた,エスパー・ふしぎ,,はっぱ・しょくぶつ質,,,,,どうどう・威厳,ものしずか・クール,てあし・とくちょうてきなかお,はっぱ・はな,ほうせき・かがやき,そうごん・でんせつ,ミステリアス,おっとり
899,アヤシシ,wyrdeer,ノーマル,エスパー,gray,quadruped,おおツノポケモン,通常,ノーマル,エスパー,けもの・じゅう,エスパー・ふしぎ,,,もこもこ・ふわふわ,,,,,おだやか・やさしい,ものしずか・クール,よつあしのすがた,ほうせき・かがやき,,ミステリアス,おっとり,
900,バサギリ,kleavor,むし,いわ,brown,bug-wings,まさかりポケモン,通常,むし,いわ,いわ・つち・こうぶつ,むし,,,ごつごつ・かたい,こうかく・つや甲羅,,,,ふつう・ナチュラル,,むしのはね,とげ・こうぶつ結晶,,ナチュラル,,
901,ガチグマ,ursaluna,じめん,ノーマル,brown,quadruped,でいたんポケモン,通常,じめん,ノーマル,いわ・つち・こうぶつ,けもの・じゅう,,,もこもこ・ふわふわ,ごつごつ・かたい,,,,おだやか・やさしい,,よつあしのすがた,とげ・こうぶつ結晶,,おっとり,,
902,イダイトウ,basculegion,みず,ゴースト,green,fish,おおうおポケモン,通常,みず,ゴースト,みず・うみ,ゴースト・れいたい,,,つるつる・なめらか,ねばねば・ぷにぷに,みずみずしい・うるおい,もや・はんとうめい,,ものしずか・クール,,ひれ,みずのしぶき,もや・かげ,ミステリアス,おっとり,
903,オオニューラ,sneasler,かくとう,どく,gray,upright,クライミングポケモン,通常,かくとう,どく,ひとがた,どく,,,ねばねば・ぷにぷに,,,,,りりしい・するどい,とぼけた・ユニーク,ちょくりつのすがた,とげ・ぶくぶく,,ゆうかん,,
904,ハリーマン,overqwil,あく,どく,black,fish,けんざんポケモン,通常,あく,どく,みず・うみ,どく,あく・やみ,,つるつる・なめらか,ねばねば・ぷにぷに,,,,りりしい・するどい,とぼけた・ユニーク,ひれ,もや・かげ,とげ・ぶくぶく,かっこいい,ミステリアス,
905,ラブトロス,enamorus,フェアリー,ひこう,pink,arms,あいぞうポケモン,伝説,フェアリー,ひこう,フェアリー・せいれい,,,,標準・なめらか,,,,,どうどう・威厳,にこにこ・あどけない,たくましいうで,つばさ・はね,ほうせき・かがやき,そうごん・でんせつ,かわいい,
906,ニャオハ,sprigatito,くさ,,green,quadruped,,通常,くさ,,しょくぶつ,,,,はっぱ・しょくぶつ質,,,,,おだやか・やさしい,,よつあしのすがた,はっぱ・はな,,おっとり,,
907,ニャローテ,floragato,くさ,,green,upright,,通常,くさ,,しょくぶつ,,,,はっぱ・しょくぶつ質,,,,,ふつう・ナチュラル,,ちょくりつのすがた,はっぱ・はな,,おっとり,,
908,マスカーニャ,meowscarada,くさ,あく,green,upright,,通常,くさ,あく,しょくぶつ,あく・やみ,,,はっぱ・しょくぶつ質,,,,,りりしい・するどい,,ちょくりつのすがた,はっぱ・はな,もや・かげ,かっこいい,ミステリアス,おっとり
909,ホゲータ,fuecoco,ほのお,,red,upright,,通常,ほのお,,ほのお・マグマ,,,,ほのお・ねっき,,,,,りりしい・するどい,,ちょくりつのすがた,ほのおのかざり,,かっこいい,ゆうかん,
910,アチゲータ,crocalor,ほのお,,red,upright,,通常,ほのお,,ほのお・マグマ,,,,ほのお・ねっき,,,,,りりしい・するどい,,ちょくりつのすがた,ほのおのかざり,,かっこいい,ゆうかん,
911,ラウドボーン,skeledirge,ほのお,ゴースト,red,quadruped,,通常,ほのお,ゴースト,ほのお・マグマ,ゴースト・れいたい,,,ねばねば・ぷにぷに,ほのお・ねっき,もや・はんとうめい,,,りりしい・するどい,ものしずか・クール,よつあしのすがた,ほのおのかざり,もや・かげ,ミステリアス,,
912,クワッス,quaxly,みず,,white,upright,,通常,みず,,みず・うみ,,,,つるつる・なめらか,みずみずしい・うるおい,,,,ふつう・ナチュラル,,ちょくりつのすがた,みずのしぶき,,ナチュラル,,
913,ウェルカモ,quaxwell,みず,,blue,upright,,通常,みず,,みず・うみ,,,,つるつる・なめらか,みずみずしい・うるおい,,,,ものしずか・クール,,ちょくりつのすがた,みずのしぶき,,ナチュラル,,
914,ウェーニバル,quaquaval,みず,かくとう,blue,upright,,通常,みず,かくとう,みず・うみ,ひとがた,,,つるつる・なめらか,みずみずしい・うるおい,,,,りりしい・するどい,ものしずか・クール,ちょくりつのすがた,みずのしぶき,,ゆうかん,,
915,グルトン,lechonk,ノーマル,,gray,quadruped,,通常,ノーマル,,けもの・じゅう,,,,もこもこ・ふわふわ,,,,,おだやか・やさしい,,よつあしのすがた,,,おっとり,,
916,パフュートン,oinkologne,ノーマル,,gray,quadruped,,通常,ノーマル,,けもの・じゅう,,,,もこもこ・ふわふわ,,,,,おだやか・やさしい,,よつあしのすがた,,,おっとり,,
917,タマンチュラ,tarountula,むし,,white,armor,,通常,むし,,むし,,,,ごつごつ・かたい,こうかく・つや甲羅,,,,ふつう・ナチュラル,,よろい・こうら,,,ナチュラル,,
918,ワナイダー,spidops,むし,,green,armor,,通常,むし,,むし,,,,ごつごつ・かたい,こうかく・つや甲羅,,,,ふつう・ナチュラル,,よろい・こうら,,,おっとり,,
919,マメバッタ,nymble,むし,,gray,armor,,通常,むし,,むし,,,,ごつごつ・かたい,こうかく・つや甲羅,,,,ふつう・ナチュラル,,よろい・こうら,,,ナチュラル,,
920,エクスレッグ,lokix,むし,あく,gray,humanoid,,通常,むし,あく,むし,ひとがた,あく・やみ,,こうかく・つや甲羅,,,,,りりしい・するどい,,てあし・とくちょうてきなかお,もや・かげ,,かっこいい,ミステリアス,
921,パモ,pawmi,でんき,,yellow,quadruped,,通常,でんき,,でんき,,,,おび電・スパーク,,,,,にこにこ・あどけない,,よつあしのすがた,でんきの模様・ギザギザ,,かわいい,,
922,パモット,pawmo,でんき,かくとう,yellow,upright,,通常,でんき,かくとう,でんき,ひとがた,,,おび電・スパーク,,,,,りりしい・するどい,にこにこ・あどけない,ちょくりつのすがた,でんきの模様・ギザギザ,,かわいい,ゆうかん,
923,パーモット,pawmot,でんき,かくとう,yellow,upright,,通常,でんき,かくとう,でんき,ひとがた,,,おび電・スパーク,,,,,りりしい・するどい,にこにこ・あどけない,ちょくりつのすがた,でんきの模様・ギザギザ,,かわいい,ゆうかん,
924,ワッカネズミ,tandemaus,ノーマル,,white,heads,,通常,ノーマル,,その他・不定形,,,,標準・なめらか,,,,,ふつう・ナチュラル,,ふくすうのあたま,,,ナチュラル,,
925,イッカネズミ,maushold,ノーマル,,white,heads,,通常,ノーマル,,その他・不定形,,,,標準・なめらか,,,,,ふつう・ナチュラル,,ふくすうのあたま,,,ナチュラル,,
926,パピモッチ,fidough,フェアリー,,yellow,quadruped,,通常,フェアリー,,フェアリー・せいれい,,,,もこもこ・ふわふわ,,,,,にこにこ・あどけない,,よつあしのすがた,ほうせき・かがやき,,かわいい,,
927,バウッツェル,dachsbun,フェアリー,,brown,quadruped,,通常,フェアリー,,フェアリー・せいれい,,,,もこもこ・ふわふわ,,,,,にこにこ・あどけない,,よつあしのすがた,ほうせき・かがやき,,かわいい,,
928,ミニーブ,smoliv,くさ,ノーマル,green,legs,,通常,くさ,ノーマル,しょくぶつ,,,,もこもこ・ふわふわ,はっぱ・しょくぶつ質,,,,おだやか・やさしい,,あし・つめ,はっぱ・はな,,おっとり,,
929,オリーニョ,dolliv,くさ,ノーマル,green,humanoid,,通常,くさ,ノーマル,しょくぶつ,ひとがた,,,はっぱ・しょくぶつ質,,,,,ふつう・ナチュラル,,てあし・とくちょうてきなかお,はっぱ・はな,,おっとり,,
930,オリーヴァ,arboliva,くさ,ノーマル,green,humanoid,,通常,くさ,ノーマル,しょくぶつ,ひとがた,,,はっぱ・しょくぶつ質,,,,,ふつう・ナチュラル,,てあし・とくちょうてきなかお,はっぱ・はな,,おっとり,,
931,イキリンコ,squawkabilly,ノーマル,ひこう,green,wings,,通常,ノーマル,ひこう,とり・つばさ,,,,標準・なめらか,,,,,ふつう・ナチュラル,,つばさ・はね,,,おっとり,,
932,コジオ,nacli,いわ,,brown,ball,,通常,いわ,,いわ・つち・こうぶつ,,,,ごつごつ・かたい,,,,,にこにこ・あどけない,,まるいフォルム,とげ・こうぶつ結晶,,かわいい,,
933,ジオヅム,naclstack,いわ,,brown,quadruped,,通常,いわ,,いわ・つち・こうぶつ,,,,ごつごつ・かたい,,,,,ふつう・ナチュラル,,よつあしのすがた,とげ・こうぶつ結晶,,ナチュラル,,
934,キョジオーン,garganacl,いわ,,brown,humanoid,,通常,いわ,,いわ・つち・こうぶつ,ひとがた,,,ごつごつ・かたい,,,,,ふつう・ナチュラル,,てあし・とくちょうてきなかお,とげ・こうぶつ結晶,,ナチュラル,,
935,カルボウ,charcadet,ほのお,,red,humanoid,,通常,ほのお,,ほのお・マグマ,ひとがた,,,ほのお・ねっき,,,,,りりしい・するどい,,てあし・とくちょうてきなかお,ほのおのかざり,,かっこいい,ゆうかん,
936,グレンアルマ,armarouge,ほのお,エスパー,red,humanoid,,通常,ほのお,エスパー,ほのお・マグマ,ひとがた,エスパー・ふしぎ,,ほのお・ねっき,,,,,りりしい・するどい,ものしずか・クール,てあし・とくちょうてきなかお,ほのおのかざり,ほうせき・かがやき,かっこいい,ゆうかん,ミステリアス
937,ソウブレイズ,ceruledge,ほのお,ゴースト,blue,humanoid,,通常,ほのお,ゴースト,ほのお・マグマ,ひとがた,ゴースト・れいたい,,ねばねば・ぷにぷに,ほのお・ねっき,もや・はんとうめい,,,ものしずか・クール,,てあし・とくちょうてきなかお,ほのおのかざり,もや・かげ,ゆうかん,ミステリアス,
938,ズピカ,tadbulb,でんき,,yellow,ball,,通常,でんき,,でんき,,,,おび電・スパーク,,,,,にこにこ・あどけない,,まるいフォルム,でんきの模様・ギザギザ,,かわいい,,
939,ハラバリー,bellibolt,でんき,,green,humanoid,,通常,でんき,,でんき,ひとがた,,,おび電・スパーク,,,,,ふつう・ナチュラル,,てあし・とくちょうてきなかお,でんきの模様・ギザギザ,,おっとり,,
940,カイデン,wattrel,でんき,ひこう,black,wings,,通常,でんき,ひこう,でんき,とり・つばさ,,,おび電・スパーク,,,,,ふつう・ナチュラル,,つばさ・はね,でんきの模様・ギザギザ,,ナチュラル,,
941,タイカイデン,kilowattrel,でんき,ひこう,yellow,wings,,通常,でんき,ひこう,でんき,とり・つばさ,,,おび電・スパーク,,,,,にこにこ・あどけない,,つばさ・はね,でんきの模様・ギザギザ,,かわいい,,
942,オラチフ,maschiff,あく,,brown,quadruped,,通常,あく,,あく・やみ,,,,標準・なめらか,,,,,りりしい・するどい,,よつあしのすがた,もや・かげ,,かっこいい,ミステリアス,
943,マフィティフ,mabosstiff,あく,,gray,quadruped,,通常,あく,,あく・やみ,,,,標準・なめらか,,,,,りりしい・するどい,,よつあしのすがた,もや・かげ,,かっこいい,ミステリアス,
944,シルシュルー,shroodle,どく,ノーマル,gray,quadruped,,通常,どく,ノーマル,けもの・じゅう,どく,,,もこもこ・ふわふわ,ねばねば・ぷにぷに,,,,おだやか・やさしい,とぼけた・ユニーク,よつあしのすがた,とげ・ぶくぶく,,おっとり,,
945,タギングル,grafaiai,どく,ノーマル,gray,upright,,通常,どく,ノーマル,どく,,,,ねばねば・ぷにぷに,,,,,とぼけた・ユニーク,,ちょくりつのすがた,とげ・ぶくぶく,,ナチュラル,,
946,アノクサ,bramblin,くさ,ゴースト,brown,ball,,通常,くさ,ゴースト,しょくぶつ,ゴースト・れいたい,,,ねばねば・ぷにぷに,はっぱ・しょくぶつ質,もや・はんとうめい,,,にこにこ・あどけない,ものしずか・クール,まるいフォルム,はっぱ・はな,もや・かげ,かわいい,ミステリアス,
947,アノホラグサ,brambleghast,くさ,ゴースト,brown,ball,,通常,くさ,ゴースト,しょくぶつ,ゴースト・れいたい,,,ねばねば・ぷにぷに,はっぱ・しょくぶつ質,もや・はんとうめい,,,にこにこ・あどけない,ものしずか・クール,まるいフォルム,はっぱ・はな,もや・かげ,かわいい,ミステリアス,
948,ノノクラゲ,toedscool,じめん,くさ,yellow,legs,,通常,じめん,くさ,しょくぶつ,いわ・つち・こうぶつ,,,ごつごつ・かたい,はっぱ・しょくぶつ質,,,,にこにこ・あどけない,おだやか・やさしい,あし・つめ,はっぱ・はな,とげ・こうぶつ結晶,かわいい,おっとり,
949,リククラゲ,toedscruel,じめん,くさ,black,tentacles,,通常,じめん,くさ,しょくぶつ,いわ・つち・こうぶつ,スライム・ぶよぶよ,,ごつごつ・かたい,はっぱ・しょくぶつ質,,,,とぼけた・ユニーク,,しょくしゅ・ひげ,はっぱ・はな,とげ・こうぶつ結晶,ナチュラル,,
950,ガケガニ,klawf,いわ,,red,armor,,通常,いわ,,いわ・つち・こうぶつ,,,,ごつごつ・かたい,こうかく・つや甲羅,,,,りりしい・するどい,,よろい・こうら,とげ・こうぶつ結晶,,ナチュラル,,
951,カプサイジ,capsakid,くさ,,green,upright,,通常,くさ,,しょくぶつ,,,,はっぱ・しょくぶつ質,,,,,ふつう・ナチュラル,,ちょくりつのすがた,はっぱ・はな,,おっとり,,
952,スコヴィラン,scovillain,くさ,ほのお,green,upright,,通常,くさ,ほのお,しょくぶつ,ほのお・マグマ,,,ほのお・ねっき,はっぱ・しょくぶつ質,,,,ふつう・ナチュラル,,ちょくりつのすがた,ほのおのかざり,はっぱ・はな,ゆうかん,おっとり,
953,シガロコ,rellor,むし,,brown,armor,,通常,むし,,むし,,,,ごつごつ・かたい,こうかく・つや甲羅,,,,ふつう・ナチュラル,,よろい・こうら,,,ナチュラル,,
954,ベラカス,rabsca,むし,エスパー,green,armor,,通常,むし,エスパー,むし,エスパー・ふしぎ,,,ごつごつ・かたい,こうかく・つや甲羅,,,,ものしずか・クール,,よろい・こうら,ほうせき・かがやき,,ミステリアス,おっとり,
955,ヒラヒナ,flittle,エスパー,,yellow,legs,,通常,エスパー,,エスパー・ふしぎ,,,,標準・なめらか,,,,,にこにこ・あどけない,ものしずか・クール,あし・つめ,ほうせき・かがやき,,かわいい,ミステリアス,
956,クエスパトラ,espathra,エスパー,,yellow,upright,,通常,エスパー,,エスパー・ふしぎ,,,,標準・なめらか,,,,,にこにこ・あどけない,ものしずか・クール,ちょくりつのすがた,ほうせき・かがやき,,かわいい,ミステリアス,
957,カヌチャン,tinkatink,フェアリー,はがね,pink,humanoid,,通常,フェアリー,はがね,きんぞく・メカ,ひとがた,フェアリー・せいれい,,きんぞく・メタリック,,,,,にこにこ・あどけない,,てあし・とくちょうてきなかお,ほうせき・かがやき,とげ・こうぶつ結晶,かわいい,かっこいい,
958,ナカヌチャン,tinkatuff,フェアリー,はがね,pink,humanoid,,通常,フェアリー,はがね,きんぞく・メカ,ひとがた,フェアリー・せいれい,,きんぞく・メタリック,,,,,にこにこ・あどけない,,てあし・とくちょうてきなかお,ほうせき・かがやき,とげ・こうぶつ結晶,かわいい,かっこいい,
959,デカヌチャン,tinkaton,フェアリー,はがね,pink,humanoid,,通常,フェアリー,はがね,きんぞく・メカ,ひとがた,フェアリー・せいれい,,きんぞく・メタリック,,,,,にこにこ・あどけない,,てあし・とくちょうてきなかお,ほうせき・かがやき,とげ・こうぶつ結晶,かわいい,かっこいい,
960,ウミディグダ,wiglett,みず,,white,blob,,通常,みず,,みず・うみ,スライム・ぶよぶよ,,,つるつる・なめらか,ねばねば・ぷにぷに,みずみずしい・うるおい,,,とぼけた・ユニーク,,シンプル・そぼく,みずのしぶき,,ナチュラル,,
961,ウミトリオ,wugtrio,みず,,red,blob,,通常,みず,,みず・うみ,スライム・ぶよぶよ,,,つるつる・なめらか,ねばねば・ぷにぷに,みずみずしい・うるおい,,,りりしい・するどい,とぼけた・ユニーク,シンプル・そぼく,みずのしぶき,,ナチュラル,,
962,オトシドリ,bombirdier,ひこう,あく,white,wings,,通常,ひこう,あく,とり・つばさ,あく・やみ,,,標準・なめらか,,,,,りりしい・するどい,,つばさ・はね,もや・かげ,,かっこいい,ミステリアス,
963,ナミイルカ,finizen,みず,,blue,fish,,通常,みず,,みず・うみ,,,,つるつる・なめらか,みずみずしい・うるおい,,,,ものしずか・クール,,ひれ,みずのしぶき,,ナチュラル,,
964,イルカマン,palafin,みず,,blue,fish,,通常,みず,,みず・うみ,,,,つるつる・なめらか,みずみずしい・うるおい,,,,ものしずか・クール,,ひれ,みずのしぶき,,ナチュラル,,
965,ブロロン,varoom,はがね,どく,gray,legs,,通常,はがね,どく,きんぞく・メカ,どく,,,きんぞく・メタリック,ねばねば・ぷにぷに,,,,とぼけた・ユニーク,,あし・つめ,とげ・こうぶつ結晶,とげ・ぶくぶく,かっこいい,,
966,ブロロローム,revavroom,はがね,どく,gray,legs,,通常,はがね,どく,きんぞく・メカ,どく,,,きんぞく・メタリック,ねばねば・ぷにぷに,,,,とぼけた・ユニーク,,あし・つめ,とげ・こうぶつ結晶,とげ・ぶくぶく,かっこいい,,
967,モトトカゲ,cyclizar,ドラゴン,ノーマル,green,quadruped,,通常,ドラゴン,ノーマル,は虫類・ドラゴン,けもの・じゅう,,,もこもこ・ふわふわ,うろこ,,,,りりしい・するどい,おだやか・やさしい,よつあしのすがた,つの・うろこ模様,,かっこいい,おっとり,
968,ミミズズ,orthworm,はがね,,pink,squiggle,,通常,はがね,,きんぞく・メカ,スライム・ぶよぶよ,,,きんぞく・メタリック,ねばねば・ぷにぷに,,,,にこにこ・あどけない,とぼけた・ユニーク,ほそながい,とげ・こうぶつ結晶,,かわいい,かっこいい,
969,キラーメ,glimmet,いわ,どく,blue,ball,,通常,いわ,どく,いわ・つち・こうぶつ,どく,,,ごつごつ・かたい,ねばねば・ぷにぷに,,,,にこにこ・あどけない,ものしずか・クール,まるいフォルム,とげ・こうぶつ結晶,とげ・ぶくぶく,かわいい,,
970,キラフロル,glimmora,いわ,どく,blue,ball,,通常,いわ,どく,いわ・つち・こうぶつ,どく,,,ごつごつ・かたい,ねばねば・ぷにぷに,,,,にこにこ・あどけない,ものしずか・クール,まるいフォルム,とげ・こうぶつ結晶,とげ・ぶくぶく,かわいい,,
971,ボチ,greavard,ゴースト,,white,quadruped,,通常,ゴースト,,ゴースト・れいたい,,,,ねばねば・ぷにぷに,もや・はんとうめい,,,,ものしずか・クール,,よつあしのすがた,もや・かげ,,ミステリアス,,
972,ハカドッグ,houndstone,ゴースト,,white,quadruped,,通常,ゴースト,,ゴースト・れいたい,,,,ねばねば・ぷにぷに,もや・はんとうめい,,,,ものしずか・クール,,よつあしのすがた,もや・かげ,,ミステリアス,,
973,カラミンゴ,flamigo,ひこう,かくとう,pink,wings,,通常,ひこう,かくとう,とり・つばさ,ひとがた,,,標準・なめらか,,,,,りりしい・するどい,にこにこ・あどけない,つばさ・はね,,,かわいい,,
974,アルクジラ,cetoddle,こおり,,white,upright,,通常,こおり,,こおり・ゆき,,,,つるつる・なめらか,こおり・つめたい,,,,ものしずか・クール,,ちょくりつのすがた,こおりのけっしょう,,ナチュラル,,
975,ハルクジラ,cetitan,こおり,,white,upright,,通常,こおり,,こおり・ゆき,,,,つるつる・なめらか,こおり・つめたい,,,,ものしずか・クール,,ちょくりつのすがた,こおりのけっしょう,,ナチュラル,,
976,ミガルーサ,veluza,みず,エスパー,gray,fish,,通常,みず,エスパー,みず・うみ,エスパー・ふしぎ,,,つるつる・なめらか,みずみずしい・うるおい,,,,ものしずか・クール,,ひれ,みずのしぶき,ほうせき・かがやき,ミステリアス,,
977,ヘイラッシャ,dondozo,みず,,blue,fish,,通常,みず,,みず・うみ,,,,つるつる・なめらか,みずみずしい・うるおい,,,,ものしずか・クール,,ひれ,みずのしぶき,,ナチュラル,,
978,シャリタツ,tatsugiri,ドラゴン,みず,pink,fish,,通常,ドラゴン,みず,みず・うみ,は虫類・ドラゴン,,,つるつる・なめらか,うろこ,みずみずしい・うるおい,,,りりしい・するどい,にこにこ・あどけない,ひれ,みずのしぶき,つの・うろこ模様,かわいい,かっこいい,
979,コノヨザル,annihilape,かくとう,ゴースト,gray,humanoid,,通常,かくとう,ゴースト,ひとがた,ゴースト・れいたい,,,ねばねば・ぷにぷに,もや・はんとうめい,,,,りりしい・するどい,ものしずか・クール,てあし・とくちょうてきなかお,もや・かげ,,ゆうかん,ミステリアス,
980,ドオー,clodsire,どく,じめん,brown,quadruped,,通常,どく,じめん,いわ・つち・こうぶつ,けもの・じゅう,どく,,ごつごつ・かたい,ねばねば・ぷにぷに,,,,とぼけた・ユニーク,,よつあしのすがた,とげ・こうぶつ結晶,とげ・ぶくぶく,ナチュラル,,
981,リキキリン,farigiraf,ノーマル,エスパー,brown,quadruped,,通常,ノーマル,エスパー,けもの・じゅう,エスパー・ふしぎ,,,もこもこ・ふわふわ,,,,,おだやか・やさしい,ものしずか・クール,よつあしのすがた,ほうせき・かがやき,,ミステリアス,おっとり,
982,ノココッチ,dudunsparce,ノーマル,,yellow,squiggle,,通常,ノーマル,,スライム・ぶよぶよ,,,,ねばねば・ぷにぷに,,,,,にこにこ・あどけない,とぼけた・ユニーク,ほそながい,,,かわいい,,
983,ドドゲザン,kingambit,あく,はがね,black,humanoid,,通常,あく,はがね,きんぞく・メカ,ひとがた,あく・やみ,,きんぞく・メタリック,,,,,りりしい・するどい,,てあし・とくちょうてきなかお,もや・かげ,とげ・こうぶつ結晶,かっこいい,ミステリアス,
984,イダイナキバ,great-tusk,じめん,かくとう,purple,quadruped,,通常,じめん,かくとう,いわ・つち・こうぶつ,けもの・じゅう,ひとがた,,ごつごつ・かたい,,,,,りりしい・するどい,ものしずか・クール,よつあしのすがた,とげ・こうぶつ結晶,,ミステリアス,,
985,サケブシッポ,scream-tail,フェアリー,エスパー,pink,upright,,通常,フェアリー,エスパー,エスパー・ふしぎ,フェアリー・せいれい,,,標準・なめらか,,,,,にこにこ・あどけない,ものしずか・クール,ちょくりつのすがた,ほうせき・かがやき,,かわいい,ミステリアス,
986,アラブルタケ,brute-bonnet,くさ,あく,gray,quadruped,,通常,くさ,あく,しょくぶつ,あく・やみ,,,はっぱ・しょくぶつ質,,,,,りりしい・するどい,おだやか・やさしい,よつあしのすがた,はっぱ・はな,もや・かげ,かっこいい,ミステリアス,おっとり
987,ハバタクカミ,flutter-mane,ゴースト,フェアリー,gray,wings,,通常,ゴースト,フェアリー,ゴースト・れいたい,フェアリー・せいれい,,,ねばねば・ぷにぷに,もや・はんとうめい,,,,にこにこ・あどけない,ものしずか・クール,つばさ・はね,ほうせき・かがやき,もや・かげ,かわいい,ミステリアス,
988,チヲハウハネ,slither-wing,むし,かくとう,red,quadruped,,通常,むし,かくとう,むし,けもの・じゅう,ひとがた,,こうかく・つや甲羅,,,,,りりしい・するどい,,よつあしのすがた,,,ナチュラル,,
989,スナノケガワ,sandy-shocks,でんき,じめん,gray,quadruped,,通常,でんき,じめん,でんき,いわ・つち・こうぶつ,けもの・じゅう,,ごつごつ・かたい,おび電・スパーク,,,,ふつう・ナチュラル,,よつあしのすがた,でんきの模様・ギザギザ,とげ・こうぶつ結晶,ナチュラル,,
990,テツノワダチ,iron-treads,じめん,はがね,gray,quadruped,,通常,じめん,はがね,いわ・つち・こうぶつ,きんぞく・メカ,けもの・じゅう,,ごつごつ・かたい,きんぞく・メタリック,,,,ふつう・ナチュラル,,よつあしのすがた,とげ・こうぶつ結晶,,かっこいい,,
991,テツノツツミ,iron-bundle,こおり,みず,red,upright,,通常,こおり,みず,みず・うみ,こおり・ゆき,,,つるつる・なめらか,みずみずしい・うるおい,こおり・つめたい,,,りりしい・するどい,ものしずか・クール,ちょくりつのすがた,みずのしぶき,こおりのけっしょう,かっこいい,,
992,テツノカイナ,iron-hands,かくとう,でんき,gray,humanoid,,通常,かくとう,でんき,でんき,ひとがた,,,おび電・スパーク,,,,,りりしい・するどい,,てあし・とくちょうてきなかお,でんきの模様・ギザギザ,,ゆうかん,,
993,テツノコウベ,iron-jugulis,あく,ひこう,blue,upright,,通常,あく,ひこう,あく・やみ,,,,標準・なめらか,,,,,りりしい・するどい,ものしずか・クール,ちょくりつのすがた,つばさ・はね,もや・かげ,かっこいい,ミステリアス,
994,テツノドクガ,iron-moth,ほのお,どく,yellow,bug-wings,,通常,ほのお,どく,ほのお・マグマ,むし,どく,,こうかく・つや甲羅,ねばねば・ぷにぷに,ほのお・ねっき,,,にこにこ・あどけない,とぼけた・ユニーク,むしのはね,ほのおのかざり,とげ・ぶくぶく,かわいい,,
995,テツノイバラ,iron-thorns,いわ,でんき,green,upright,,通常,いわ,でんき,でんき,いわ・つち・こうぶつ,,,ごつごつ・かたい,おび電・スパーク,,,,ふつう・ナチュラル,,ちょくりつのすがた,でんきの模様・ギザギザ,とげ・こうぶつ結晶,おっとり,,
996,セビエ,frigibax,ドラゴン,こおり,gray,upright,,通常,ドラゴン,こおり,こおり・ゆき,は虫類・ドラゴン,,,つるつる・なめらか,うろこ,こおり・つめたい,,,りりしい・するどい,ものしずか・クール,ちょくりつのすがた,こおりのけっしょう,つの・うろこ模様,かっこいい,,
997,セゴール,arctibax,ドラゴン,こおり,gray,upright,,通常,ドラゴン,こおり,こおり・ゆき,は虫類・ドラゴン,,,つるつる・なめらか,うろこ,こおり・つめたい,,,りりしい・するどい,ものしずか・クール,ちょくりつのすがた,こおりのけっしょう,つの・うろこ模様,かっこいい,,
998,セグレイブ,baxcalibur,ドラゴン,こおり,gray,upright,,通常,ドラゴン,こおり,こおり・ゆき,は虫類・ドラゴン,,,つるつる・なめらか,うろこ,こおり・つめたい,,,りりしい・するどい,ものしずか・クール,ちょくりつのすがた,こおりのけっしょう,つの・うろこ模様,かっこいい,,
999,コレクレー,gimmighoul,ゴースト,,brown,blob,,通常,ゴースト,,ゴースト・れいたい,スライム・ぶよぶよ,,,ねばねば・ぷにぷに,もや・はんとうめい,,,,ものしずか・クール,とぼけた・ユニーク,シンプル・そぼく,もや・かげ,,ミステリアス,,
1000,サーフゴー,gholdengo,はがね,ゴースト,yellow,humanoid,,通常,はがね,ゴースト,きんぞく・メカ,ひとがた,ゴースト・れいたい,,きんぞく・メタリック,ねばねば・ぷにぷに,もや・はんとうめい,,,にこにこ・あどけない,ものしずか・クール,てあし・とくちょうてきなかお,もや・かげ,とげ・こうぶつ結晶,かわいい,かっこいい,ミステリアス
1001,チオンジェン,wo-chien,あく,くさ,brown,squiggle,,伝説,あく,くさ,しょくぶつ,あく・やみ,スライム・ぶよぶよ,,ねばねば・ぷにぷに,はっぱ・しょくぶつ質,,,,どうどう・威厳,りりしい・するどい,ほそながい,はっぱ・はな,もや・かげ,そうごん・でんせつ,かっこいい,ミステリアス
1002,パオジアン,chien-pao,あく,こおり,white,quadruped,,伝説,あく,こおり,こおり・ゆき,あく・やみ,,,つるつる・なめらか,こおり・つめたい,,,,どうどう・威厳,りりしい・するどい,よつあしのすがた,こおりのけっしょう,もや・かげ,そうごん・でんせつ,かっこいい,ミステリアス
1003,ディンルー,ting-lu,あく,じめん,brown,quadruped,,伝説,あく,じめん,いわ・つち・こうぶつ,けもの・じゅう,あく・やみ,,ごつごつ・かたい,,,,,どうどう・威厳,りりしい・するどい,よつあしのすがた,もや・かげ,とげ・こうぶつ結晶,そうごん・でんせつ,かっこいい,ミステリアス
1004,イーユイ,chi-yu,あく,ほのお,red,fish,,伝説,あく,ほのお,ほのお・マグマ,みず・うみ,あく・やみ,,つるつる・なめらか,ほのお・ねっき,,,,どうどう・威厳,りりしい・するどい,ひれ,ほのおのかざり,もや・かげ,そうごん・でんせつ,かっこいい,ミステリアス
1005,トドロクツキ,roaring-moon,ドラゴン,あく,green,quadruped,,通常,ドラゴン,あく,は虫類・ドラゴン,あく・やみ,,,うろこ,,,,,りりしい・するどい,,よつあしのすがた,もや・かげ,つの・うろこ模様,かっこいい,ミステリアス,おっとり
1006,テツノブジン,iron-valiant,フェアリー,かくとう,white,humanoid,,通常,フェアリー,かくとう,ひとがた,フェアリー・せいれい,,,標準・なめらか,,,,,りりしい・するどい,にこにこ・あどけない,てあし・とくちょうてきなかお,ほうせき・かがやき,,かわいい,ゆうかん,
1007,コライドン,koraidon,かくとう,ドラゴン,red,upright,,伝説,かくとう,ドラゴン,は虫類・ドラゴン,ひとがた,,,うろこ,,,,,どうどう・威厳,りりしい・するどい,ちょくりつのすがた,つの・うろこ模様,,そうごん・でんせつ,かっこいい,ゆうかん
1008,ミライドン,miraidon,でんき,ドラゴン,blue,quadruped,,伝説,でんき,ドラゴン,でんき,は虫類・ドラゴン,,,うろこ,おび電・スパーク,,,,どうどう・威厳,りりしい・するどい,よつあしのすがた,でんきの模様・ギザギザ,つの・うろこ模様,そうごん・でんせつ,かっこいい,
1009,ウネルミナモ,walking-wake,みず,ドラゴン,blue,upright,,通常,みず,ドラゴン,みず・うみ,は虫類・ドラゴン,,,つるつる・なめらか,うろこ,みずみずしい・うるおい,,,りりしい・するどい,ものしずか・クール,ちょくりつのすがた,みずのしぶき,つの・うろこ模様,かっこいい,,
1010,テツノイサハ,iron-leaves,くさ,エスパー,green,quadruped,,通常,くさ,エスパー,しょくぶつ,エスパー・ふしぎ,,,はっぱ・しょくぶつ質,,,,,おだやか・やさしい,ものしずか・クール,よつあしのすがた,はっぱ・はな,ほうせき・かがやき,ミステリアス,おっとり,
1011,カミッチュ,dipplin,くさ,ドラゴン,green,heads,,通常,くさ,ドラゴン,しょくぶつ,は虫類・ドラゴン,,,うろこ,はっぱ・しょくぶつ質,,,,りりしい・するどい,,ふくすうのあたま,はっぱ・はな,つの・うろこ模様,かっこいい,おっとり,
1012,チャデス,poltchageist,くさ,ゴースト,green,ball,,通常,くさ,ゴースト,しょくぶつ,ゴースト・れいたい,,,ねばねば・ぷにぷに,はっぱ・しょくぶつ質,もや・はんとうめい,,,にこにこ・あどけない,ものしずか・クール,まるいフォルム,はっぱ・はな,もや・かげ,かわいい,ミステリアス,おっとり
1013,ヤバソチャ,sinistcha,くさ,ゴースト,green,ball,,通常,くさ,ゴースト,しょくぶつ,ゴースト・れいたい,,,ねばねば・ぷにぷに,はっぱ・しょくぶつ質,もや・はんとうめい,,,にこにこ・あどけない,ものしずか・クール,まるいフォルム,はっぱ・はな,もや・かげ,かわいい,ミステリアス,おっとり
1014,イイネイヌ,okidogi,どく,かくとう,black,upright,,伝説,どく,かくとう,ひとがた,どく,,,ねばねば・ぷにぷに,,,,,どうどう・威厳,りりしい・するどい,ちょくりつのすがた,とげ・ぶくぶく,,そうごん・でんせつ,かっこいい,ゆうかん
1015,マシマシラ,munkidori,どく,エスパー,black,humanoid,,伝説,どく,エスパー,ひとがた,どく,エスパー・ふしぎ,,ねばねば・ぷにぷに,,,,,どうどう・威厳,ものしずか・クール,てあし・とくちょうてきなかお,ほうせき・かがやき,とげ・ぶくぶく,そうごん・でんせつ,かっこいい,ミステリアス
1016,キチキギス,fezandipiti,どく,フェアリー,black,wings,,伝説,どく,フェアリー,どく,フェアリー・せいれい,,,ねばねば・ぷにぷに,,,,,どうどう・威厳,にこにこ・あどけない,つばさ・はね,ほうせき・かがやき,とげ・ぶくぶく,そうごん・でんせつ,かわいい,
1017,オーガポン,ogerpon,くさ,,green,humanoid,,伝説,くさ,,しょくぶつ,ひとがた,,,はっぱ・しょくぶつ質,,,,,どうどう・威厳,,てあし・とくちょうてきなかお,はっぱ・はな,,そうごん・でんせつ,おっとり,
1018,ブリジュラス,archaludon,はがね,ドラゴン,white,upright,ごうきんポケモン,通常,はがね,ドラゴン,きんぞく・メカ,は虫類・ドラゴン,,,きんぞく・メタリック,うろこ,,,,りりしい・するどい,,ちょくりつのすがた,とげ・こうぶつ結晶,つの・うろこ模様,かっこいい,,
1019,カミツオロチ,hydrapple,くさ,ドラゴン,green,heads,りんごオロチポケモン,通常,くさ,ドラゴン,しょくぶつ,は虫類・ドラゴン,,,うろこ,はっぱ・しょくぶつ質,,,,りりしい・するどい,,ふくすうのあたま,はっぱ・はな,つの・うろこ模様,かっこいい,おっとり,
1020,ウガツホムラ,gouging-fire,ほのお,ドラゴン,brown,quadruped,パラドックスポケモン,通常,ほのお,ドラゴン,ほのお・マグマ,は虫類・ドラゴン,,,うろこ,ほのお・ねっき,,,,りりしい・するどい,,よつあしのすがた,ほのおのかざり,つの・うろこ模様,かっこいい,,
1021,タケルライコ,raging-bolt,でんき,ドラゴン,yellow,quadruped,パラドックスポケモン,通常,でんき,ドラゴン,でんき,は虫類・ドラゴン,,,うろこ,おび電・スパーク,,,,りりしい・するどい,にこにこ・あどけない,よつあしのすがた,でんきの模様・ギザギザ,つの・うろこ模様,かわいい,かっこいい,
1022,テツノイワオ,iron-boulder,いわ,エスパー,gray,quadruped,パラドックスポケモン,通常,いわ,エスパー,いわ・つち・こうぶつ,エスパー・ふしぎ,,,ごつごつ・かたい,,,,,ものしずか・クール,,よつあしのすがた,ほうせき・かがやき,とげ・こうぶつ結晶,ミステリアス,,
1023,テツノカシラ,iron-crown,はがね,エスパー,blue,quadruped,パラドックスポケモン,通常,はがね,エスパー,きんぞく・メカ,エスパー・ふしぎ,,,きんぞく・メタリック,,,,,ものしずか・クール,,よつあしのすがた,ほうせき・かがやき,とげ・こうぶつ結晶,かっこいい,ミステリアス,
1024,テラパゴス,terapagos,ノーマル,,blue,quadruped,テラスタルポケモン,伝説,ノーマル,,けもの・じゅう,,,,もこもこ・ふわふわ,,,,,どうどう・威厳,おだやか・やさしい,よつあしのすがた,,,そうごん・でんせつ,おっとり,
1025,モモワロウ,pecharunt,どく,ゴースト,purple,ball,しはいポケモン,幻,どく,ゴースト,どく,ゴースト・れいたい,,,ねばねば・ぷにぷに,もや・はんとうめい,,,,どうどう・威厳,にこにこ・あどけない,まるいフォルム,もや・かげ,とげ・ぶくぶく,そうごん・でんせつ,かわいい,ミステリアス
