dex,contour,solidity,symmetry,aspect,occupancy,eff_colors,edge_density,area
1,1.1584144547223916,0.9054794691569183,0.7647574091196652,1.0691244239631337,0.5533447265625,22,0.2012464151775866,36264
2,1.6998642750091462,0.8287174733155652,0.6701437542166173,1.0691244239631337,0.491058349609375,19,0.24812006711826487,32182
3,1.8415992281796985,0.8417351656819934,0.8964768863488389,1.2747252747252746,0.4000091552734375,20,0.3303833683005913,26215
4,2.0573914284713366,0.6383096410199679,0.27718443915665986,0.8879310344827587,0.3521728515625,20,0.22530329289428075,23080
5,2.547897934786077,0.625851420224505,0.37206307215705386,0.8577586206896551,0.3007354736328125,20,0.23532396367141914,19709
6,3.020444674207753,0.6280042277468866,0.5566102209734983,1.2677595628415301,0.3127899169921875,20,0.2860627347675496,20499
7,1.4731611989208588,0.7738507545726406,0.4896248895552759,0.9698275862068966,0.424468994140625,20,0.21399813070673665,27818
8,1.5427667219012848,0.7196793317811967,0.5762800967301019,0.9913793103448276,0.45751953125,20,0.24543089647812166,29984
9,1.4271814144323371,0.8152142416186865,0.5621167495533774,0.9267241379310345,0.4936676025390625,21,0.21104688900565635,32353
10,1.417333577016368,0.8104893288306149,0.4398134654619644,1.0,0.4522705078125,22,0.2347165991902834,29640
11,1.1713497495707366,0.8362880406536929,0.2666472303206997,0.8793103448275862,0.3314666748046875,21,0.18073010173548773,21723
12,1.6900623767314222,0.8060641184373436,0.7320842295935696,1.0943396226415094,0.4669036865234375,22,0.2374260596751528,30599
13,1.5647929826564502,0.6621392190152802,0.1614576661970027,0.7887931034482759,0.2767181396484375,19,0.22100909842845326,18135
14,1.031773918027209,0.9639486378783995,0.8877327491785323,0.5431034482758621,0.315582275390625,21,0.2215936563195049,20682
15,2.516308868581705,0.5574678820067466,0.3586621886369997,0.8275862068965517,0.296295166015625,19,0.39643629622000204,19418
16,1.8914492551747426,0.7171990396012522,0.3635733271697677,0.9353448275862069,0.360076904296875,21,0.26095431816255615,23598
17,2.4503020792892185,0.5674497835190574,0.5056120527306968,0.8706896551724138,0.3049774169921875,22,0.3979586731375394,19987
18,2.0879881746332343,0.5586723335357215,0.22709895385709628,0.9612068965517241,0.3159027099609375,21,0.3421726319857026,20703
19,2.1487567753836823,0.6197896833533495,0.5185158604851442,1.1317073170731706,0.3228607177734375,21,0.25677016872252945,21159
20,2.139653040202701,0.6703236283197156,0.49220084253671864,1.0175438596491229,0.39996337890625,21,0.2675873645658477,26212
21,2.3713657524416645,0.5836617344536149,0.5090192560315273,0.978448275862069,0.3593292236328125,21,0.2507537475052019,23549
22,3.446199639401741,0.5397574877067501,0.24840064620355412,1.0740740740740742,0.2947845458984375,21,0.3493452042031161,19319
23,1.5806688777885487,0.7376041643883554,0.4760800105046614,1.008695652173913,0.51458740234375,22,0.21100699798363184,33724
24,1.3970650225735088,0.8073188238958787,0.5167167065289299,0.896551724137931,0.4547882080078125,21,0.24505955376614663,29805
25,2.0273527766834163,0.6349771576056202,0.4190623072177668,1.0642201834862386,0.3509979248046875,19,0.1680215624049037,23003
26,2.9522197286050624,0.4674475277100857,0.18012225132968168,1.1262135922330097,0.226837158203125,21,0.26664872864254,14866
27,1.3519157524492686,0.7581972083933075,0.4381324516581505,0.9137931034482759,0.43804931640625,19,0.2878291765361572,28708
28,2.1670511071289824,0.6763075572142034,0.5801756748092582,1.045045045045045,0.376068115234375,23,0.25168384321999515,24646
29,1.4761190948691985,0.821871505540307,0.8327571550014168,1.0403587443946187,0.4934539794921875,22,0.1990785120133585,32339
30,1.811305146585956,0.7263689086389997,0.4399187768752986,0.8879310344827587,0.367889404296875,21,0.24657818332642056,24110
31,1.7024086202534932,0.7557702630166399,0.5978042858650903,0.9698275862068966,0.4619140625,22,0.257399577167019,30272
32,1.607463930639709,0.7956776048379102,0.7722818736371415,0.9094827586206896,0.4898681640625,20,0.17486917518066283,32104
33,2.0003748966465578,0.6717230847543905,0.541633809398639,0.9008620689655172,0.4027099609375,21,0.22681115489542286,26392
34,1.9162231254412838,0.7103144993570306,0.5882854100106496,1.2960893854748603,0.3413543701171875,22,0.30333914442805415,22371
35,1.1703896117423689,0.9074369466213561,0.80490160014714,1.0,0.5989532470703125,21,0.1325758540748478,39253
36,1.6390854806864448,0.8171247227770085,0.7461248428990365,1.008695652173913,0.5087890625,21,0.1539707293666027,33344
37,1.68982799171928,0.8270904491732526,0.5791857672997163,1.1262135922330097,0.4415435791015625,19,0.20295815046480284,28937
38,1.7860670980242892,0.7892548844111031,0.6301323214633198,1.0357142857142858,0.5113067626953125,21,0.21564355844698438,33509
39,1.145556690444159,0.8594100742054017,0.6642117503737749,1.0545454545454545,0.458587646484375,21,0.17907766021161908,30054
40,1.4534984824991195,0.7216944986626184,0.6755958375293722,0.8275862068965517,0.380828857421875,22,0.20013622886449234,24958
41,2.662523772091407,0.44889431556098225,0.22875816993464052,1.0545454545454545,0.25244140625,20,0.300531914893617,16544
42,2.2064646986646728,0.5327347327109473,0.4542650758866975,1.16,0.273406982421875,22,0.26877999776760797,17918
43,1.6809886537207444,0.7500529741183594,0.4269753513015434,0.9094827586206896,0.378082275390625,20,0.17075631608685124,24778
44,2.1269743361877373,0.7270230360307147,0.7034807279773027,1.2210526315789474,0.3756256103515625,19,0.21013933460616646,24617
45,1.4361034162595523,0.8084764765318975,0.5357311878845243,1.0943396226415094,0.4456329345703125,20,0.16682074987159734,29205
46,1.8872875715752337,0.6873131974587344,0.5276405394578716,1.2146596858638743,0.3491363525390625,21,0.2502075958218609,22881
47,1.8043427463952297,0.7650672052371335,0.56143043947922,1.0593607305936072,0.4190673828125,21,0.15285464608214389,27464
48,2.363176952673783,0.7061297981166048,0.44492989892403,0.8577586206896551,0.338104248046875,21,0.23436230706742486,22158
49,1.739818878831578,0.6906692484569769,0.6142749387139355,1.5263157894736843,0.2612457275390625,20,0.40102797733777235,17121
50,1.1387291359484075,0.9120865404618265,0.9344079063474322,1.0790697674418606,0.5017547607421875,17,0.14654988900039534,32883
51,1.1687666378581407,0.904977251922998,0.7795389823222825,1.031111111111111,0.5053558349609375,19,0.16114616987227875,33119
52,3.110970278404143,0.5227397950348692,0.4327752847773559,0.7629310344827587,0.2533416748046875,21,0.3435523700536048,16603
53,2.683961421690711,0.5126536205198475,0.2534375654358903,1.1100478468899522,0.274017333984375,22,0.26083082748635705,17958
54,1.3754263970149734,0.8714162867295118,0.7740635528836626,0.7758620689655172,0.409759521484375,19,0.1488791241528264,26854
55,2.411465259164643,0.5093517197654145,0.41480774875256826,1.008695652173913,0.2942047119140625,20,0.2700586069187283,19281
56,2.9057328503346156,0.5243505032137263,0.37715150368829203,1.4146341463414633,0.222198486328125,21,0.29055074852355445,14562
57,2.259638358308617,0.7748808522567985,0.5226883934007944,0.9612068965517241,0.400665283203125,21,0.2371086906847437,26258
58,1.573991943094389,0.8448408923667822,0.5208064099250452,0.7025862068965517,0.359130859375,21,0.25968728755948334,23536
59,2.2824515821807037,0.7823900354388159,0.653723287067636,1.0593607305936072,0.4581451416015625,20,0.29658617818484595,30025
60,1.4059559853107686,0.8030031129829701,0.19997810858143608,1.2677595628415301,0.334564208984375,23,0.27939432637051903,21926
61,1.6110030854535242,0.7520753732602925,0.5670801892825169,1.1372549019607843,0.373931884765625,23,0.2795641883620338,24506
62,1.6641450521844947,0.6608053195419283,0.7137382640352558,1.4683544303797469,0.27294921875,21,0.3196556350626118,17888
63,2.1378526729046627,0.6136514017064252,0.47715650934696957,1.4146341463414633,0.2688751220703125,21,0.2524260825151807,17621
64,2.6155544560913553,0.5853071617443374,0.4433672589270312,0.8577586206896551,0.319183349609375,21,0.34281480065015774,20918
65,3.044552146370695,0.5409543317839229,0.494413813116657,1.1262135922330097,0.3143157958984375,21,0.3310840332054954,20599
66,1.7231856667216507,0.6862284549756485,0.5305855161787365,0.8318965517241379,0.3031463623046875,22,0.26018019831882017,19867
67,1.786017007734573,0.665215392520079,0.7070784177654407,0.8448275862068966,0.3753509521484375,20,0.2963128582462702,24599
68,2.3399154038017826,0.5574704307809966,0.393106629761434,0.8793103448275862,0.3225555419921875,22,0.33005345569799893,21139
69,3.0832257157868814,0.4852814495767117,0.4835633853977479,0.8620689655172413,0.2492828369140625,20,0.23633470037338555,16337
70,1.3623971452611938,0.8368641260104882,0.5937409864436112,1.288888888888889,0.337249755859375,20,0.1742376255542485,22102
71,1.9488482770464317,0.7681665155032206,0.6010893944248639,1.1717171717171717,0.3812408447265625,20,0.19855913548128878,24985
72,1.7914036997413314,0.6693316397056076,0.5659470326020453,1.2210526315789474,0.27337646484375,22,0.24826970305871846,17916
73,3.6179080100239647,0.6963321873274311,0.5384918136020151,1.288888888888889,0.2982330322265625,21,0.3775901765157329,19545
74,1.79395032322936,0.6635275905440707,0.5024098145173068,2.6363636363636362,0.1569671630859375,22,0.32020997375328086,10287
75,1.6338255133926791,0.8283002093550145,0.6323047360687238,2.0,0.2203521728515625,20,0.338203725503774,14441
76,1.4939148928322556,0.7707623455220465,0.571739694062743,1.0642201834862386,0.4625091552734375,22,0.2553858335257827,30311
77,2.545980272631288,0.628454070201643,0.4318972851728672,0.7844827586206896,0.2824859619140625,20,0.21952141738237996,18513
78,3.6230156938749825,0.6116774791473587,0.4170575411243972,0.8663793103448276,0.327301025390625,22,0.2668997668997669,21450
79,1.5829580636139442,0.775937253501213,0.7199788862496701,1.2340425531914894,0.39776611328125,20,0.16280497161270524,26068
80,1.4611632879597227,0.8169858282115101,0.6021516087259687,0.9137931034482759,0.4908447265625,21,0.250404128326287,32168
81,1.902575303086953,0.6955496332633664,0.3732538647792885,1.8125,0.225006103515625,21,0.28272073782720736,14746
82,2.8588102911506286,0.6509351801932568,0.7519160651834214,1.0943396226415094,0.3592529296875,21,0.34305980292218824,23544
83,2.0915975163943847,0.7418666321712697,0.5278055278055278,0.8405172413793104,0.35003662109375,19,0.2544463818657367,22940
84,3.0475016913581503,0.4358394301116673,0.15896582618712402,0.6120689655172413,0.1381683349609375,22,0.34378796245168414,9055
85,3.9381724293143296,0.4006304126337239,0.28924180327868854,0.8189655172413793,0.1920013427734375,22,0.4359055869029643,12583
86,1.691708142540134,0.6369462025316456,0.41212581852198316,1.0892018779342723,0.3685455322265625,22,0.19529665051960418,24153
87,1.610549809549923,0.7912635388998225,0.5662525879917184,1.0,0.4386444091796875,22,0.16885240198977283,28747
88,1.3160988759595946,0.8541548779209892,0.6595813991367375,1.45,0.310943603515625,21,0.27200902934537247,20378
89,1.394774301974384,0.832617307370418,0.5899211591732367,1.9661016949152543,0.2277069091796875,22,0.27541379079273604,14923
90,1.3339945878185133,0.8167361170167531,0.650576970292168,1.0220264317180616,0.512908935546875,19,0.1717439162253823,33614
91,1.6008020152135694,0.6920723511565688,0.6205263473412865,1.045045045045045,0.4124755859375,22,0.29287511097957974,27032
92,1.7051229595965618,0.8013647252401578,0.7746222269853178,1.0,0.505340576171875,21,0.10755480403406002,33118
93,2.034786919445951,0.6045009720254374,0.40174205378973105,1.1485148514851484,0.279937744140625,23,0.18794287583124386,18346
94,1.4949971234618555,0.771372411750451,0.6485685512875845,0.978448275862069,0.4371337890625,19,0.14172018989109186,28648
95,1.921575806715395,0.6396654872949501,0.5404969944847245,0.9568965517241379,0.3793182373046875,22,0.2969950520938091,24859
96,1.4769756065522268,0.7585718734958521,0.6485355648535565,0.75,0.4088134765625,21,0.15041803523439834,26792
97,2.214662191081304,0.6105923713756474,0.5651162790697675,0.9396551724137931,0.36968994140625,19,0.22713389466732706,24228
98,2.399288827274686,0.6337137484098159,0.7915146460961118,1.6338028169014085,0.262237548828125,22,0.30129174909810313,17186
99,2.4134507459665575,0.6362464974536233,0.4814744261358225,1.6111111111111112,0.237335205078125,22,0.3104024688183104,15554
100,0.8975523916112265,1.0,0.9249831908558256,1.0265486725663717,0.611602783203125,20,0.08829399730552367,40082
101,0.9004977607834608,1.0,0.9924997626507168,0.9956896551724138,0.640472412109375,22,0.10385000238242721,41974
102,1.1900547717360834,0.8716359432205023,0.6895542828685259,1.2677595628415301,0.4141387939453125,22,0.22633653881581373,27141
103,3.3650160436259973,0.5424967786698385,0.6015362106803219,1.0175438596491229,0.3340606689453125,21,0.33650025122185173,21893
104,1.499145276748997,0.753499317041505,0.680419833514296,0.8448275862068966,0.425079345703125,19,0.19380429320123482,27858
105,1.989776160698105,0.7097430424705274,0.45210152838427947,0.8275862068965517,0.324737548828125,21,0.22775115120759326,21282
106,2.066134699284828,0.48612531292972744,0.24039586144849304,1.1485148514851484,0.2103729248046875,21,0.3049974613766592,13787
107,2.110497367243267,0.5627221739473892,0.2427599441730635,0.7586206896551724,0.2173919677734375,20,0.3118551273952411,14247
108,1.2280886287709922,0.9027447563328561,0.7438203327883043,1.0740740740740742,0.5532989501953125,21,0.2001047957861063,36261
109,2.1570987110135444,0.6420502035643991,0.6325928972987797,1.183673469387755,0.3633575439453125,20,0.20354428253474993,23813
110,2.079472743482317,0.6762924589569709,0.6386591524555368,1.1776649746192893,0.3416290283203125,20,0.2893831792398053,22389
111,1.203608605995742,0.8843740342107739,0.8275115232964958,0.9224137931034483,0.50213623046875,22,0.22976176005834448,32908
112,1.8288594332784265,0.6377704139052145,0.3771432428783583,1.2083333333333333,0.3112945556640625,22,0.29277976569775993,20401
113,1.3544630180173443,0.8331069358331203,0.8008023722309436,1.1372549019607843,0.47259521484375,21,0.15371948857032158,30972
114,1.1650307702359133,0.9171963232128839,0.8273130864695792,1.099526066350711,0.5526885986328125,20,0.26826978824438863,36221
115,1.6700138714406803,0.7941370264927832,0.5697925882237295,0.9827586206896551,0.4873504638671875,22,0.2500391371051066,31939
116,1.7539780313026996,0.707859835264554,0.38930293730819815,0.9137931034482759,0.3868408203125,21,0.19722309876932786,25352
117,1.9370111264530343,0.6742236878263259,0.5242680748621573,1.1485148514851484,0.29949951171875,20,0.2751681271652741,19628
118,1.577551444725477,0.7679863147605083,0.523463253829746,1.7846153846153847,0.2397613525390625,20,0.24686565264430727,15713
119,1.6307147086530698,0.781647925400619,0.661853723551952,1.0691244239631337,0.4566192626953125,19,0.2646616541353383,29925
120,1.371999272109706,0.6728367443465811,0.6467680370439898,0.9439655172413793,0.4015655517578125,22,0.2217957973933199,26317
121,1.4902885294023733,0.7403536788708579,0.9009286058851905,1.045045045045045,0.4810333251953125,21,0.2718160190325139,31525
122,2.982508390269901,0.5250516127600062,0.5166399487015069,1.045045045045045,0.36090087890625,22,0.2954507018433959,23652
123,2.9115226827635188,0.4554378137200223,0.3163536713145805,0.8879310344827587,0.24920654296875,21,0.3885623316189077,16332
124,1.9060597159939918,0.7561450209374367,0.7957116451016636,1.2275132275132274,0.3705902099609375,21,0.28822003540989005,24287
125,2.682685611097989,0.5065997630496899,0.20199748660625702,1.0175438596491229,0.2772979736328125,21,0.3650470478181918,18173
126,2.664131220263655,0.5578997811192705,0.4413437730040822,1.0265486725663717,0.328643798828125,22,0.3014671742965921,21538
127,2.455472208368162,0.5885086205725311,0.3844727842234794,0.9612068965517241,0.330474853515625,20,0.34112106381013946,21658
128,3.1686928005371233,0.49834694937020135,0.4732633279483037,1.0841121495327102,0.2783050537109375,19,0.25385163660288396,18239
129,2.0593044324770133,0.648306226974571,0.532823454429573,0.9008620689655172,0.3302764892578125,22,0.30219450219450217,21645
130,3.0545911472744214,0.6036532529201761,0.37398919174786005,0.8232758620689655,0.2657470703125,22,0.4419499310978411,17416
131,1.7776709069149608,0.6245049692739549,0.7119208052574661,1.0357142857142858,0.3140106201171875,22,0.25822440351814957,20579
132,1.0504202101227926,0.9095034030753718,0.8331263407474314,1.1717171717171717,0.4954833984375,22,0.059220251293422024,32472
133,1.8782955163689532,0.7161671839053839,0.5678745267712277,0.8189655172413793,0.3538818359375,22,0.22399965505346672,23192
134,1.916441824372883,0.587682170169785,0.5467434647762517,0.9137931034482759,0.3728790283203125,22,0.287514834063101,24437
135,2.482494970270007,0.6534808520510998,0.531086498607053,0.8879310344827587,0.3438262939453125,19,0.27754848444503616,22533
136,1.9234527297037003,0.6971648118706942,0.6033516148689824,1.1207729468599035,0.4014739990234375,22,0.18646193607236516,26311
137,1.4632182542656675,0.7927917749406846,0.5036965605914497,0.9568965517241379,0.42828369140625,20,0.2113082513894827,28068
138,1.209591237531246,0.9461178750473943,0.6241743406778844,0.8793103448275862,0.5140228271484375,22,0.2201145842609909,33687
139,2.0127355591367353,0.7316560413907963,0.6544017779972836,1.1372549019607843,0.408905029296875,22,0.2825210836629599,26798
140,1.143970682823029,0.9560552983860878,0.8622517363226514,1.3567251461988303,0.4664154052734375,21,0.15124153498871332,30567
141,3.0867088009452934,0.5281309245009479,0.4534642829739891,0.8922413793103449,0.2890472412109375,18,0.33273504724700415,18943
142,2.9329141540276553,0.4897381457891012,0.43086068751615403,1.6,0.1689453125,22,0.3808706647398844,11072
143,1.2486299879829617,0.8787938124143333,0.8654559406573731,1.2473118279569892,0.44512939453125,20,0.16389003153709036,29172
144,3.7678006710562566,0.5353432146601027,0.2746919431279621,0.8841201716738197,0.30780029296875,21,0.3578227245687091,20172
145,3.7476188866704594,0.5842192903804279,0.6196732954545454,1.4409937888198758,0.2087860107421875,21,0.3474384272454871,13683
146,2.8613490705865674,0.5220074711710249,0.41274725274725277,2.1376146788990824,0.147125244140625,21,0.34204521883426675,9642
147,2.0051391080280454,0.477259285545304,0.08061600267827251,1.0265486725663717,0.2462615966796875,19,0.2057748311543466,16139
148,2.269670146033514,0.4633081393598121,0.43445832556404995,0.9224137931034483,0.234771728515625,21,0.2434680878720915,15386
149,2.2933898077412476,0.6149896845520261,0.48529915180099653,0.7801724137931034,0.2979278564453125,20,0.2909090909090909,19525
150,3.1281286243607855,0.5247980431914003,0.3032289002557545,0.8189655172413793,0.248809814453125,22,0.30271065865325647,16306
151,3.1995994699575174,0.4675765829176485,0.269969246114205,0.9913793103448276,0.2331390380859375,23,0.29255841350873746,15279
152,1.5792717871415773,0.7078421628068781,0.21620329257462942,0.7672413793103449,0.27166748046875,21,0.19680970568411593,17804
153,2.3519240702975317,0.6036437762772328,0.39743400678366025,0.5905172413793104,0.216888427734375,20,0.2990713381173491,14214
154,1.972255516269721,0.689096655254148,0.5691154422788606,0.5603448275862069,0.2395477294921875,21,0.26275558952799544,15699
155,1.8658555513043653,0.7015157751570358,0.627906976744186,1.303370786516854,0.299072265625,22,0.19413265306122449,19600
156,2.064125978130236,0.6940858356882916,0.633727329281715,0.6077586206896551,0.260467529296875,18,0.20785002929115406,17070
157,2.2615997681831557,0.6432539743609473,0.7003498494833618,0.6767241379310345,0.3188934326171875,21,0.1937413273362362,20899
158,1.6154696494664385,0.7682985169829374,0.5401582354351474,0.6379310344827587,0.2940673828125,20,0.26229763387297633,19272
159,1.806065639712029,0.7232963447529518,0.3756451216515114,0.9181034482758621,0.341644287109375,18,0.23184457347029924,22390
160,2.2108996389938382,0.6544443425917438,0.6114664058385374,0.8793103448275862,0.326812744140625,20,0.33709963582033803,21418
161,1.6943100728511082,0.6660789945119003,0.5727138445011414,0.4396551724137931,0.1787109375,22,0.2593920765027322,11712
162,1.5839601460639874,0.7602293620866963,0.5275516593613024,0.8362068965517241,0.3722381591796875,22,0.22065997130559542,24395
163,1.832469116696787,0.5870976288250099,0.8289864641795972,0.9913793103448276,0.338134765625,21,0.2063176895306859,22160
164,1.8529265176896965,0.6978491516327457,0.3802563893198334,0.5775862068965517,0.2579345703125,22,0.29892333175579744,16904
165,1.6611009222496034,0.7522816359736706,0.6198878838068543,0.8706896551724138,0.3880157470703125,20,0.25577097015218847,25429
166,2.2783586399947784,0.6959847036328872,0.4436002337814144,0.6637931034482759,0.263824462890625,21,0.28860613071139385,17290
167,1.7295775688427388,0.7424810898657732,0.5954988359058377,1.6338028169014085,0.2823333740234375,21,0.27373939361184674,18503
168,2.2537064502921416,0.5600200484504219,0.41743604200436957,1.099526066350711,0.306884765625,22,0.31995823389021477,20112
169,2.815200858678152,0.4533333333333333,0.14900491082967174,1.681159420289855,0.1356658935546875,20,0.3188617703295467,8891
170,3.0965774199277645,0.4838826991106556,0.379063412795628,1.2677595628415301,0.22332763671875,20,0.27746652090735174,14636
171,1.8935414329161977,0.6634251985222303,0.6082973028618489,1.6934306569343065,0.2383880615234375,20,0.20284196377136274,15623
172,1.9576719160493607,0.6280239792519947,0.4741849634065203,0.8793103448275862,0.3380889892578125,22,0.1653653472943088,22157
173,1.0327322217696107,0.9058323376587291,0.8808054001038481,1.0740740740740742,0.4974365234375,20,0.11322085889570552,32600
174,1.095606959346441,0.9068673233827339,0.7163726111463162,0.771551724137931,0.3926239013671875,20,0.15261746531421244,25731
175,1.234102700141595,0.8394280048263586,0.760964362688587,0.9310344827586207,0.5360870361328125,18,0.1937210030455697,35133
176,1.889518104162445,0.6554693313489954,0.372051624388073,0.6551724137931034,0.282257080078125,22,0.2499729700508163,18498
177,1.71420411524805,0.7245963428920694,0.5758515646635282,1.0,0.43414306640625,20,0.17970617179811613,28452
178,2.0548086218500057,0.6879391940341316,0.5045871559633027,0.6982758620689655,0.29278564453125,22,0.258599124452783,19188
179,1.3886230145213312,0.8636066822658758,0.7204726543444089,0.8275862068965517,0.4843292236328125,21,0.16829967549856653,31741
180,1.5062444963903137,0.757673022537606,0.3294973665783785,0.7974137931034483,0.3331756591796875,20,0.22276162125028623,21835
181,2.2706854904206284,0.5151746384100447,0.5221356835417094,0.7413793103448276,0.2266387939453125,19,0.23793173096344172,14853
182,1.6965371603366746,0.8024807419775779,0.650467505483089,0.9094827586206896,0.43634033203125,21,0.19796475031472932,28596
183,1.9263691431183227,0.7187641159996386,0.5907757931218341,1.2747252747252746,0.36419677734375,20,0.15694653929948046,23868
184,2.1834889286410952,0.5558563436202851,0.5256021298990775,0.9741379310344828,0.3759765625,21,0.1929383116883117,24640
185,2.8942834413009537,0.43256825047288333,0.4377404522848832,0.8706896551724138,0.233795166015625,21,0.2393943349432189,15322
186,2.096306818920207,0.6947776927813124,0.5575539568345323,0.6896551724137931,0.2841033935546875,19,0.25613620495193085,18619
187,2.2909936975565235,0.5677398208172482,0.5190995907230559,1.2275132275132274,0.2378692626953125,19,0.24786708576560396,15589
188,1.1266785193059636,0.902114664740264,0.7627847289059994,1.288888888888889,0.4192047119140625,20,0.15942925781676556,27473
189,1.504499897645907,0.7808385542168674,0.7554823610990725,0.6379310344827587,0.3090362548828125,19,0.15335999604996792,20253
190,2.5627654829812556,0.6075019790806959,0.39939473888414684,1.1717171717171717,0.275177001953125,21,0.29882444271930797,18034
191,1.6680099203343357,0.810423323813025,0.8883178493773473,0.8189655172413793,0.4373016357421875,20,0.21682543005687568,28659
192,2.3575635129205765,0.617013786208159,0.6726217743166896,0.9137931034482759,0.33428955078125,22,0.24671352930436372,21908
193,3.0234328625758002,0.5601175248853879,0.32800864760989673,1.8125,0.1687164306640625,19,0.37496608483313737,11057
194,2.4695760182609243,0.6507931929622152,0.481483913328956,1.1317073170731706,0.3442840576171875,21,0.2001506891814032,22563
195,1.3210372878389098,0.7883885122781357,0.616658014650747,0.8491379310344828,0.42767333984375,20,0.15195518766947338,28028
196,2.48565125055686,0.49151815087107015,0.34951303801445177,1.0403587443946187,0.262176513671875,21,0.24385985333488536,17182
197,2.4213958525377466,0.5662991633434983,0.4306257901390645,0.8318965517241379,0.276275634765625,21,0.20562244559814427,18106
198,2.4502887260367756,0.5856897267176477,0.3080895008605852,0.9051724137931034,0.301513671875,21,0.18972672064777327,19760
199,1.7122889590831298,0.7272996373862207,0.5906773488710853,0.5991379310344828,0.2999267578125,20,0.24913512413512415,19656
200,1.3040479297069498,0.8558994197292069,0.7619909502262443,1.0892018779342723,0.4456329345703125,22,0.16733436055469955,29205
201,1.874629928312935,0.633576595812486,0.34631272431773547,0.8879310344827587,0.3033599853515625,20,0.14234696443840852,19881
202,1.806585514288655,0.7706940063091483,0.569359242010599,0.6508620689655172,0.3727874755859375,20,0.15656338258769595,24431
203,2.7939312590909164,0.5498221701206064,0.27720852949321517,0.6293103448275862,0.21112060546875,22,0.2682856316854582,13836
204,1.5018414336540176,0.8666242488511842,0.8879990142927551,0.8620689655172413,0.467620849609375,21,0.2065196110422241,30646
205,1.139978907333721,0.924668370451503,0.9091822815708235,1.2608695652173914,0.4057769775390625,22,0.27142481104049937,26593
206,1.4278132277011024,0.7706991894553443,0.37051256146022765,0.8793103448275862,0.31048583984375,19,0.25727344210733244,20348
207,2.0502340778734514,0.6633497329053897,0.5463677315797649,1.0,0.4557037353515625,18,0.21637368156705172,29865
208,1.9212652616770804,0.579342471789868,0.34507453960830164,1.1485148514851484,0.280853271484375,21,0.2864826686949908,18406
209,1.4979527780808541,0.7778684408737133,0.583871173876925,0.8189655172413793,0.378204345703125,22,0.21346727991608166,24786
210,1.9190566298025313,0.6450217768708312,0.5598438535759004,0.7758620689655172,0.323150634765625,22,0.22674473510246482,21178
211,1.508610183295476,0.7298895678008857,0.4039031753733355,0.9870689655172413,0.3973541259765625,21,0.17568449752313658,26041
212,2.8386298106541563,0.5009251281761558,0.3064908273778826,0.8103448275862069,0.2705841064453125,22,0.2963965488073084,17733
213,1.767127952813345,0.6140973894364855,0.5487112276103102,1.1153846153846154,0.2704620361328125,20,0.24078984485190408,17725
214,2.6456446359795316,0.5666656414357334,0.5003257328990228,0.9913793103448276,0.2811279296875,21,0.3022687798523665,18424
215,2.9534292235147714,0.4515124273541068,0.28857411288574114,1.0,0.272064208984375,22,0.2850252383623107,17830
216,1.5056392199381627,0.7725188734530662,0.6051283887834402,0.6681034482758621,0.341949462890625,21,0.20205265506470327,22410
217,1.606919776142266,0.8056470588235294,0.7599756320438623,0.6896551724137931,0.3526611328125,21,0.2117514710972655,23112
218,1.7274175797288405,0.6865062311989686,0.49762699947266653,0.8491379310344828,0.3900146484375,21,0.17089201877934274,25560
219,1.3409423591885032,0.8008925601507928,0.8080725907384231,0.8491379310344828,0.4408721923828125,22,0.21517322534870037,28893
220,1.0797208590254264,0.9758015372215997,0.7870257037943696,1.5675675675675675,0.37872314453125,23,0.13682514101531024,24820
221,1.2579027922431083,0.9250112014772373,0.8420938784339174,0.9094827586206896,0.519775390625,22,0.10659347111319868,34064
222,1.706637598929757,0.6481818181818182,0.4524074074074074,1.0593607305936072,0.3590240478515625,16,0.16171533001827532,23529
223,1.7101440815254232,0.654396015811378,0.43830373545621554,0.8189655172413793,0.286712646484375,21,0.2565726450239489,18790
224,1.6071300346422777,0.7148054003866117,0.563940322365792,1.1658291457286432,0.3582916259765625,22,0.17627017588688726,23481
225,1.746673088121212,0.6930749161386508,0.5847821640417263,0.7586206896551724,0.35467529296875,22,0.23029599036310447,23244
226,2.178499152618702,0.5707716625952005,0.45957863792258696,1.8267716535433072,0.18182373046875,21,0.27794561933534745,11916
227,2.5759462552087804,0.6190806725281506,0.5603071241131306,1.4146341463414633,0.244964599609375,20,0.3075868942319671,16054
228,1.916319293547803,0.697109047772473,0.3951579811243332,0.8189655172413793,0.3631591796875,20,0.20126050420168068,23800
229,3.238115949201453,0.42996155124127783,0.4267937308025518,0.9568965517241379,0.27642822265625,22,0.286818282181497,18116
230,2.6203617092536002,0.5993215359865706,0.18677285318559556,0.9051724137931034,0.2614898681640625,19,0.2779366283480189,17137
231,1.2214018643373301,0.9008794567913608,0.6714704104876574,1.045045045045045,0.5486297607421875,20,0.13611458767904325,35955
232,1.5120075057252684,0.8512605229663042,0.682050829509354,1.7575757575757576,0.2908477783203125,22,0.25213787314411623,19061
233,1.7212320811625368,0.6537802099725204,0.4430274753758424,1.0175438596491229,0.42474365234375,22,0.14337548498347463,27836
234,3.1777401649504293,0.5104154427192614,0.21166719795983424,0.7672413793103449,0.23199462890625,22,0.2792028413575375,15204
235,2.7369589791544118,0.6404426328798966,0.3889520022720818,0.8620689655172413,0.298492431640625,22,0.2914834883958695,19562
236,2.268542953556689,0.6306301377357716,0.26783259088159267,1.0,0.3517608642578125,22,0.24834077994187306,23053
237,2.44821278281117,0.5944337660285948,0.3965975873801423,1.0265486725663717,0.344482421875,21,0.2588589652728561,22576
238,1.4876274447919269,0.7987614930050786,0.7918007792647807,0.6206896551724138,0.322784423828125,20,0.22652926160537015,21154
239,2.0438821526531132,0.5728585348569404,0.579628724963361,1.4683544303797469,0.197357177734375,21,0.29619607236740375,12934
240,1.9457533972194272,0.6657805399385699,0.504057782827463,0.7155172413793104,0.2827911376953125,21,0.2340689580747855,18533
241,1.7485261103846859,0.7200952664483478,0.48338035079111985,0.853448275862069,0.36907958984375,21,0.23164379030924426,24188
242,1.3149401254402655,0.864437187810576,0.869476622470342,0.9525862068965517,0.5109710693359375,22,0.16660196494161914,33487
243,2.5341286925162083,0.6015354715992888,0.5603146228101538,1.2210526315789474,0.3329620361328125,21,0.34530956418129327,21821
244,2.2656347509372807,0.6930319660831794,0.4910464465584779,0.9224137931034483,0.4065704345703125,21,0.2633890035653969,26645
245,2.959454595049415,0.6310464293848975,0.6543054682589566,1.0357142857142858,0.401611328125,22,0.3031534954407295,26320
246,1.3907664679884377,0.8342147734326505,0.5419707191702235,0.5818965517241379,0.2563323974609375,20,0.19155902137031966,16799
247,1.4642728446830486,0.7823341106942654,0.5950032484791211,0.7974137931034483,0.4120635986328125,21,0.1834845399000185,27005
248,1.9003458208675486,0.6826400378161191,0.3998545983278808,0.9224137931034483,0.352569580078125,21,0.2902709253007877,23106
249,2.7405728271129113,0.5369395112388484,0.2187028657616893,1.281767955801105,0.24658203125,22,0.2969059405940594,16160
250,3.0084068671495423,0.5590263301369424,0.2468080540753192,0.9094827586206896,0.2659759521484375,21,0.42797315128219837,17431
251,1.9236188378065493,0.6766929788117989,0.5296769346356123,1.1485148514851484,0.3106689453125,20,0.2774066797642436,20360
252,2.3359798679308335,0.5812042016104316,0.3089859437751004,0.9568965517241379,0.31829833984375,19,0.2406040268456376,20860
253,3.4619335455198503,0.496908310976572,0.3569973358407773,1.1485148514851484,0.264251708984375,19,0.35096431458597993,17318
254,2.8843753622572144,0.5560151721176555,0.3449433923068933,0.9353448275862069,0.2963714599609375,22,0.3314112135097565,19423
255,1.7693265228389248,0.7915901305664499,0.4709409594095941,0.6077586206896551,0.2433013916015625,20,0.19949827532141737,15945
256,2.9745280536353937,0.5260796737309738,0.31750200627416647,1.031111111111111,0.2755584716796875,20,0.32028351514480313,18059
257,2.2983722358523195,0.6204281258860221,0.3377655509705028,0.7586206896551724,0.267120361328125,21,0.29395635782017593,17506
258,1.4114136007942912,0.7152032954458769,0.4870574800152265,0.9568965517241379,0.3576507568359375,18,0.19983787704253594,23439
259,1.6421755218082048,0.7657924819005649,0.7195149170448627,0.8706896551724138,0.3526611328125,19,0.23489961924541364,23112
260,2.1285209745419613,0.7402066901342168,0.5410722683806239,1.380952380952381,0.3000030517578125,21,0.30817354152891513,19661
261,1.8127013777598528,0.6849110882558989,0.4622581466395112,1.1262135922330097,0.3505706787109375,20,0.255930359085963,22975
262,2.5687888943655532,0.586757715416355,0.582622844126261,0.9827586206896551,0.3710479736328125,19,0.23029156557141095,24317
263,1.7258503684174276,0.8185920941290245,0.5687258687258687,1.5675675675675675,0.3099822998046875,22,0.29480679301009105,20315
264,1.8592504588655356,0.697914623782441,0.5886904761904762,2.4166666666666665,0.16290283203125,22,0.3614649681528662,10676
265,1.6421149424457968,0.7659209098125618,0.496802380801621,0.8189655172413793,0.3607025146484375,21,0.2523795422818224,23639
266,1.901647889841425,0.4985960301542292,0.6714272465918576,1.1100478468899522,0.2750091552734375,21,0.22831936969427954,18023
267,2.5489807671310394,0.5673563866661967,0.5040493396461501,1.0357142857142858,0.3683929443359375,20,0.3229093318974444,24143
268,1.9747268612058277,0.48289048392236605,0.7408096280087527,1.2473118279569892,0.2427825927734375,21,0.23719439381559926,15911
269,1.8192030817666658,0.7574398857233553,0.6622257053291536,1.5675675675675675,0.2912750244140625,21,0.3244276808633244,19089
270,1.1808610638201809,0.8996273802188774,0.7853732386165133,1.1776649746192893,0.467864990234375,18,0.1756897788793947,30662
271,2.0730220120821596,0.6884919242804821,0.6477700161203654,0.8706896551724138,0.37432861328125,19,0.23177890102722973,24532
272,1.4388063613268005,0.8226920021995479,0.6339036524693605,0.8275862068965517,0.410919189453125,22,0.2877088748607501,26930
273,1.0931039118430383,0.9105166207560881,0.8146850791512293,0.75,0.4110565185546875,20,0.19005902223542076,26939
274,2.2112328391876668,0.6425159025523266,0.3759715117429274,0.9439655172413793,0.3714447021484375,22,0.25144805488230704,24343
275,1.9449766522958742,0.7362314022109551,0.485177733065057,1.0740740740740742,0.337890625,21,0.2904624277456647,22144
276,1.79597782603934,0.6781776194044687,0.37067260138476754,1.288888888888889,0.33831787109375,22,0.2014703229298214,22172
277,2.5744415080934746,0.5067460373173095,0.2704681450193594,1.2608695652173914,0.2753753662109375,18,0.2664154707153544,18047
278,2.12986405117668,0.5030663888061924,0.11685393258426967,1.4233128834355828,0.1289215087890625,17,0.31412001420286423,8449
279,1.564696794904769,0.7397156206080098,0.6073403582138829,0.978448275862069,0.4457244873046875,19,0.18931224538701175,29211
280,1.574316279214612,0.7025305972209441,0.6333761232349165,0.6077586206896551,0.291229248046875,21,0.20051346536728493,19086
281,2.2110200722528677,0.7262416811110398,0.7563525332505304,0.5991379310344828,0.2589263916015625,21,0.2967175437562614,16969
282,2.2064865548671224,0.5621472945416608,0.18928499765901946,1.008695652173913,0.2713165283203125,20,0.2888476463640965,17781
283,2.9691241254749334,0.2995297442061534,0.4246740220661986,1.2340425531914894,0.108367919921875,18,0.3863700366094058,7102
284,2.227501712122929,0.565518779386348,0.4395874727978049,1.310734463276836,0.2321624755859375,20,0.3016759776536313,15215
285,1.1981634311765625,0.8873779439817175,0.8391920457214437,1.288888888888889,0.35845947265625,22,0.16626936829559,23492
286,2.2227166736846242,0.5905570191352084,0.24521021820117084,0.8275862068965517,0.285614013671875,20,0.29495672614595575,18718
287,1.7178788072558386,0.8316542763843535,0.5625271951962405,1.8125,0.2739715576171875,20,0.28359788359788357,17955
288,1.859448231109984,0.6365440747227087,0.3790312381434172,0.6508620689655172,0.24957275390625,19,0.2627170457324529,16356
289,1.2240578370182267,0.8887779220346882,0.7796293827489668,1.4146341463414633,0.407379150390625,22,0.2687841785901566,26698
290,1.796389547429496,0.6909891580032889,0.608616662341033,1.9661016949152543,0.18914794921875,21,0.3654404646660213,12396
291,1.8026036293282328,0.6447046283496827,0.5684764991896273,1.3892215568862276,0.2953338623046875,20,0.34838543012141565,19355
292,2.081791168510848,0.7393029225637294,0.6023802439750074,1.0593607305936072,0.410888671875,21,0.2320632798573975,26928
293,1.1970598503102483,0.8724097415082247,0.5611411095713671,1.0265486725663717,0.498504638671875,21,0.14426078971533518,32670
294,1.87675692732567,0.7384507990326843,0.531382483714197,0.9482758620689655,0.45196533203125,22,0.28649561107359894,29620
295,1.5219954529032993,0.784032099364913,0.5200673867802993,1.008695652173913,0.468109130859375,20,0.2690527413781863,30678
296,1.416065441475571,0.8230725763217758,0.6053695068531864,0.8146551724137931,0.4333953857421875,18,0.18163574270323557,28403
297,1.3849220369779478,0.8420838782584406,0.6147253603428127,1.0265486725663717,0.5059814453125,20,0.19523522316043426,33160
298,1.9361042515884668,0.739376526361155,0.4065369479667687,0.8706896551724138,0.392669677734375,17,0.1362788528794591,25734
299,1.141868130322296,0.9293235231087935,0.4918581716435026,1.0841121495327102,0.49627685546875,20,0.18767679252244496,32524
300,2.314794682130868,0.6294714779534826,0.40772352035819226,1.183673469387755,0.307037353515625,18,0.22746247887883908,20122
301,2.609633957860671,0.5972454278618198,0.5804819757020514,0.771551724137931,0.3027191162109375,21,0.25419628005443823,19839
302,2.1969766348380997,0.5386464185662018,0.31497122355930934,1.0497737556561086,0.2684478759765625,21,0.2629454896833968,17593
303,1.785930096833784,0.7714193216659366,0.48511511951899106,1.2747252747252746,0.309051513671875,21,0.2233632862644416,20254
304,1.2062112809680958,0.8752992492134916,0.7016911155514401,1.045045045045045,0.5327911376953125,23,0.16398888793424407,34917
305,1.4257117686915237,0.8582358947807452,0.7482275736802015,1.1958762886597938,0.4552764892578125,22,0.2716761068472031,29837
306,1.922045211662529,0.7772630524602478,0.6156721714853547,1.0,0.52099609375,22,0.29440018744142454,34144
307,1.946675629332731,0.8306175909070728,0.837239753830038,0.9655172413793104,0.428192138671875,21,0.24841422564321858,28062
308,2.218609497609386,0.6383481716211458,0.44052213393870604,0.5517241379310345,0.1936492919921875,22,0.3017886691356079,12691
309,1.8120122700747368,0.8079298699935259,0.66922131443858,1.4871794871794872,0.3522796630859375,21,0.2216398839173561,23087
310,2.3390877743608445,0.693422519509476,0.42003444546801777,0.7198275862068966,0.2704925537109375,20,0.2721836746206352,17727
311,1.8676433737330298,0.6670602336356644,0.39718225419664266,0.6896551724137931,0.28448486328125,20,0.22720446256168203,18644
312,1.7708140860647066,0.6519823788546255,0.22251183964169022,0.771551724137931,0.254058837890625,19,0.20786786786786787,16650
313,1.9708830476794248,0.7410903286254641,0.6262564727383491,0.6939655172413793,0.32586669921875,19,0.2787507023787226,21356
314,1.2814869849302275,0.8275380750023263,0.7573362315976682,0.7801724137931034,0.4070892333984375,21,0.23051838524682333,26679
315,2.2869262373950234,0.6144240696130967,0.6371495939219283,1.0892018779342723,0.2860565185546875,21,0.31269003040486476,18747
316,1.320936351170766,0.789433252332053,0.63137432773926,1.1958762886597938,0.3841705322265625,19,0.10807483020216864,25177
317,1.1001899657878236,0.9215100881205759,0.7746557240228126,1.0,0.584014892578125,21,0.11339290379892356,38274
318,1.9893263361792575,0.623479712465506,0.4247567146749708,0.7758620689655172,0.2792510986328125,22,0.26659745369105514,18301
319,1.700343323094941,0.6009626485267215,0.3883144592154932,0.8189655172413793,0.258148193359375,21,0.2734956850691571,16918
320,1.006564372783753,0.9652888122999799,0.7167648463620443,1.6,0.329071044921875,18,0.1722155244366132,21566
321,1.219380070521778,0.9269643657848231,0.4399737769400967,1.7846153846153847,0.26812744140625,21,0.2896084680173002,17572
322,1.3308558661758325,0.8335173791870432,0.3976721629485936,0.9913793103448276,0.483734130859375,20,0.16232414358715538,31702
323,1.4834867285049826,0.8769667268506577,0.7514090055148173,1.2340425531914894,0.44097900390625,22,0.2569204152249135,28900
324,1.554785647136117,0.8587419768934531,0.675835462698532,1.0265486725663717,0.5103759765625,21,0.1912221956469744,33448
325,1.6497176952098336,0.8085475021657522,0.5613382899628253,0.5948275862068966,0.25634765625,19,0.19273809523809524,16800
326,2.024659077180088,0.7104776497939342,0.5303590735787856,1.0220264317180616,0.4103546142578125,20,0.2299483136875767,26893
327,1.4358660897694693,0.7474342605013495,0.4185889570552147,0.8103448275862069,0.3528289794921875,21,0.22782510919863339,23123
328,1.2557255560664262,0.8844989007948099,0.5442881683487224,0.8318965517241379,0.4389495849609375,21,0.1454444328570932,28767
329,3.03272624552584,0.6065950766892635,0.24187341357569803,1.3975903614457832,0.2314300537109375,20,0.40034284960770095,15167
330,3.1986736961353857,0.5318721461187215,0.264487604610769,1.3181818181818181,0.244384765625,22,0.3858016983016983,16016
331,1.6513520889041928,0.753325592291552,0.7823404665509929,1.4683544303797469,0.282135009765625,20,0.295565170362358,18490
332,2.223665612944809,0.6235598988416747,0.6583219163864326,0.9612068965517241,0.30474853515625,22,0.2329761666332866,19972
333,2.0607209062479517,0.6738833883388339,0.5841522706113582,1.669064748201439,0.233673095703125,19,0.1644900091419616,15314
334,2.5158670565163144,0.6270301150738594,0.4758916565281424,0.9051724137931034,0.3516998291015625,20,0.18946592043038743,23049
335,1.9694453960759237,0.6563733573177435,0.3879966187658495,0.8922413793103449,0.3006591796875,21,0.26476857490864797,19704
336,1.9455657521218566,0.7619861570869696,0.59877759256453,1.045045045045045,0.4829559326171875,19,0.23263088054089917,31651
337,1.2033722398848936,0.8640164768356535,0.6366926765065338,0.9310344827586207,0.5312957763671875,23,0.17338234871765415,34819
338,2.262136311465421,0.5300144629671919,0.3785538924526808,1.008695652173913,0.2656097412109375,21,0.34262078474177055,17407
339,2.0834315615688,0.6412724141424374,0.3652539631187318,1.8709677419354838,0.19317626953125,20,0.2934439178515008,12660
340,2.622112076290593,0.5972577835012499,0.534766020400218,1.303370786516854,0.3007659912109375,20,0.28278626147836233,19711
341,1.8186307526839678,0.7257357102433503,0.6313473974345383,1.0220264317180616,0.4696197509765625,21,0.22705266920102674,30777
342,2.092714899541414,0.6937163090582391,0.4589863287762588,1.0841121495327102,0.4005889892578125,22,0.31386889117434197,26253
343,1.475924940191497,0.6918182798514936,0.6478790547482753,1.0,0.342620849609375,21,0.21831299545737953,22454
344,1.2075798378676206,0.8682670857126822,0.7359252713961121,0.9439655172413793,0.472137451171875,19,0.2121065218796458,30942
345,2.271157257059992,0.6468643344709898,0.7324858958794545,0.9094827586206896,0.37017822265625,20,0.2800082440230833,24260
346,2.1686157389975214,0.6398473618551406,0.47343517642287414,0.8189655172413793,0.332611083984375,21,0.28103495733553535,21798
347,2.3036775428690257,0.6346882388127724,0.5641979641979642,0.9741379310344828,0.339996337890625,22,0.3509559285521946,22282
348,2.048418050499379,0.6565523624951188,0.33564787572084265,1.1317073170731706,0.346343994140625,22,0.3910036126530972,22698
349,1.8753812684513103,0.7619334384243434,0.6380321376894372,0.7413793103448276,0.3282012939453125,20,0.28713561764842627,21509
350,2.8977329971219548,0.5829610229548606,0.44529321894464685,0.9655172413793104,0.37530517578125,18,0.2882582533745324,24596
351,1.2385742569329783,0.8564169326390055,0.8373727362825479,0.6206896551724138,0.3111724853515625,21,0.16363458049330654,20393
352,1.81108262453973,0.7036555105005144,0.32571265678449257,0.9137931034482759,0.3548126220703125,18,0.300477357760289,23253
353,1.1276331545990808,0.8729068871295453,0.6763993541442411,0.853448275862069,0.380218505859375,21,0.14688177221285817,24918
354,2.404352635631016,0.689094345704699,0.502555910543131,1.0593607305936072,0.3588104248046875,20,0.20025515628322346,23515
355,1.25784527319816,0.8556153028365406,0.6332941176470588,0.8577586206896551,0.423675537109375,19,0.1485990059785349,27766
356,1.6590800209115888,0.6427346281120602,0.47883281511600095,1.1485148514851484,0.2830352783203125,22,0.34115046633241686,18549
357,2.0312448486266357,0.7116111000666565,0.47362812999467235,1.0220264317180616,0.464263916015625,22,0.24843883520673107,30426
358,1.7838722956946351,0.6277777777777778,0.3185354077253219,0.47413793103448276,0.1500091552734375,19,0.2028277896450005,9831
359,2.680963236671874,0.5331081651608545,0.31544295357946495,0.6724137931034483,0.2408447265625,22,0.28858337557019764,15784
360,1.7429865833123244,0.7089742397470473,0.49988195482804754,1.2210526315789474,0.2908172607421875,20,0.19969568183010653,19059
361,1.0449922272066965,0.9537066526781198,0.8687958883994126,0.7974137931034483,0.3883819580078125,19,0.20700899697481634,25453
362,1.1444752733557368,0.8445243699256869,0.8422752971039575,1.0892018779342723,0.487274169921875,22,0.22214567545562722,31934
363,1.0962066634575351,0.934093393721693,0.6336173932044139,1.2275132275132274,0.4563140869140625,18,0.1300451429526835,29905
364,1.5146047432815817,0.7540840195500447,0.3924708526478438,1.3181818181818181,0.302520751953125,19,0.22470493291637245,19826
365,1.6049944679335328,0.7814418785754934,0.37048904764406154,1.0892018779342723,0.398101806640625,21,0.2346492909160598,26090
366,1.083939998877405,0.9307291094091636,0.8726437120597704,0.9008620689655172,0.581329345703125,20,0.19418342170192662,38098
367,2.0209759518948065,0.713900326565384,0.3506144651131556,1.2210526315789474,0.306884765625,21,0.27073389021479716,20112
368,2.5633332202583547,0.48300065803904363,0.1608358094507812,1.3257142857142856,0.1847991943359375,22,0.2654611510197341,12111
369,1.7028676492188106,0.8314259860541864,0.6546610169491526,1.45,0.357513427734375,21,0.22458386683738796,23430
370,1.05033061758287,0.9583703265265858,0.5535300231870153,0.5258620689655172,0.296478271484375,21,0.09773546062789501,19430
371,1.4606661919225907,0.798951475249939,0.38766146678901675,0.6551724137931034,0.2999725341796875,18,0.20891194872577445,19659
372,1.0749967482513028,0.9105498621443063,0.8460686600221484,0.9008620689655172,0.5341644287109375,21,0.1739080755277516,35007
373,2.3989952221619797,0.7241470584137863,0.6359287467740921,1.2340425531914894,0.396575927734375,22,0.23963062716429395,25990
374,1.2840258040734411,0.8573155985489722,0.6747524302716453,1.901639344262295,0.281280517578125,21,0.23125745904307257,18434
375,1.8045308478543485,0.7218749533797795,0.6161656646626587,1.281767955801105,0.369171142578125,22,0.312267504339919,24194
376,1.662900171879577,0.6929089893914014,0.7019984326018809,1.5364238410596027,0.265106201171875,22,0.3691723264648325,17374
377,1.737388486839869,0.796934286326564,0.799806411205375,1.008695652173913,0.482330322265625,20,0.2793419803859538,31610
378,1.5577664404206144,0.8059645301386256,0.7176342483809961,1.0131004366812226,0.4573211669921875,21,0.2989556571352307,29971
379,1.993185409998204,0.7093049860082015,0.8665246387550944,1.3567251461988303,0.3074798583984375,20,0.3037070120589549,20151
380,2.5852029415469895,0.4504235901538014,0.1884113584036838,1.1776649746192893,0.18902587890625,20,0.3349208911850178,12388
381,2.3346292801734885,0.5021524853560423,0.405451672372926,1.4871794871794872,0.1628570556640625,22,0.3505106343108779,10673
382,2.49437530756088,0.7085075066234913,0.5112394826070576,2.188679245283019,0.183624267578125,22,0.33953797573541633,12034
383,1.9981582910950333,0.7333482592634053,0.4123607617678764,1.45,0.2998809814453125,24,0.45392560932173204,19653
384,2.8346902059109973,0.48022284122562675,0.2001172418846633,1.0943396226415094,0.249908447265625,22,0.49090243008914397,16378
385,2.176269160060304,0.7697288991329162,0.8461740961740962,1.3181818181818181,0.3210296630859375,20,0.21289034649935834,21039
386,3.520801733255033,0.4379621153439899,0.19502353732347008,1.183673469387755,0.1898040771484375,21,0.449634214969049,12439
387,1.5955096490105702,0.6944743210540468,0.510269717125941,0.7155172413793104,0.315277099609375,20,0.21938824895944245,20662
388,1.6306252832606634,0.8325024183346975,0.6630660985036171,1.0,0.51214599609375,21,0.22845906328208795,33564
389,1.7145095293488026,0.7984436212456361,0.5371196962700734,1.0943396226415094,0.4571533203125,22,0.2540053404539386,29960
390,2.154832749390798,0.7434264177558352,0.46805362116991645,0.5948275862068966,0.2573394775390625,19,0.3063741476430477,16865
391,2.864297493095807,0.5032545722267329,0.2764397905759162,1.1776649746192893,0.2790069580078125,20,0.31916871752802844,18285
392,3.1435253942520816,0.5649886034274136,0.4356810868787987,1.183673469387755,0.306365966796875,21,0.34540292857854366,20078
393,1.2896639850058762,0.8802069952655338,0.7363886475528526,0.6681034482758621,0.3659515380859375,20,0.19005128632781554,23983
394,1.735819802985669,0.653229661259998,0.3900454329694175,0.9094827586206896,0.3127899169921875,20,0.23225523196253475,20499
395,2.0311751917808203,0.6779936770877628,0.49188397542817625,0.8060344827586207,0.27978515625,18,0.27585078534031415,18336
396,1.3379825378693344,0.8571244649007049,0.7635761589403973,0.8362068965517241,0.406341552734375,20,0.21430717236199776,26630
397,1.9761936005286762,0.676460023065434,0.5126405681914264,0.6767241379310345,0.272979736328125,20,0.24997205142537732,17890
398,2.161294795850312,0.6083019326607512,0.3680038269664457,0.8275862068965517,0.305450439453125,21,0.2769507443301029,20018
399,1.2376834402615928,0.8710963279744462,0.7182878566965215,1.1262135922330097,0.503509521484375,21,0.1524031759500576,32998
400,1.2662319963664022,0.856485167865881,0.5533266817203172,1.1485148514851484,0.45135498046875,22,0.16950642325895876,29580
401,1.5058188880676502,0.7958076944145197,0.7324111614595755,0.5948275862068966,0.33251953125,21,0.22765234948604993,21792
402,3.087271452148788,0.6125310152169764,0.5949218397036233,0.6724137931034483,0.2693328857421875,21,0.30621494532887655,17651
403,2.0314538348112183,0.7095120592215235,0.4825360920763755,1.0943396226415094,0.34002685546875,19,0.23770418237300306,22284
404,2.540439213751683,0.616725901211286,0.30828409650418515,1.1047619047619048,0.3243560791015625,20,0.2760502422731336,21257
405,2.913385721884562,0.5772597040700185,0.3825040731921293,1.0740740740740742,0.336639404296875,18,0.22835645000453267,22062
406,1.087899707069706,0.9183467741935484,0.6661789450581608,0.6120689655172413,0.3475189208984375,21,0.17286498353457738,22775
407,1.8098020811140347,0.7146891562536268,0.491161514246509,0.7068965517241379,0.281890869140625,20,0.3050232759553968,18474
408,1.8237725163130527,0.7492274116106503,0.434704112337011,0.8275862068965517,0.327392578125,21,0.22250186428038776,21456
409,1.5797827147198764,0.7793418441840441,0.6629653299249081,1.2747252747252746,0.3176422119140625,20,0.24451169717058174,20817
410,1.181834526827313,0.8675564822562724,0.6214747205414829,0.9741379310344828,0.482513427734375,22,0.16011004996521408,31622
411,1.368249747342495,0.8295232429676214,0.7194950088079859,1.1207729468599035,0.4468231201171875,22,0.2449885599153092,29283
412,1.541383880801563,0.8201636212217704,0.7611108189133751,0.5474137931034483,0.255462646484375,19,0.24041333174053278,16742
413,1.9413870316275517,0.6345418451572459,0.4994815070860698,0.8146551724137931,0.2316741943359375,18,0.26727260752157017,15183
414,2.1297388077410644,0.6343616632118034,0.5872589699780327,1.8412698412698412,0.198455810546875,20,0.3010918037828694,13006
415,1.5685519932810663,0.7027984237042949,0.641309412861137,1.7709923664122138,0.2149810791015625,21,0.28710341401093054,14089
416,1.8931875832492882,0.6768339302241358,0.6087483262130969,0.853448275862069,0.384979248046875,20,0.2479191438763377,25230
417,1.5183210279068655,0.7908741184013678,0.4377387813248721,0.8146551724137931,0.3387908935546875,20,0.21154798901049407,22203
418,1.9111194226016082,0.5653264121062819,0.3876471223409999,1.6571428571428573,0.1960906982421875,20,0.27958913703213756,12851
419,1.6941936060912082,0.6781583547175425,0.3610240334378265,0.7887931034482759,0.2782440185546875,20,0.2711817932547299,18235
420,1.7493128284214403,0.7792122268106298,0.4485080336648814,0.8879310344827587,0.433319091796875,21,0.11462074793999577,28398
421,1.2974692524253966,0.8277958476456819,0.7240353265170459,0.8146551724137931,0.41552734375,20,0.10179200940070506,27232
422,1.3399333282989498,0.7886488478615679,0.35764350453172206,0.7586206896551724,0.3428497314453125,21,0.20312430459744538,22469
423,1.6275524120333553,0.7217605611551707,0.5430289111051068,0.8103448275862069,0.3485565185546875,19,0.20439521954209167,22843
424,3.6210623505014348,0.5422571739312306,0.4650994575045208,1.2210526315789474,0.24725341796875,20,0.3470747963465811,16204
425,2.356354274613423,0.5197989456908177,0.30005519102226036,0.6163793103448276,0.1617431640625,19,0.1941509433962264,10600
426,2.0062547076233277,0.6439001149070934,0.5173028661999736,1.0,0.3505706787109375,18,0.21057671381936888,22975
427,1.7517168462175605,0.7394526338318307,0.4450020911752405,0.5086206896551724,0.21087646484375,22,0.22199710564399422,13820
428,1.776867980790026,0.7720691425637515,0.6988777585297884,0.8491379310344828,0.34417724609375,22,0.21626174853697464,22556
429,2.1925166568485457,0.663475580074639,0.5207810320781032,0.6637931034482759,0.24957275390625,20,0.2570921985815603,16356
430,2.3097058770859804,0.6982642720979232,0.3796685433351836,1.45,0.2654876708984375,22,0.23599057417092936,17399
431,3.205326014305731,0.5973910782829441,0.30793183111795625,0.9353448275862069,0.29803466796875,22,0.29577104239197216,19532
432,2.4829762888913804,0.6583175858871583,0.6835154280225717,0.9137931034482759,0.42791748046875,22,0.25852232206532594,28044
433,1.77997367971538,0.6589688048984326,0.2785756833675293,1.1372549019607843,0.294769287109375,20,0.19634537736825758,19318
434,2.335991651096264,0.6931204267250223,0.3739324928832859,1.1485148514851484,0.3093109130859375,19,0.2250505648463322,20271
435,1.8122615744362789,0.7744428603586704,0.5948389090628139,1.380952380952381,0.314971923828125,20,0.23999612440654974,20642
436,1.0839625774773225,0.8983291471005788,0.8056444026340546,0.8017241379310345,0.4393157958984375,21,0.18175818832273974,28791
437,1.7704012795508044,0.65158908424341,0.8405775962660443,1.8125,0.1925506591796875,21,0.34495601870195736,12619
438,1.750665626577453,0.7659803352051464,0.4651028806584362,0.6379310344827587,0.2716217041015625,21,0.18684343576203585,17801
439,2.123353786483307,0.6296787681421622,0.35250431778929187,0.6896551724137931,0.238983154296875,21,0.2695696590473758,15662
440,1.219089556623536,0.8488783704512814,0.6703550390065276,0.6594827586206896,0.3201751708984375,22,0.21136157842062622,20983
441,2.0413731853451984,0.7006667635330395,0.34724033029117773,0.9137931034482759,0.33111572265625,19,0.21465437788018432,21700
442,1.175385364394877,0.9146389192544907,0.8599264504089138,1.0593607305936072,0.517059326171875,21,0.2009974620787346,33886
443,1.4086787826116787,0.7930994853983374,0.5745576230796532,1.0175438596491229,0.4738616943359375,21,0.18232168732893253,31055
444,2.2764071066935885,0.5818692536769965,0.44521963824289407,0.9956896551724138,0.34136962890625,19,0.2709637046307885,22372
445,2.98530757292055,0.5802316519308807,0.5384231714703053,0.9612068965517241,0.3294525146484375,21,0.2786346162752999,21591
446,1.418179682509994,0.8584586260875896,0.8209266409266409,0.7327586206896551,0.3598175048828125,21,0.17429286289809592,23581
447,2.374232480949763,0.572010967084392,0.39793018768637084,0.9353448275862069,0.30401611328125,20,0.22942180285083316,19924
448,2.8109555798606873,0.5155675654195394,0.3243505333537488,0.6508620689655172,0.197967529296875,21,0.3073069215353785,12974
449,1.2768527506605247,0.8835603930019358,0.8228468088312862,1.3567251461988303,0.3691253662109375,21,0.17374230085569015,24191
450,1.6008646347971875,0.801452642677236,0.5627807812381025,1.4146341463414633,0.31317138671875,22,0.2592087312414734,20524
451,1.9824190870491263,0.6655705259952805,0.5089741819687975,1.1262135922330097,0.3335418701171875,22,0.25650761699986274,21859
452,2.3742081362367364,0.6303480148448988,0.41763779527559053,1.7709923664122138,0.2060394287109375,22,0.4087239872620899,13503
453,1.689776861802834,0.7841942578612614,0.5592128590001182,0.8189655172413793,0.4026031494140625,21,0.2111805950350578,26385
454,2.351488654080571,0.5652131499365916,0.3463981409759876,1.1047619047619048,0.265228271484375,21,0.28644574847543436,17382
455,2.3586336512908006,0.6471771980534924,0.5087001023541453,1.2210526315789474,0.2698974609375,22,0.35295115332428767,17688
456,1.462053811275142,0.785583784881088,0.3834561654383456,1.1262135922330097,0.383819580078125,21,0.15444859664466884,25154
457,1.8981118165640845,0.6141980770365127,0.3081030150753769,0.8793103448275862,0.3177642822265625,22,0.21450180072028813,20825
458,1.6966231482062348,0.676425068526357,0.5257402422611036,1.3647058823529412,0.276763916015625,19,0.19450876612636453,18138
459,1.7121955713311663,0.7048449867453797,0.4573938734255948,1.3647058823529412,0.2860260009765625,18,0.24278474259802613,18745
460,2.0274965528807485,0.7226854027120644,0.7802960969044415,1.0,0.5045928955078125,17,0.2438840001209592,33069
461,2.440905137557499,0.5945382530748384,0.5821920183072709,0.9698275862068966,0.34814453125,22,0.2552594670406732,22816
462,1.634481781067528,0.6776042468072011,0.5178802240413615,1.4146341463414633,0.2687835693359375,21,0.3074652284984388,17615
463,1.170270643736235,0.8564461374177199,0.6949280847842544,0.9482758620689655,0.40997314453125,21,0.1686764924817627,26868
464,1.5275870189284546,0.7693543675138768,0.6297671540187205,1.4777070063694266,0.32147216796875,21,0.315074995253465,21068
465,1.830612901316597,0.6936157712644428,0.5489067055393586,0.8491379310344828,0.3242645263671875,20,0.27857512587642935,21251
466,2.694493583189307,0.5775172549515737,0.4836053733930377,1.2960893854748603,0.313446044921875,22,0.33093174958621363,20542
467,2.1452134379962686,0.6828743441572572,0.5630638109469257,0.9396551724137931,0.4309539794921875,21,0.2442021031760082,28243
468,1.5865422194194827,0.8143164190262592,0.6487134207870837,1.856,0.1994476318359375,21,0.21008339071226378,13071
469,3.0563045042047547,0.5993292848726548,0.4002202270032187,1.310734463276836,0.2522430419921875,21,0.337729114996068,16531
470,3.029306751133972,0.552461217382057,0.49448020425042255,0.8577586206896551,0.31707763671875,19,0.29186717998075073,20780
471,2.6979657328632634,0.42882652201745225,0.23933787731256087,1.2083333333333333,0.1942138671875,22,0.32236015084852293,12728
472,1.7996702828324354,0.6814861497035148,0.7677218011591619,0.9094827586206896,0.363006591796875,22,0.2540983606557377,23790
473,1.3269966682060688,0.8577204871500429,0.557657287199671,1.2960893854748603,0.40460205078125,22,0.23465077688942526,26516
474,2.1379280675758965,0.5765934968893063,0.35043988269794724,0.7931034482758621,0.224853515625,21,0.21423724212812162,14736
475,3.0077393732862743,0.34305278496951175,0.2944693572496263,0.8189655172413793,0.18499755859375,21,0.3162322665786869,12124
476,1.2658106011376409,0.876063199648595,0.8357692736806873,0.9137931034482759,0.50213623046875,18,0.15692232891698069,32908
477,1.928020700425941,0.7165698212369074,0.46087678261525694,1.3410404624277457,0.2954254150390625,22,0.31873353649088376,19361
478,1.4990169832530553,0.8020162676137015,0.6796545105566218,0.5,0.267059326171875,22,0.32664838304193805,17502
479,2.5212658223723405,0.43761996161228406,0.280599110695062,1.0357142857142858,0.1669921875,17,0.313687865497076,10944
480,2.7012359941627597,0.6991125020788921,0.30319598669748044,0.8793103448275862,0.352783203125,20,0.2810121107266436,23120
481,3.474034077242388,0.6888589957234926,0.5421610931319669,0.7155172413793104,0.2617645263671875,20,0.32299621101719617,17155
482,2.9907397125843267,0.6506165131886998,0.46007005253940453,0.7025862068965517,0.254425048828125,21,0.3097637039702531,16674
483,3.160736027887469,0.5262008427949433,0.2878092236003563,0.9137931034482759,0.2867584228515625,22,0.4692704730484755,18793
484,2.191624630904182,0.7055417374024504,0.450148769272383,1.0642201834862386,0.409027099609375,19,0.42117436394836977,26806
485,1.86566629570877,0.7307194212477114,0.6336861022364217,1.6453900709219857,0.2496795654296875,20,0.3121065819226303,16363
486,2.056471525037852,0.7424062105205339,0.7051303616484441,1.4683544303797469,0.309356689453125,21,0.3424583210022689,20274
487,2.7652079140065076,0.6055107285876516,0.6485712425958472,1.2427184466019416,0.3864593505859375,20,0.29320488016741025,25327
488,2.8687578220749566,0.4652531653495974,0.3683241252302026,0.9353448275862069,0.2834320068359375,16,0.2449528936742934,18575
489,2.118309363312876,0.6694676728533551,0.22587391694054376,1.3975903614457832,0.25042724609375,21,0.2418352425054838,16412
490,2.1425657143672923,0.5701846643023114,0.08397656467962429,1.681159420289855,0.1778564453125,20,0.3161461908030199,11656
491,3.163483808333809,0.5621689161926826,0.4074098211085405,0.9612068965517241,0.32952880859375,20,0.18971105760325987,21596
492,1.282875223660458,0.9003989802238322,0.8322293217656369,1.1717171717171717,0.4769287109375,18,0.18207704120808804,31256
493,3.1901858117393487,0.4891376881441388,0.34618916437098257,0.75,0.201324462890625,20,0.44558132484462637,13194
494,2.1544157693478443,0.6042019393566261,0.25405319063972526,0.8103448275862069,0.239593505859375,20,0.29556744363775317,15702
495,2.009034173019791,0.7197754817265329,0.4406125458938714,0.875,0.350250244140625,19,0.2382591269495513,22954
496,2.7856101780656166,0.4592681192215685,0.2102393730300707,0.9051724137931034,0.2167816162109375,22,0.34131062152460057,14207
497,2.986101861099536,0.5216616096843818,0.2560819462227913,0.8103448275862069,0.2544708251953125,21,0.33675121424716675,16677
498,1.8308217015711465,0.7126273326174652,0.5455060422960725,0.8706896551724138,0.3746795654296875,20,0.1697006719609041,24555
499,1.769409751971922,0.7662404368630207,0.6237396883593034,0.9051724137931034,0.4324951171875,20,0.21598927462602313,28344
500,2.1258687841790738,0.7608718641677927,0.7611510008703221,1.0,0.4940338134765625,19,0.26623837909627207,32377
501,1.3715211852040678,0.7828652348359688,0.7805810910554922,0.7801724137931034,0.4049072265625,22,0.1918525776303889,26536
502,2.072347474414111,0.6276006353880129,0.6391601315456615,0.6594827586206896,0.2471771240234375,20,0.2739675288598062,16199
503,2.4485859083291652,0.5457579902372915,0.4190811798486035,1.045045045045045,0.331817626953125,19,0.2812011404396211,21746
504,1.7065020326244937,0.7443285203754368,0.6963007159904535,0.9482758620689655,0.433807373046875,20,0.20777347871966234,28430
505,2.2364666928767103,0.763455683841691,0.4157435023434171,0.4482758620689655,0.2028045654296875,21,0.2974193062974945,13291
506,1.7431822027405681,0.7531764462259826,0.6580378366057764,0.7629310344827587,0.38848876953125,22,0.2194422623723488,25460
507,2.427519962489655,0.6499674939768251,0.43393891669947693,0.9396551724137931,0.389007568359375,20,0.21075547187573546,25494
508,1.953776490614426,0.6901935379382946,0.6190259098852671,1.380952380952381,0.32513427734375,21,0.22850572554908954,21308
509,2.183437788475991,0.563304347826087,0.3478984602580108,0.7543103448275862,0.2471160888671875,20,0.28335906143871564,16195
510,3.0098654359386647,0.43680407877531074,0.4191914857093812,1.1485148514851484,0.2523040771484375,20,0.30390081644995465,16535
511,2.3513150601402195,0.7379680675878857,0.6493631184791653,0.8448275862068966,0.3931884765625,20,0.2252794163303322,25768
512,2.7439866590800057,0.6781280457603016,0.39245406824146983,0.8362068965517241,0.3238067626953125,20,0.3048395457330003,21221
513,1.9692746497756892,0.7844205610274526,0.5994384080087901,0.8448275862068966,0.399810791015625,21,0.20616746813220366,26202
514,2.158652114763071,0.747684453628297,0.6777220161466289,0.9913793103448276,0.46929931640625,20,0.256307712316296,30756
515,2.2302302692940716,0.7110952394033458,0.5419347152728139,0.8922413793103449,0.394989013671875,20,0.21671946225759098,25886
516,2.2568110990509274,0.7078528208455255,0.6430634949904727,0.9310344827586207,0.4078826904296875,20,0.2713703191051588,26731
517,0.9642040225574647,0.9679850667418025,0.9074631009114884,1.008695652173913,0.629058837890625,23,0.10563721923058264,41226
518,1.8624536502243272,0.7544181006681974,0.5803069606571553,0.9655172413793104,0.446197509765625,18,0.12991587442719377,29242
519,1.5965177730653701,0.7480126852847903,0.47198548413702096,1.0,0.4084930419921875,22,0.1934182510926002,26771
520,2.128597145237222,0.5857000101377283,0.34269588313413013,1.0403587443946187,0.3085479736328125,21,0.25349883784184757,20221
521,2.9921202682595984,0.5775516830825846,0.4267379679144385,0.75,0.2442626953125,18,0.3414542728635682,16008
522,2.3250926589403575,0.6902687933490577,0.2877058464755598,0.5991379310344828,0.2255096435546875,21,0.28608160227349616,14779
523,3.114979796455949,0.5595461922897684,0.40403225806451615,0.8275862068965517,0.265655517578125,22,0.3469844916714532,17410
524,1.3258062096745284,0.8264748432727858,0.8383838383838383,0.6163793103448276,0.313812255859375,22,0.16935719148108527,20566
525,1.5147563574395095,0.7423792670396164,0.777975254631212,1.1658291457286432,0.396881103515625,20,0.16624375240292194,26010
526,2.088595959782103,0.717040901891363,0.7153046062407132,0.9396551724137931,0.352294921875,19,0.2434164934164934,23088
527,1.9962535210314518,0.6378088942592461,0.6234471113255338,1.5890410958904109,0.20538330078125,22,0.23179791976225855,13460
528,2.2704083220753324,0.5832623648869963,0.6138299800616277,0.9051724137931034,0.2717132568359375,19,0.27287021957657104,17807
529,1.380484500637615,0.7014422681985143,0.8843631778058008,1.0,0.456024169921875,21,0.20735461420062906,29886
530,1.7190726275747306,0.7876800562126712,0.5822691221938433,1.2473118279569892,0.3592071533203125,21,0.22386474661229344,23541
531,1.8324752689267565,0.793522864818587,0.6715796019900497,0.8275862068965517,0.4101409912109375,23,0.18155437330257823,26879
532,1.6036273659083544,0.7388528948248142,0.6616783617356438,1.2340425531914894,0.3541107177734375,21,0.20545525057094843,23207
533,1.7330473891666527,0.706685992279322,0.5442799799297542,1.0642201834862386,0.375701904296875,20,0.2238648363252376,24622
534,1.6929980061515972,0.7577908764736033,0.6432699788818496,1.2083333333333333,0.4511871337890625,19,0.21793094118840678,29569
535,1.141767553582995,0.8801280970841059,0.6119651787368031,0.8448275862068966,0.3983917236328125,22,0.1789804282048336,26109
536,1.1891317169240416,0.8860635414864787,0.7821977384749202,0.8275862068965517,0.468963623046875,21,0.19138413483438538,30734
537,1.652167870605549,0.847905331882481,0.7612589704469684,1.1153846153846154,0.4756011962890625,20,0.2103371940068658,31169
538,1.83167816743824,0.7492778361344538,0.5093566091383984,1.16,0.348297119140625,22,0.3216945588364146,22826
539,2.242011970856293,0.6758356888720134,0.5499580726311036,0.8275862068965517,0.3666534423828125,21,0.291481126971576,24029
540,1.3606430232829407,0.8284615740955205,0.49236460738227034,0.7887931034482759,0.409332275390625,20,0.196749422202341,26826
541,1.4941935097397956,0.7536044678304807,0.6545166402535658,1.2340425531914894,0.30267333984375,18,0.171304698527929,19836
542,2.4687632687456302,0.5808809171803956,0.5059299971073185,0.5,0.15887451171875,22,0.3521897810218978,10412
543,1.5271278394966878,0.8248367615952914,0.5823923782639379,1.2677595628415301,0.4105682373046875,20,0.21808451332367043,26907
544,1.3753014026208057,0.789440410081162,0.772092666462105,1.303370786516854,0.3524932861328125,22,0.2758755032249686,23101
545,2.1870576144865845,0.5696338186074885,0.37638435184447455,1.0593607305936072,0.2635955810546875,21,0.34078147612156295,17275
546,1.2044047138147138,0.8897491552731097,0.7665718855518038,1.681159420289855,0.3033599853515625,23,0.19712288114279966,19881
547,1.046147036061101,0.9622998162247309,0.8791141187326976,1.1047619047619048,0.559295654296875,21,0.13913897528237026,36654
548,1.5543319473505766,0.7497763578274761,0.568716577540107,0.5775862068965517,0.2685699462890625,21,0.22850974376455882,17601
549,1.6307018556426918,0.783498092939986,0.6995812508442524,0.75,0.38397216796875,22,0.25540454617707836,25164
550,1.7198885193739346,0.7348387224678337,0.6364679911699779,1.154228855721393,0.2827911376953125,22,0.24923110127879997,18533
551,1.589659224239113,0.7627730947875452,0.6818105192178018,1.45,0.3044586181640625,22,0.23896155966521326,19953
552,2.0323625268409953,0.608663526369262,0.2494470075206977,0.9224137931034483,0.301666259765625,21,0.2864441072331816,19770
553,1.9766025742139557,0.7395874251568284,0.7670212160855469,0.9655172413793104,0.474029541015625,21,0.22503701796175885,31066
554,1.469909666138229,0.8297487207993045,0.6741243457755794,1.0545454545454545,0.44415283203125,19,0.17332004947093582,29108
555,2.1228204685132384,0.6027485176142309,0.40476035637640634,0.9051724137931034,0.3296051025390625,19,0.2414703023008194,21601
556,2.212907148750408,0.6533721632276166,0.3604732852652986,0.7629310344827587,0.2807159423828125,22,0.2893950100559874,18397
557,1.229006640237445,0.9055213042882586,0.6550808834577052,1.0943396226415094,0.5042572021484375,21,0.1778073652676491,33047
558,1.3509161780228465,0.872525357222181,0.739358875966704,1.2406417112299466,0.4495697021484375,20,0.21128194684858975,29463
559,1.775907233463381,0.6993536406813555,0.36607142857142855,0.7629310344827587,0.298828125,19,0.22794117647058823,19584
560,1.8760079077732583,0.747309133911928,0.4720467466835123,0.6724137931034483,0.284454345703125,21,0.255176483209956,18642
561,4.689255526576786,0.4435436751387672,0.26851174934725847,0.7931034482758621,0.185333251953125,21,0.40490696525605135,12146
562,1.923849776996554,0.6029912873145749,0.5068325514990822,1.2473118279569892,0.2254638671875,19,0.19991878722252301,14776
563,4.1588216026199785,0.46788256602502,0.236053412462908,1.2473118279569892,0.254241943359375,19,0.36118113071660063,16662
564,1.6422034308495368,0.6810507880910683,0.5636929015655158,1.8412698412698412,0.2225189208984375,22,0.3090584927655489,14583
565,1.688954435846442,0.8346291103747132,0.6462824461064672,1.2210526315789474,0.399688720703125,22,0.25383675650912424,26194
566,2.767972766669699,0.5882395789703713,0.29550012031763856,1.4871794871794872,0.2464447021484375,21,0.32004210265618227,16151
567,3.019452505579171,0.5747880119468571,0.45692655760529066,0.728448275862069,0.2554779052734375,19,0.38589261183778295,16743
568,1.665716186207104,0.6861381702318325,0.5594025797691785,1.0740740740740742,0.3154449462890625,20,0.17950950515164707,20673
569,2.067589692593255,0.7872675534378929,0.6104071908165476,1.1428571428571428,0.4538116455078125,19,0.23980363807538416,29741
570,1.4063680499811002,0.8349096013100291,0.8023952095808383,0.7801724137931034,0.3812103271484375,22,0.21734779650162112,24983
571,2.4884274477631014,0.6127029290928189,0.5737313025066594,1.0545454545454545,0.3515777587890625,19,0.19421900091141878,23041
572,1.9885573955689995,0.7042579795985522,0.3663432073544433,1.1485148514851484,0.4082183837890625,16,0.19773483347661944,26753
573,1.6274039560495712,0.8008761769326926,0.8077659849857624,1.0175438596491229,0.5327911376953125,21,0.2122748231520463,34917
574,1.4911759851560358,0.8363397073623906,0.6697063369397218,0.6896551724137931,0.329681396484375,22,0.2260483199111358,21606
575,2.1750259373230483,0.7267827351670445,0.633339742357239,0.6810344827586207,0.259246826171875,19,0.2183637433784579,16990
576,2.8360579486084223,0.5854472302634807,0.5807463016118348,0.6939655172413793,0.273101806640625,20,0.24740194435132418,17898
577,0.905113832265681,1.0,0.9493599397590361,1.0220264317180616,0.63201904296875,20,0.103138580395944,41420
578,0.9576752242178832,0.9893516296805489,0.8038214150586455,0.9224137931034483,0.58197021484375,20,0.10445726271630834,38140
579,1.6586774567898517,0.7331405436668594,0.81033990288489,2.0714285714285716,0.19342041015625,18,0.27571789207952035,12676
580,2.0263097771439185,0.7369307260972472,0.48530447589165654,0.771551724137931,0.35394287109375,20,0.20275047421969306,23196
581,2.105191872339328,0.6566214995483288,0.562242090784044,0.8663793103448276,0.27728271484375,21,0.2455425930002201,18172
582,1.683066613730333,0.8314784118714974,0.4900629464601457,0.7327586206896551,0.32147216796875,23,0.21525536358458325,21068
583,1.836731611203282,0.7362273555778744,0.6249589490968801,0.6982758620689655,0.302001953125,21,0.26318714632174617,19792
584,2.316609361808685,0.7350094445990072,0.6264662043937529,0.9482758620689655,0.382965087890625,20,0.25364570882142,25098
585,2.4283131181529574,0.6176346674691544,0.3480164637884228,0.6293103448275862,0.2348785400390625,20,0.3104657961411031,15393
586,3.221638369384865,0.456542819937384,0.29983434566537825,0.765625,0.251434326171875,19,0.27418376016506857,16478
587,1.605354346950491,0.723516805992625,0.3858442422897715,1.45,0.285919189453125,19,0.21891343793361084,18738
588,1.2129128074062163,0.8506204097005713,0.6963779001836088,0.646551724137931,0.310150146484375,21,0.22016136967430877,20326
589,2.0243089401107976,0.6658803099556037,0.38903697628323425,0.8232758620689655,0.3101043701171875,22,0.24947104266102446,20323
590,1.126875337500317,0.8745689835690255,0.8037544627432915,0.9310344827586207,0.47796630859375,20,0.14311709871025413,31324
591,1.4790815699560556,0.8656052228365865,0.8242264278092885,1.1100478468899522,0.49566650390625,19,0.21136559537002833,32484
592,2.2730124518128463,0.6011479236087665,0.5040399588658734,1.0175438596491229,0.31243896484375,18,0.2692420394608322,20476
593,1.6394310438155266,0.8541010475308202,0.8143505903723888,1.0943396226415094,0.45721435546875,20,0.16990388466159392,29964
594,1.2361209678707752,0.8664629989648295,0.5144748455428068,0.5387931034482759,0.2618255615234375,18,0.20420770441167901,17159
595,1.4120705197019316,0.8246081744239357,0.7480921526277898,1.288888888888889,0.3704986572265625,20,0.18549483134961492,24281
596,2.0133752422985154,0.7044966420072956,0.5428550097058384,1.303370786516854,0.3153228759765625,21,0.29489474957657874,20665
597,1.3187014030928268,0.7938382463171743,0.8128274994760009,0.8663793103448276,0.3959197998046875,22,0.25848845723975794,25947
598,2.2804561454468275,0.535085705540251,0.3685292102945494,1.3647058823529412,0.2133941650390625,22,0.39442259563818377,13985
599,1.552490646001789,0.7718021020251218,0.30307576894223553,1.1776649746192893,0.3445587158203125,22,0.27673707984588813,22581
600,1.3188527476044123,0.8414686428221461,0.6041447752481027,1.1958762886597938,0.4192962646484375,22,0.2685687252083409,27479
601,1.9680031216493907,0.772387552656611,0.5605381165919282,1.6571428571428573,0.26019287109375,22,0.3425404644616467,17052
602,1.0927623124772854,0.9607107048756033,0.3688372093023256,1.3727810650887573,0.3143463134765625,20,0.21358186495801174,20601
603,1.9144383393277142,0.7321676484934899,0.42962854421569346,0.7758620689655172,0.2977447509765625,20,0.2497309485983703,19513
604,2.1976633889133934,0.6995728730822873,0.47568263307897396,1.8709677419354838,0.2449188232421875,22,0.31455984050837954,16051
605,1.5602611888450846,0.8046268055475628,0.521767522855899,0.6508620689655172,0.3200225830078125,19,0.255948123778191,20973
606,1.8745914465185685,0.7353835479460441,0.6152398027790229,0.6637931034482759,0.274932861328125,22,0.29764679764679763,18018
607,1.2015575105092449,0.9345729277798341,0.9165922486158242,0.625,0.327484130859375,20,0.1451868418600317,21462
608,2.3856218071345565,0.6122692307692308,0.40901044432642947,0.7931034482758621,0.2429046630859375,19,0.18782586845907406,15919
609,3.7855302747410935,0.5365566974284035,0.5123567335243553,0.8879310344827587,0.257720947265625,22,0.29698046181172294,16890
610,1.4015928516379885,0.7399033308390802,0.44757458257497823,0.75,0.2791290283203125,21,0.21286831028262176,18293
611,2.034886911884751,0.6687046835194983,0.4889173308511257,1.0357142857142858,0.3905181884765625,20,0.22170124643457195,25593
612,2.722166098253606,0.5465485397668244,0.4135691894312584,0.7931034482758621,0.2889862060546875,22,0.3117376841438302,18939
613,1.2330268460004883,0.835043204346444,0.7193264310365346,0.7672413793103449,0.4409027099609375,20,0.1846340197265963,28895
614,1.8313002940603071,0.6399664382603831,0.8269061876247505,1.0740740740740742,0.349151611328125,18,0.19810331264749584,22882
615,1.4910582882868493,0.8689295937296527,0.7489243855397854,0.9913793103448276,0.5396270751953125,22,0.28361374240067866,35365
616,1.3291502215662763,0.8526205997392438,0.61623251445801,1.0691244239631337,0.498931884765625,20,0.1651782983668726,32698
617,1.9532477507809693,0.6340609977145559,0.2347452424800491,1.099526066350711,0.306915283203125,21,0.25251068907228796,20114
618,1.3305594076776615,0.7912964284835208,0.5569546687330492,1.681159420289855,0.245269775390625,22,0.2382107751648625,16074
619,2.044121684442203,0.6534664356626241,0.40147449130050133,0.9482758620689655,0.362579345703125,21,0.19564851443481188,23762
620,3.0795908716443487,0.43709677419354837,0.14434677697345744,1.0403587443946187,0.2026214599609375,22,0.35989155809925444,13279
621,2.603154687451606,0.6618481296973536,0.49178944635555266,1.1658291457286432,0.3507080078125,20,0.23929690219282979,22984
622,1.6756753261198951,0.7756751009993621,0.505242718446602,0.9741379310344828,0.47314453125,20,0.28586171310629516,31008
623,2.0758408660434973,0.732964219801155,0.7795444033302498,0.9310344827586207,0.4696502685546875,22,0.3430585789011989,30779
624,2.451866007967903,0.4472517658520744,0.14016060932196373,1.2747252747252746,0.21014404296875,21,0.32036015103107757,13772
625,2.6858206507889655,0.5822925781560735,0.48253164556962025,0.5431034482758621,0.223388671875,22,0.3655737704918033,14640
626,1.711880691577341,0.7793644376162367,0.6050089922067542,1.183673469387755,0.36767578125,18,0.19965969455511287,24096
627,1.7245852599398572,0.8326826644457168,0.7682387619749448,0.6379310344827587,0.3661346435546875,22,0.2810168785163576,23995
628,2.6257198692516974,0.5618612050109366,0.6180804764449874,1.0943396226415094,0.3233642578125,21,0.27802944507361266,21192
629,1.8280483114299777,0.6307315257181858,0.6941088242646446,0.9353448275862069,0.3102264404296875,22,0.24302788844621515,20331
630,2.036318795663989,0.8006234994804171,0.6809359012940114,0.6293103448275862,0.3409271240234375,22,0.258649241373137,22343
631,2.2853985867193636,0.68617597792886,0.5012934751365334,1.3181818181818181,0.31878662109375,22,0.30964005360903696,20892
632,2.5642378186429315,0.6888559322033898,0.6127976190476191,1.7575757575757576,0.2480621337890625,22,0.3393615058128806,16257
633,1.8303311216170377,0.6794140668679414,0.3063857235003225,0.7456896551724138,0.27813720703125,20,0.1771450515690147,18228
634,2.62583394705881,0.5862862300892749,0.4330301888823118,1.0,0.406341552734375,20,0.22609838527975967,26630
635,3.303643380641641,0.5344412331406551,0.3896736483195324,1.008695652173913,0.3047332763671875,21,0.3004356316659156,19971
636,1.6816726166002602,0.720906047077922,0.6215553146573858,0.9913793103448276,0.4336700439453125,21,0.20724112452060098,28421
637,1.6705144888511063,0.6460990724505775,0.6057481205508616,1.1485148514851484,0.3682861328125,20,0.26574411667219094,24136
638,2.5963965885053972,0.5898793062398124,0.47283702213279677,0.646551724137931,0.2457275390625,22,0.28315946348733234,16104
639,1.9377780305723868,0.7549462661890328,0.5348459383753501,1.1717171717171717,0.4180450439453125,20,0.22816366755484177,27397
640,2.974659003114052,0.49188709761569366,0.34480791175351844,0.7155172413793104,0.215789794921875,22,0.3509404610380427,14142
641,1.8578534911291609,0.8156761246209414,0.5495541775217407,0.6939655172413793,0.3221893310546875,21,0.28240587260241534,21115
642,1.9967209009054343,0.7383850568410278,0.5350710540314614,0.7586206896551724,0.3082275390625,21,0.2782673267326733,20200
643,3.3233131814026073,0.6263833673579027,0.5377868636243736,0.9137931034482759,0.3558197021484375,20,0.36296582186200094,23319
644,2.585117732392282,0.6709636849551958,0.44677966101694916,0.7586206896551724,0.293060302734375,22,0.2184733937311257,19206
645,1.6798634748410624,0.834222869157367,0.562083585705633,0.8318965517241379,0.4328765869140625,20,0.21805491910183653,28369
646,2.7905616002619222,0.6077527704446135,0.3887260582100743,1.0943396226415094,0.310882568359375,22,0.3867183665455973,20374
647,2.7497423097476403,0.6009235193275452,0.4469374167776298,1.045045045045045,0.3316192626953125,20,0.2503566005613583,21733
648,2.6618971308496975,0.6405665370786107,0.42887387020600926,0.646551724137931,0.26776123046875,22,0.3865397766127194,17548
649,2.4440836636118806,0.6160564898051782,0.4412525708219996,0.8362068965517241,0.33148193359375,20,0.3363561038482784,21724
650,2.365762659543986,0.6078874901652243,0.5473130841121495,0.6982758620689655,0.2829437255859375,21,0.29116108504556976,18543
651,1.7463285426334871,0.6671960104197139,0.6054166387343299,1.0357142857142858,0.36541748046875,19,0.24461332887923834,23948
652,2.0773844355766937,0.5669849136360323,0.7808808717150444,1.1958762886597938,0.2967681884765625,22,0.39765540644763225,19449
653,1.813384554856543,0.7552708123419707,0.5536957371920219,0.6810344827586207,0.3031005859375,21,0.24979863068868305,19864
654,2.7543081310876008,0.5668410545880085,0.44452241031488465,0.6637931034482759,0.2512969970703125,21,0.3092476774546117,16469
655,3.0168690045060105,0.5691856076490817,0.3591284146439157,1.2406417112299466,0.258880615234375,22,0.2888718613697984,16966
656,1.7904853524590372,0.8157687795696845,0.6675450616633287,0.9568965517241379,0.4827880859375,20,0.24870417193426042,31640
657,2.7017785054613324,0.5186382561841782,0.3034058268362741,1.2608695652173914,0.242340087890625,22,0.3333333333333333,15882
658,3.4249496580192678,0.4116037694879924,0.47724438902743144,1.681159420289855,0.144622802734375,21,0.4339523106140536,9478
659,1.955793879044032,0.6239453595821615,0.4918347742555235,0.646551724137931,0.236968994140625,20,0.2638763683193818,15530
660,2.204352690404633,0.7122598781821021,0.7660315985130112,1.2210526315789474,0.3479461669921875,20,0.2324255580406087,22803
661,2.2306837889818607,0.5888432793105141,0.4786858316221766,1.1717171717171717,0.2747039794921875,21,0.22362939510081653,18003
662,2.3244889103045376,0.6681018767686939,0.45291852299327945,1.0642201834862386,0.2935943603515625,22,0.2215581310742685,19241
663,2.8599217812252973,0.4787023977433004,0.35362935389524064,1.3567251461988303,0.155364990234375,22,0.39795717933608327,10182
664,2.072211625965418,0.620530162539544,0.4518631955079122,0.5818965517241379,0.2169952392578125,22,0.2709373461781872,14221
665,1.4443143872958486,0.8079606393502369,0.5255345293683952,1.1372549019607843,0.4735870361328125,20,0.1814286174565841,31037
666,1.8578378122864239,0.7064182868299032,0.47708008504606664,0.9353448275862069,0.39752197265625,22,0.2622063565177338,26052
667,1.7727626493957807,0.7747276158013269,0.5705049109125907,1.0265486725663717,0.48553466796875,21,0.2285669390320553,31820
668,2.362331052617239,0.6338992996645023,0.37066254758095657,0.9310344827586207,0.379119873046875,22,0.2607260726072607,24846
669,2.6404091251224098,0.6552651908681638,0.6178637200736649,0.9655172413793104,0.375335693359375,19,0.2497764045857387,24598
670,2.4180422691539696,0.6154181038813168,0.33292231812577067,0.8275862068965517,0.2804107666015625,22,0.2595091690700332,18377
671,2.9098656436412784,0.6531733947339102,0.5148357090564575,0.8564814814814815,0.26837158203125,19,0.3746872867864453,17588
672,2.0100261590287065,0.6984105925120068,0.42030002158428664,0.9870689655172413,0.4016265869140625,20,0.21161809961627598,26321
673,2.522326313385183,0.700131356727341,0.483246251703771,0.875,0.3985137939453125,19,0.2572270934640273,26117
674,1.4328745139073675,0.8416963418582065,0.659809902113775,0.6810344827586207,0.3570556640625,19,0.205,23400
675,2.2841713995896256,0.6767822662794764,0.6406457319770014,1.1958762886597938,0.3396148681640625,21,0.23781282293211126,22257
676,2.439868409598698,0.7244348936032703,0.46705058569465346,0.7155172413793104,0.342071533203125,21,0.2672852172361495,22418
677,1.660985124027133,0.8286882320495765,0.8794657640089775,0.7801724137931034,0.3897247314453125,22,0.19736893622019497,25541
678,1.8794781735666035,0.7356094300331645,0.4737574040690188,0.9137931034482759,0.4365997314453125,20,0.23685038269318143,28613
679,2.376819171886942,0.6623917660512988,0.5022230455724342,0.6379310344827587,0.247467041015625,22,0.3335183129855716,16218
680,3.1423723215001167,0.5605161713645187,0.6971854304635762,1.3257142857142856,0.312835693359375,20,0.37089064481514,20502
681,2.1464267693002728,0.7538006161528703,0.8459566074950691,0.8318965517241379,0.285614013671875,21,0.3661715995298643,18718
682,1.5090780974149385,0.8615618740003417,0.6816804073714839,0.8793103448275862,0.4232940673828125,22,0.17054179733967773,27741
683,1.6679364869140163,0.8051396648044693,0.8313244263723497,0.7112068965517241,0.3848419189453125,18,0.23746084612029658,25221
684,1.1863465347522806,0.8949955317247542,0.8546296296296296,0.7068965517241379,0.36676025390625,21,0.1209435846230654,24036
685,1.1543791930130145,0.9165338057277826,0.7886033648306061,0.9051724137931034,0.4736785888671875,22,0.16696195599652094,31043
686,1.3663104229848733,0.7899449230334699,0.7516127011962171,0.9439655172413793,0.4267578125,18,0.18817934782608695,27968
687,2.895076423428325,0.5860827222230321,0.34448160535117056,0.853448275862069,0.30670166015625,21,0.3263681592039801,20100
688,2.003159950131951,0.6745511854186652,0.5959406004798651,0.9094827586206896,0.3755340576171875,22,0.2860103205883548,24611
689,2.808691335072254,0.4808640265854334,0.668652700365174,1.105,0.26495361328125,22,0.4205828150195807,17364
690,2.6784183878026946,0.5584062874569482,0.2957329953527672,0.7844827586206896,0.280792236328125,21,0.20981415063580044,18402
691,4.763350143836054,0.37569115815691156,0.15911885245901639,1.1485148514851484,0.1726226806640625,20,0.406965437991691,11313
692,2.116681711335695,0.6068311117500873,0.5789867464728516,1.4871794871794872,0.2254180908203125,21,0.3088066066472619,14773
693,2.221065885349557,0.6555494981239778,0.4357353560893384,1.9173553719008265,0.1559600830078125,22,0.3716857450347324,10221
694,2.154643231468524,0.616450312923654,0.30901490653837055,1.3333333333333333,0.2532501220703125,21,0.262637826113153,16597
695,2.7390805251423287,0.44630842776203966,0.16243947429098454,1.303370786516854,0.1538543701171875,22,0.3507884558167212,10083
696,1.7190947766796818,0.7805257290383149,0.661566325256058,1.2747252747252746,0.4059600830078125,22,0.23191129486938544,26605
697,2.157272559623968,0.6790728157014245,0.5088136112814224,1.1897435897435897,0.3003997802734375,22,0.3379895362421903,19687
698,1.95183569799351,0.5497370312913845,0.2847289769210363,0.75,0.2216949462890625,19,0.23394590130084658,14529
699,2.3671673009232683,0.6134329371816638,0.23961135203381456,0.9137931034482759,0.344573974609375,21,0.22442653440793553,22582
700,2.8724108738268708,0.6496975545866579,0.3712581384352381,0.7370689655172413,0.287628173828125,21,0.323342175066313,18850
701,2.222710352752433,0.7187132521475694,0.47388212212866837,1.3588235294117648,0.275115966796875,21,0.30687742651136996,18030
702,2.3264997758834625,0.7253670886075949,0.6168387788499521,1.1428571428571428,0.43719482421875,21,0.21363255619153987,28652
703,1.4506067700057936,0.8352094482376823,0.8396073036518259,1.0403587443946187,0.4488983154296875,22,0.1931064958020327,29419
704,1.544836017349898,0.6982525944980169,0.40270848182466146,1.0044642857142858,0.42041015625,22,0.1513138792102207,27552
705,2.1582552133919335,0.5390040935560125,0.3964349731129257,0.5818965517241379,0.2139739990234375,22,0.28995222135063825,14023
706,2.188755204323412,0.6207422921954596,0.31192557302021984,0.9452054794520548,0.266815185546875,23,0.26724236532082807,17486
707,4.008766487544567,0.40232922522859615,0.13685323465274565,1.3109756097560976,0.131256103515625,21,0.5211578702627296,8602
708,2.2367669415727356,0.6437548434920314,0.6247980270431159,0.9955357142857143,0.291534423828125,21,0.21443525594054225,19106
709,3.9788432795680975,0.5254832809148452,0.36184434895300455,1.0841121495327102,0.304656982421875,21,0.3704798156866673,19966
710,1.4551958273733685,0.7940731511969387,0.8192259336029087,0.9353448275862069,0.4084625244140625,19,0.16212783443535433,26769
711,2.230701683761125,0.6098909633127272,0.420725088646067,0.84,0.2995758056640625,22,0.2547751235165283,19633
712,1.201914246683914,0.8131294176518421,0.782707076247943,0.9292035398230089,0.3967132568359375,20,0.16519866148698026,25999
713,1.3316375352530283,0.8289058370459865,0.650012025012025,0.9196428571428571,0.4187469482421875,20,0.18558466639944612,27443
714,2.2679460884687557,0.6880813468911485,0.5238481984642647,1.1317073170731706,0.3149261474609375,21,0.28678715054023934,20639
715,3.2205119086763823,0.5861271850967713,0.4523060796645702,1.3647058823529412,0.2959747314453125,21,0.26277259370005673,19397
716,4.962335168472101,0.35709332457388954,0.3376170620001367,0.7543103448275862,0.1492919921875,22,0.5342395748160261,9784
717,3.2810897796014205,0.5372283892300425,0.41732222135680347,1.0943396226415094,0.2776641845703125,21,0.35934494696928065,18197
718,2.7478693062667934,0.616400297874778,0.24607723930287764,0.9739130434782609,0.3283843994140625,21,0.26634450072022675,21521
719,2.0951313483383243,0.6849862281139765,0.546175101803374,0.823045267489712,0.3244476318359375,21,0.2970418097164088,21263
720,2.8218052562085645,0.5588982072786027,0.3118543668279997,0.9535864978902954,0.277099609375,18,0.42422907488986783,18160
721,2.0553822121230403,0.7199288030004449,0.6602943763560664,0.796875,0.4320220947265625,19,0.2469536961819659,28313
722,1.0596321467415901,0.9418297291064237,0.9432650073206442,0.8472906403940886,0.4050445556640625,19,0.21646261066114145,26545
723,1.8354285394292205,0.7320758799769186,0.378773985396502,1.1263736263736264,0.3097381591796875,18,0.28819153652889307,20299
724,2.1178191419807466,0.7396245841913511,0.41680257917693914,1.1202185792349726,0.2849884033203125,19,0.3031536113936928,18677
725,2.1164939217662546,0.5889777241413989,0.5327139492279508,0.7281553398058253,0.1787261962890625,19,0.3084606847092974,11713
726,2.365493778415367,0.5889579265045269,0.4570048309178744,0.9073170731707317,0.25311279296875,18,0.3174584036653002,16588
727,2.5705519700566075,0.5936041486603284,0.3477992710961592,0.5525114155251142,0.1833953857421875,18,0.3760712205674349,12019
728,2.0815292541954857,0.6753426112822692,0.48187575274874705,1.1647727272727273,0.2910003662109375,20,0.23627497247129148,19071
729,1.6224203508137642,0.7690988919088438,0.6978676266962061,1.329268292682927,0.2806549072265625,17,0.24840972108954493,18393
730,2.9375162478074004,0.6125461254612546,0.2171153425257168,1.0693069306930694,0.2545623779296875,20,0.32338308457711445,16683
731,2.530152637926196,0.6112330051570558,0.4450257137790388,1.120879120879121,0.2486724853515625,21,0.2787016015217525,16297
732,2.8762284779817104,0.5522969321252583,0.454830943159217,1.3125,0.212066650390625,20,0.28673190387106057,13898
733,2.117461400999323,0.6140109608161087,0.25720769942002186,1.0105263157894737,0.2282257080078125,20,0.23941966971986361,14957
734,1.9295504496122662,0.6019717102443206,0.3190983093299937,1.9272727272727272,0.1607208251953125,20,0.368840786100826,10533
735,1.7881452567340788,0.6646186054979064,0.17984972125717055,1.1147540983606556,0.2228240966796875,19,0.2696021365472848,14603
736,1.2971423405695401,0.9466764572187839,0.5892228222587462,1.9428571428571428,0.2065582275390625,17,0.2679323336041959,13537
737,0.9869404013616779,0.9900195406887567,0.8521954479342742,1.3576158940397351,0.3594818115234375,20,0.2143554480241097,23559
738,2.5907443149593106,0.527991802471082,0.4595271816101972,1.0459183673469388,0.2044219970703125,20,0.3544823467940584,13397
739,2.062133157549675,0.6527528165884012,0.29940373148682436,1.1202185792349726,0.2577056884765625,22,0.29534016223577475,16889
740,2.238672327097458,0.7027839111333682,0.34597610951259916,1.6458333333333333,0.2355499267578125,20,0.4085638401243765,15437
741,2.357219679789605,0.5318660756053551,0.15914166423924653,0.8640776699029126,0.182159423828125,19,0.34972357178756913,11938
742,2.3967552381542307,0.5894225954316089,0.3466514124790988,0.9853658536585366,0.233489990234375,19,0.21330545026793885,15302
743,2.1845355708107017,0.6540482468991112,0.582270106795199,0.8737864077669902,0.255462646484375,18,0.24590849360888783,16742
744,1.5987386026770065,0.8029622002653308,0.6198769673244388,0.8333333333333334,0.30938720703125,17,0.313819293746301,20276
745,2.4821767077848134,0.6666796540169875,0.4853943313511871,1.3225806451612903,0.2610931396484375,18,0.36561276371924495,17111
746,1.4212536089781078,0.7744914788345245,0.5677720899176497,1.889908256880734,0.2149658203125,18,0.28776263486655307,14088
747,1.6364310939815911,0.7639953987730062,0.8310614182876398,1.0628272251308901,0.364837646484375,19,0.2453366792137181,23910
748,2.0974697327971605,0.5970003619710108,0.5850743774026408,1.3146067415730338,0.2894134521484375,21,0.3068487372805399,18967
749,2.0361630077051416,0.6364343429978827,0.23028733711994653,0.7804878048780488,0.2247467041015625,19,0.3011066603299613,14729
750,1.9581976358055437,0.7955313622940905,0.3902878816141267,1.0148514851485149,0.3411865234375,20,0.25353309481216457,22360
751,1.850414645144575,0.7361932938856016,0.7097051245347838,0.71,0.27337646484375,18,0.308271935699933,17916
752,3.0766052467612766,0.5961298804453513,0.4295566502463054,1.1398963730569949,0.3321075439453125,17,0.33402251320928095,21765
753,1.3392713651831918,0.8327661327032709,0.6734036065859396,0.6878048780487804,0.2931060791015625,20,0.23488989536154928,19209
754,2.004433547706669,0.7190196674539885,0.6957696762451051,0.6100917431192661,0.2345733642578125,21,0.3817081896832108,15373
755,2.034397024727794,0.7627190776492436,0.5857464607464608,0.4433497536945813,0.1504058837890625,21,0.3252510905955159,9857
756,2.050506727745932,0.6671276595744681,0.8824294576746048,1.0845771144278606,0.2870635986328125,19,0.28076330197204064,18813
757,2.4920443339730687,0.5262900823015118,0.2867976353973846,0.8817733990147784,0.1644134521484375,20,0.2882598607888631,10775
758,3.746692109822482,0.505449704634329,0.2386583749617698,0.8056872037914692,0.185394287109375,17,0.422880658436214,12150
759,1.4694131226062201,0.8021926942249435,0.5867097837803563,0.9902439024390244,0.3818359375,16,0.2132752557544757,25024
760,1.7009098105136822,0.7530203865411234,0.46180129374689005,0.9516908212560387,0.3361968994140625,15,0.17609948713293697,22033
761,1.3591690970018209,0.8442735105950224,0.637968144640551,1.0454545454545454,0.348358154296875,19,0.1882172579938677,22830
762,2.0637710376192446,0.7393489905232797,0.7044882450724294,0.9211822660098522,0.2738037109375,19,0.2961435577351761,17944
763,1.6950632569025965,0.7731263284354496,0.790667808219178,0.8202764976958525,0.3191375732421875,19,0.3343533349270858,20915
764,2.445895473485755,0.6380205646686612,0.5807949559067865,0.8592233009708737,0.2830963134765625,19,0.3128874036543955,18553
765,1.7276316946662462,0.8345007068500193,0.684698709217098,1.3333333333333333,0.3963165283203125,20,0.33765833750433144,25973
766,2.40791695716937,0.5320740460899132,0.10880176350181074,0.9665071770334929,0.21490478515625,21,0.33591309287134336,14084
767,2.169402507035827,0.6711393761502085,0.3176911818514453,1.4863013698630136,0.2198028564453125,21,0.377507809788268,14405
768,2.37182841552087,0.6939485277069325,0.5787054479692563,1.0,0.3196868896484375,20,0.4681876760059186,20951
769,1.6081859436521786,0.7176833411740108,0.798415089396817,1.191860465116279,0.209503173828125,18,0.20094683175528041,13730
770,1.6171143769381062,0.7384087222243181,0.8642727878845604,1.3987730061349692,0.2986602783203125,19,0.21887293720942114,19573
771,1.331187270656315,0.8274105154992293,0.7941695292916163,1.3825503355704698,0.2948760986328125,20,0.15001293661060802,19325
772,2.7354460834927417,0.550631370229937,0.32183716075156577,0.8195121951219512,0.2415313720703125,20,0.3772822035504454,15829
773,2.8450209706574663,0.47858413709148795,0.27961942914371557,0.8682926829268293,0.1949615478515625,22,0.3983720748219457,12777
774,1.0079347704618862,0.9482225010455876,0.751004016064257,0.9414893617021277,0.345947265625,22,0.2555575158786168,22672
775,1.2205088193651525,0.8342275365768801,0.4976331360946746,1.1202185792349726,0.3475799560546875,21,0.2605908951227007,22779
776,1.8145782545428217,0.7260137786692248,0.5091726488289464,1.0406091370558375,0.3175811767578125,22,0.3270552058809398,20813
777,1.1610399345086777,0.8749896198369069,0.7607111824075931,0.9271844660194175,0.401947021484375,19,0.17633437096651736,26342
778,2.0505253404354904,0.6503813798346946,0.4402563545513795,0.7912621359223301,0.2023162841796875,18,0.25680669733765743,13259
779,1.3705501587975841,0.7688802083333334,0.6245701285646262,1.5755395683453237,0.2342681884765625,22,0.35602162443822055,15353
780,2.080270863310785,0.7718619056294407,0.587317941272889,1.6013986013986015,0.2585906982421875,20,0.28683542809936863,16947
781,3.0159416759378366,0.664517482784274,0.5332746478873239,0.7072072072072072,0.265777587890625,21,0.3340222758066368,17418
782,2.091843396880853,0.5945507286414807,0.2523731587561375,1.0098522167487685,0.2627105712890625,20,0.2807690073764303,17217
783,2.595092230864702,0.6075476107021849,0.35628586332811685,0.8027522935779816,0.238037109375,21,0.4191025641025641,15600
784,2.906421339112253,0.5897158070707696,0.27597293857592603,1.2349726775956285,0.2906646728515625,19,0.5064307837681769,19049
785,2.8956104496564214,0.7137594624134721,0.5231513476157568,0.7293577981651376,0.26904296875,21,0.36995235934664245,17632
786,1.564793554041174,0.9093298291721419,0.6651469098277609,0.6380090497737556,0.300933837890625,22,0.37927187911976473,19722
787,2.1358383203171933,0.6225739207868694,0.5049902152641879,0.8230088495575221,0.2346954345703125,21,0.35134256550289317,15381
788,1.964883273560989,0.6242389919297748,0.492994708994709,0.7731481481481481,0.26910400390625,21,0.35875481968700385,17636
789,1.930229774613111,0.6666251453246969,0.549261796776995,1.067357512953368,0.2449798583984375,22,0.18779196511990034,16055
790,1.2103917824472883,0.8225957235206365,0.8662454873646209,1.1314285714285715,0.315521240234375,19,0.3041396653448109,20678
791,2.5039346787017416,0.6212950531859961,0.4255924170616114,0.9375,0.3212890625,20,0.43968465045592703,21056
792,3.7819628711223436,0.5787804506488291,0.47685348787900206,0.9107142857142857,0.31884765625,21,0.39031393568147016,20896
793,3.8878245744609856,0.6879064306358381,0.6566612289287657,0.6064814814814815,0.2324371337890625,19,0.23849537188997572,15233
794,2.2954599790276635,0.648301516002246,0.5029287341360235,0.8899521531100478,0.281890869140625,22,0.3868680307459132,18474
795,3.7637857250409867,0.4838540257507997,0.7684835088127508,0.73568281938326,0.2319488525390625,17,0.3260969673047826,15201
796,4.981464828783932,0.42745340001298954,0.34035945216638663,0.8177966101694916,0.2008514404296875,22,0.41753399680923803,13163
797,3.2841380338896204,0.665964566594758,0.6952479785532062,1.1435406698564594,0.2991180419921875,21,0.475590470846299,19603
798,2.9950766476867257,0.36461512661412043,0.19251864853005704,1.0275229357798166,0.1658782958984375,18,0.4760371630944715,10871
799,2.60556264165533,0.6839809240872489,0.5296174557661375,1.3727810650887573,0.333740234375,22,0.31812362838332114,21872
800,3.6742185690132394,0.49770555695247676,0.44797000731528896,1.3089887640449438,0.2416229248046875,18,0.4670666245658352,15835
801,2.26568651752232,0.6272723473609428,0.6361456289513844,0.7439613526570048,0.229034423828125,22,0.5129913391072618,15010
802,1.9120424404956182,0.7430165894120517,0.5142475373667692,0.64453125,0.3717803955078125,22,0.18161296942335317,24365
803,1.9749951717443068,0.6422775536699588,0.701092963281346,0.484375,0.21136474609375,21,0.29887380883626913,13852
804,2.5818239086910486,0.6046014177341127,0.27601049868766403,1.9104477611940298,0.185455322265625,22,0.3770775053480336,12154
805,2.343280324077233,0.6687791621801774,0.666990440161546,1.0158730158730158,0.49755859375,20,0.26999509322865556,32608
806,3.1143357769972884,0.510255288110868,0.3006842183549011,0.8203125,0.2668609619140625,20,0.3288924466807708,17489
807,3.2066030835228694,0.5516065771609594,0.38423682616596,1.1523809523809523,0.2789764404296875,20,0.36930481868402343,18283
808,1.9301220532733225,0.7045619774627409,0.6206103678929766,0.708994708994709,0.236602783203125,19,0.28330968657293953,15506
809,1.8528457919193329,0.7992700729927007,0.6792546869608558,1.6344827586206896,0.33416748046875,20,0.3297716894977169,21900
810,1.8674825880103858,0.7746857164173537,0.5799003385446384,0.7522522522522522,0.3168792724609375,19,0.2415370539798719,20767
811,1.735278342122192,0.678057971762641,0.6618168016194332,0.5628140703517588,0.2004241943359375,19,0.3249333840883137,13135
812,1.912460720914764,0.7585391672547636,0.7035422775180283,1.0204081632653061,0.3280181884765625,19,0.22393822393822393,21497
813,2.3609167444430095,0.6488181111974254,0.4623561780890445,0.48717948717948717,0.1784210205078125,19,0.3417429231163944,11693
814,2.077930997464977,0.7746174786445132,0.39552188324426707,0.8705357142857143,0.314788818359375,20,0.25293262239457104,20630
815,2.4783881714292635,0.56878488950065,0.37316923076923075,0.5330578512396694,0.1702423095703125,21,0.3801201039706014,11157
816,1.5134834709736074,0.7808283129182135,0.5993078954557872,0.6651785714285714,0.267974853515625,19,0.28573055460653685,17562
817,2.6918087626966796,0.5257773373684351,0.22291089170585854,0.9673469387755103,0.299560546875,21,0.24205378973105135,19632
818,3.9741963531288893,0.4446618155791483,0.3564774381368268,0.47717842323651455,0.1421966552734375,20,0.4332009872303895,9319
819,1.6247574073832578,0.8363076133008088,0.4170727462582666,0.7004830917874396,0.2484893798828125,22,0.1975437519189438,16285
820,1.2476327149324788,0.905960367627099,0.6866652227276009,0.9047619047619048,0.356475830078125,21,0.19929800530776476,23362
821,1.9240743108604794,0.6768144179249879,0.3656019656019656,1.2987012987012987,0.2120208740234375,21,0.23929471032745592,13895
822,2.846078093501123,0.6377832828699881,0.37050473186119876,0.8888888888888888,0.265167236328125,20,0.21199217401312004,17378
823,1.8825162596638134,0.7280417712296609,0.3523043380196978,0.8018433179723502,0.2744598388671875,20,0.2635236559737588,17987
824,2.0074972439699534,0.6378853995278633,0.45381918969593216,0.603448275862069,0.1360626220703125,21,0.3318380621285186,8917
825,1.1476439463722274,0.9457963589790505,0.8322552060256978,1.2763157894736843,0.3155059814453125,21,0.24776321516661023,20677
826,1.9875577493179406,0.7103595524809975,0.7578831684842336,0.7798165137614679,0.317291259765625,21,0.28349523901125323,20794
827,2.4070943220158325,0.6529029281584752,0.35012819748375174,1.0357142857142858,0.3455047607421875,18,0.16729231992227178,22643
828,2.4215671140838952,0.6715727564244655,0.35594939730278075,0.9779735682819384,0.3467254638671875,19,0.17167627513972628,22723
829,1.6533044296177406,0.8037111403448037,0.7175408744543907,1.0582010582010581,0.354248046875,22,0.17922984148862853,23216
830,1.0714270249479454,0.9474320456525217,0.9189831484948869,0.8476190476190476,0.4066009521484375,18,0.15742860359515143,26647
831,1.3297343300683298,0.8916969637417707,0.7354088579515031,1.1149425287356323,0.3461761474609375,18,0.12967778904218275,22687
832,1.6829299675482179,0.8414568328587646,0.7142748815165877,0.8536585365853658,0.3449554443359375,21,0.1824656079975229,22607
833,1.3164639197056713,0.8208418572934102,0.6284589841347927,0.6243386243386243,0.2020416259765625,21,0.27074994335775243,13241
834,1.4662809695190124,0.803957291754936,0.5929983629265836,1.6618705035971224,0.2895355224609375,22,0.30382081686429513,18975
835,1.5286939536540582,0.8131061924894305,0.6359087687111704,0.8168316831683168,0.2993316650390625,18,0.21501758678697047,19617
836,2.5623068111319856,0.45822972842057674,0.36128165771297005,1.3258426966292134,0.216522216796875,20,0.3140944326990839,14190
837,1.0383412115780954,0.9508995093585317,0.8591629361188091,1.1953125,0.199615478515625,21,0.2286347653264027,13082
838,1.3395154555206032,0.8474710918880749,0.7606821932880983,0.8586387434554974,0.292999267578125,22,0.21539422976773254,19202
839,1.7303269871194686,0.742647990873368,0.7636213124623721,0.8266666666666667,0.3575897216796875,20,0.2016215062940047,23435
840,1.3676285219334277,0.8194740839874127,0.7080820265379976,0.8243243243243243,0.1728515625,23,0.1606638418079096,11328
841,2.1834197161276068,0.7308295989627169,0.4416225433007269,1.12,0.2451171875,22,0.2760831673306773,16064
842,1.3152228855493662,0.8609970246244273,0.5501511765479163,1.1567567567567567,0.35986328125,21,0.2135345997286296,23584
843,1.4882657833018564,0.7572003795747737,0.5670081205880791,1.0443037974683544,0.225250244140625,22,0.23770491803278687,14762
844,1.0149086700689267,0.9797941672328326,0.5671737905497867,1.446808510638298,0.2970733642578125,17,0.21434074682829113,19469
845,2.335929804509191,0.6043568506539306,0.5406349532518236,0.783410138248848,0.2288055419921875,20,0.24988329443147717,14995
846,1.7694903905290937,0.7467035136202131,0.21422610258714772,1.9736842105263157,0.1443023681640625,22,0.42698530189277784,9457
847,2.452705314500588,0.6057897928569149,0.5984503958228061,2.4,0.144805908203125,20,0.42075869336143307,9490
848,1.5997735673539386,0.7037635347537547,0.49582405345211583,1.2195121951219512,0.2459564208984375,21,0.2248898815062969,16119
849,2.8961790193941956,0.6631308472789564,0.44643242078034057,0.5935828877005348,0.1535797119140625,19,0.42374565325385,10065
850,1.8446443338510194,0.6036213991769548,0.40551935607512457,2.7848101265822787,0.111907958984375,22,0.2803381510771748,7334
851,3.157465670356107,0.5046521931767833,0.2931877729257642,1.2527472527472527,0.2259368896484375,21,0.2856081583035051,14807
852,1.4395085079282595,0.9000975006539678,0.5832845310800636,1.4676258992805755,0.2887725830078125,21,0.2066578599735799,18925
853,1.6036016077747701,0.7680251349740886,0.5901749663526245,0.9313725490196079,0.3245086669921875,20,0.15027977617905675,21267
854,1.469750389919637,0.8742241379310345,0.5705435960972588,1.4965034965034965,0.309478759765625,22,0.32127009170693227,20282
855,1.7046704064609015,0.7596633249343269,0.7114904581689347,1.067632850241546,0.3243255615234375,19,0.3016701952481769,21255
856,1.645885471850185,0.5977723147895232,0.44081931236283833,1.0817610062893082,0.1502685546875,20,0.23974411047928512,9848
857,1.7040107690264579,0.7408128874665677,0.7594918117059558,1.2727272727272727,0.3655853271484375,19,0.19024166284068617,23959
858,2.195298879772899,0.6696198850034678,0.3003432245731416,0.5875,0.2283477783203125,22,0.26281323087203473,14965
859,2.5303018699094384,0.603140556072686,0.5386124303117902,1.1299435028248588,0.2274017333984375,20,0.30201972757162987,14903
860,3.4501609334856984,0.5257352941176471,0.46602682953430036,0.90625,0.205108642578125,21,0.31758666865049845,13442
861,2.948121990305092,0.5668536864568465,0.6057488290163737,1.1168224299065421,0.3060150146484375,19,0.25450012465719274,20055
862,1.7424888320258212,0.7322234554199039,0.5392751594338155,0.7079646017699115,0.302001953125,22,0.28961196443007275,19792
863,2.085482017765061,0.6956042745400463,0.49783109665175546,0.9560975609756097,0.3372039794921875,22,0.29566948730711795,22099
864,2.8037023350711645,0.5594850377409096,0.43339550407381955,0.9901960784313726,0.222808837890625,18,0.28194767840021917,14602
865,2.7825319744425823,0.5430041656456751,0.5443704506736875,0.5168067226890757,0.15216064453125,20,0.38648215002005615,9972
866,2.6186122499337197,0.6483309757484724,0.4615688079426655,1.0095238095238095,0.3391876220703125,21,0.26649871789104324,22229
867,2.876362006085389,0.6295235445275545,0.46438225775747194,1.5632911392405062,0.2934417724609375,20,0.3840153918152982,19231
868,1.625867322952951,0.7392476015953433,0.6515352197471402,1.4885496183206106,0.20928955078125,20,0.12438028579760864,13716
869,1.42263387060678,0.8522891901010141,0.7961522375575073,0.7584541062801933,0.3276519775390625,18,0.12131513994318446,21473
870,1.3122736088029139,0.8025266163826551,0.5700145737187272,1.1414141414141414,0.3945159912109375,22,0.23906401082962678,25855
871,2.0832723689729122,0.6026001548681583,0.7229084129573526,1.3109756097560976,0.225616455078125,21,0.20066278912484783,14786
872,1.0918104362109535,0.9332349427226088,0.8012750949538795,1.4067796610169492,0.2026214599609375,20,0.13216356653362452,13279
873,1.898665853718182,0.6028881585499453,0.5528421916683768,1.4573170731707317,0.230926513671875,18,0.2930487643716136,15134
874,1.9840685013396255,0.7645550384651914,0.806823282956756,0.822429906542056,0.368499755859375,18,0.22372670807453415,24150
875,1.5073516346993419,0.8011900264450321,0.9070420952059799,0.6586538461538461,0.258880615234375,20,0.1577272191441707,16966
876,1.7944284208224883,0.777006213125881,0.7992987546850441,0.5971563981042654,0.227081298828125,20,0.22765757290686736,14882
877,1.454434363092666,0.7777684867742565,0.6341063480908878,0.7426900584795322,0.212890625,21,0.22183199541284404,13952
878,1.6761491610796022,0.7684766372835714,0.3893727891673957,1.0903954802259888,0.2786865234375,21,0.2389947437582129,18264
879,1.6117694429882894,0.8656427969325027,0.5129541126163355,1.0494505494505495,0.32122802734375,19,0.2989264677940338,21052
880,2.148879737926248,0.6120034919249236,0.20403606698153715,1.4012345679012346,0.2139434814453125,21,0.31730974966122244,14021
881,2.113554576410219,0.7340336985130362,0.5887622942837667,0.8269230769230769,0.2489471435546875,20,0.23217897640208396,16315
882,2.0381757158058806,0.8138835867395072,0.4386100985030637,0.844559585492228,0.28302001953125,21,0.28655380634030625,18548
883,1.376641274201943,0.7932231442955334,0.4405109793771395,0.9476744186046512,0.2632598876953125,21,0.26180954036979076,17253
884,1.5353064438933346,0.7581065493228522,0.7163998645838371,0.8300970873786407,0.2707672119140625,22,0.31174978867286557,17745
885,2.5360417466540794,0.5688891445665305,0.29217300405069907,1.626865671641791,0.1508941650390625,21,0.3206593184346243,9889
886,2.2567951801274044,0.6272439281942978,0.4127778233412614,1.1709844559585492,0.262847900390625,21,0.3270637408568443,17226
887,2.531953305092225,0.5809225850021362,0.31439441187476613,1.0511627906976744,0.3215789794921875,20,0.29005931198102014,21075
888,2.6494602226656467,0.6544220276614643,0.48791922106022356,1.3333333333333333,0.314788818359375,19,0.3155113911778963,20630
889,2.3189460806543916,0.6925064599483204,0.5160276555625393,0.9288702928870293,0.40484619140625,20,0.27268958239107494,26532
890,5.509406959596741,0.42781768273640264,0.24840519929013383,1.2722513089005236,0.198577880859375,21,0.45758414015675425,13014
891,2.039508698848234,0.7251820780901104,0.6844401357246728,0.6380090497737556,0.2651214599609375,21,0.2926043165467626,17375
892,2.5515895342994033,0.6549945404570955,0.5539773996158828,0.6565217391304348,0.26544189453125,20,0.3038629570016096,17396
893,3.17872729622738,0.5142117654396059,0.3488752556237219,0.8333333333333334,0.251617431640625,21,0.21000606428138266,16490
894,2.0525410992711524,0.7186222492824215,0.42677872438406633,2.106194690265487,0.1891021728515625,20,0.4431533930444606,12393
895,1.7156166677185354,0.7547583235845728,0.4901745123918463,1.0666666666666667,0.3101043701171875,19,0.29321458446095555,20323
896,2.461052579296257,0.6629849462365591,0.37938934030139243,0.6869918699186992,0.29400634765625,20,0.39988582105044634,19268
897,3.4233038577797563,0.6173575658566469,0.2916346236007861,1.2391304347826086,0.23065185546875,16,0.3618682191055835,15116
898,1.4295383145960432,0.8250056951932568,0.8939248670792295,0.7137096774193549,0.3315582275390625,19,0.2736435178793318,21729
899,3.5608804080276766,0.5084639059876889,0.25848337950138506,0.6612244897959184,0.221832275390625,20,0.3616728573393864,14538
900,3.195402660885419,0.4977183456561922,0.27822281560599316,1.0135746606334841,0.2629547119140625,22,0.3201415888121627,17233
901,1.8172489001617083,0.8168003869827025,0.7188388500824879,1.297752808988764,0.37359619140625,21,0.298235582421173,24484
902,2.376418989733382,0.6542673242497701,0.6255451713395639,1.7925925925925925,0.238861083984375,22,0.397789702312508,15654
903,3.4847293171299434,0.5502615844544095,0.2729080221300138,0.7161572052401747,0.2246856689453125,21,0.35463497453310694,14725
904,2.8103889649413745,0.42637801320436053,0.5168646729482452,0.8488888888888889,0.16949462890625,20,0.344796543032049,11108
905,2.6875786163664035,0.6340962508271912,0.6219939294886762,0.5944700460829493,0.212005615234375,21,0.3466964157190154,13894
906,1.8748414487157647,0.8077775644494092,0.704352949841644,0.8130841121495327,0.35308837890625,20,0.27986171132238546,23140
907,2.23448852788246,0.5939193966533113,0.35885683472634133,0.6636363636363637,0.230712890625,21,0.31772486772486774,15120
908,2.949617386304302,0.5537831799646914,0.430543223827589,0.7886178861788617,0.2704315185546875,22,0.2950403430570445,17723
909,1.411354651321629,0.8074756445092451,0.5325786163522013,0.8284518828451883,0.371826171875,17,0.23251805646749835,24368
910,1.4769748614417737,0.8200328130915822,0.5398530689627933,0.956989247311828,0.2974395751953125,19,0.27409839429538807,19493
911,2.0286757555571455,0.7905637339599604,0.6455356286563729,1.982905982905983,0.261810302734375,20,0.382795197575475,17158
912,1.6919383063649602,0.775377215779062,0.6673617482692468,0.6388888888888888,0.305023193359375,18,0.22801400700350175,19990
913,2.0548111634197617,0.7400518840962055,0.5344151700246148,0.5847457627118644,0.2568206787109375,19,0.3083001604182758,16831
914,3.545012621327577,0.5818133345182289,0.45626424956903744,0.6137339055793991,0.199798583984375,20,0.44524209561631284,13094
915,1.3828139691051107,0.8728189127565102,0.6972044616605217,1.1986754966887416,0.2774505615234375,19,0.17120387174833634,18183
916,1.627824219635893,0.8054210416966326,0.6613700797784664,1.0142857142857142,0.384490966796875,21,0.15687752996269544,25198
917,2.2576992382695087,0.7051558517937659,0.5893951946975974,0.8341968911917098,0.21954345703125,19,0.3849040867389491,14388
918,3.653536755362272,0.48179343887394716,0.2682182373140023,1.2415730337078652,0.228240966796875,21,0.48295226634576816,14958
919,1.9203768119325832,0.7367058879915647,0.505484818805093,0.8397790055248618,0.2345428466796875,23,0.3148136100448897,15371
920,2.714174309763041,0.5823515967503999,0.4939502158733543,0.6099585062240664,0.213836669921875,22,0.36063936063936064,14014
921,1.2434228002758314,0.8341818734463031,0.7509114108640175,1.1421800947867298,0.586273193359375,22,0.15496330227473842,38422
922,1.547240777820149,0.7738550057537399,0.47949545321208564,0.8155737704918032,0.384796142578125,19,0.20183995558727894,25218
923,1.6817213062308096,0.7502208759308343,0.506208294619478,0.8739837398373984,0.40814208984375,20,0.20704351727231943,26748
924,2.1158761702635305,0.7979146332754065,0.9131278538812785,1.7723577235772359,0.2557220458984375,17,0.22453607017125127,16759
925,1.9586288363831128,0.804207283707922,0.898478614486652,1.751937984496124,0.3027496337890625,15,0.24681215664533038,19841
926,1.076287445056039,0.9281129125174883,0.7939948299860807,1.2264150943396226,0.3441619873046875,21,0.2120594103303037,22555
927,1.714976466958172,0.77702520338787,0.6349721456000865,1.2139303482587065,0.4612579345703125,23,0.257732640841576,30229
928,1.2489520668687153,0.8449397824397824,0.6131095865010199,0.7309644670050761,0.2654876708984375,19,0.1634576699810334,17399
929,2.18240776891729,0.5824335439161402,0.6696097120497643,0.6577777777777778,0.2539215087890625,19,0.25725617450874344,16641
930,3.196451247152623,0.43930172966047404,0.48914223669923995,1.2642487046632125,0.2092742919921875,22,0.35953335763762306,13715
931,2.264686714163916,0.603701962423166,0.36571338533049713,1.324468085106383,0.2645111083984375,20,0.2946062878569368,17335
932,0.994893213726479,0.9599736761698827,0.7669911313000216,0.9880239520958084,0.311614990234375,19,0.17755361864655764,20422
933,1.4123742934833337,0.8917972541949799,0.7495069033530573,1.2674418604651163,0.3925018310546875,21,0.23212689033160985,25723
934,1.9177282186635147,0.8605035583163683,0.599780027820011,0.8136363636363636,0.3773040771484375,18,0.29421280381768916,24727
935,2.1566339382722504,0.7309031044214487,0.5307851443207566,0.5163934426229508,0.2371063232421875,20,0.20870068858999935,15539
936,2.5875710812824106,0.65180486552881,0.6496844840386043,0.6115702479338843,0.2712554931640625,20,0.27417449513416214,17777
937,3.3064110920790215,0.4985261484450038,0.49771144278606966,0.8861788617886179,0.22967529296875,22,0.3663300558065373,15052
938,1.1845460909112833,0.8495727194668193,0.7166226040978189,0.5895953757225434,0.1585235595703125,19,0.19289633265954376,10389
939,1.0265514406872995,0.9573658348588496,0.7020383693045563,0.9880952380952381,0.3032379150390625,21,0.15387711971015952,19873
940,1.9873215570065141,0.6689732092049256,0.2415511997296384,0.9378238341968912,0.2242279052734375,21,0.28281728479074514,14695
941,2.484599450995565,0.45833951624870156,0.3526384935406175,1.3064516129032258,0.1885223388671875,22,0.2605422905706192,12355
942,1.518259086197874,0.8077242524916943,0.5789168502841239,1.6460176991150441,0.2077484130859375,19,0.28718325376423065,13615
943,1.3398146687266548,0.8614004909256073,0.5997128499641062,1.0972972972972972,0.34002685546875,19,0.2554747801112906,22284
944,1.2628278509491124,0.885890617818922,0.6637484586929716,1.1586206896551725,0.2058868408203125,22,0.19239605721485215,13493
945,2.454913442137249,0.7202092150992739,0.6986568193807572,1.131578947368421,0.319366455078125,21,0.2671763019589107,20930
946,3.7372239551990876,0.6771539134431479,0.4611766964200019,1.1009615384615385,0.34844970703125,22,0.30066561569451744,22836
947,3.8303676739188233,0.7054816057017084,0.7008212255211623,1.0976744186046512,0.41082763671875,21,0.2978755014113802,26924
948,1.9424640413500813,0.58124927748449,0.026122448979591838,0.961038961038961,0.115081787109375,21,0.320737204985415,7542
949,3.9806174149950104,0.5211051419800461,0.3634538152610442,0.8110599078341014,0.2175750732421875,20,0.4175608387684971,14259
950,2.0904118210507487,0.6824814344597298,0.6430246189917936,1.260115606936416,0.2993927001953125,22,0.3412160440344529,19621
951,1.538222103375077,0.8074809843400448,0.6494114206331798,0.6826086956521739,0.3442230224609375,18,0.17753446518019417,22559
952,2.156627533049746,0.6637689530685921,0.5310262132365187,0.9004524886877828,0.3506927490234375,22,0.2080668320062655,22983
953,1.5233530340495607,0.8086719143409928,0.5453808752025932,1.5121951219512195,0.2327880859375,18,0.21060566334556896,15256
954,2.2866453018946236,0.7094655403805163,0.42520933773154024,0.7056451612903226,0.3428192138671875,20,0.2359015444874705,22467
955,1.410259029502982,0.7826488782887382,0.8092350103376982,0.8888888888888888,0.40057373046875,19,0.19514703641627304,26252
956,2.3611864551884434,0.6768889036236448,0.3664168116717976,0.8613445378151261,0.3115386962890625,21,0.3074398785325954,20417
957,1.6253649938793706,0.7250030942235267,0.3485939812530834,1.3277777777777777,0.312835693359375,20,0.233099209833187,20502
958,1.8149108628828132,0.8128965771071034,0.4966119152165664,1.2254901960784315,0.4212646484375,22,0.2789046653144016,27608
959,1.9633089509579467,0.7649250059742195,0.37355175808365093,1.1556603773584906,0.4151611328125,21,0.32560276389297266,27208
960,1.5709158831938779,0.5833538942347233,0.2698952645242145,0.643312101910828,0.1082305908203125,19,0.21316791202594107,7093
961,1.6812903704875894,0.7090677736289869,0.419705133024266,0.9202127659574468,0.25933837890625,20,0.21199105671922805,16996
962,2.7090516184740765,0.49973179214756624,0.288135593220339,1.0377358490566038,0.2203369140625,21,0.33621883656509693,14440
963,1.4314837378405698,0.8044305351006382,0.4471490864933488,1.6504065040650406,0.2000274658203125,21,0.2431917003585323,13109
964,1.4314291416912017,0.8044918998527246,0.4472594800463653,1.6504065040650406,0.200042724609375,21,0.24462242562929062,13110
965,1.4851287601144818,0.7521403435054362,0.4312843578210895,1.3071428571428572,0.218505859375,22,0.32744413407821227,14320
966,1.3523152152442783,0.8281802426343154,0.62068848567068,1.1526315789473685,0.3645782470703125,22,0.3261624743648767,23893
967,2.1352353416295844,0.5735865613639213,0.2935646888362724,0.9282511210762332,0.279266357421875,21,0.2745601573598514,18302
968,1.2973778639315268,0.7721947314801338,0.14663136852342104,1.1813725490196079,0.3238372802734375,21,0.28982707440041466,21223
969,1.6952717514029307,0.7196204259967232,0.6051469468554895,0.4507042253521127,0.1608428955078125,19,0.23584100180248554,10541
970,0.9808955943519333,0.9568592955214748,0.7083646295664049,1.437125748502994,0.3817596435546875,21,0.1313401814620888,25019
971,1.6578722590200337,0.7492416398743029,0.6363708493672393,0.7763157894736842,0.314697265625,22,0.2973719937936385,20624
972,2.1750623247557934,0.7623643335283031,0.6379948334846052,1.276243093922652,0.3579864501953125,20,0.3153318272878394,23461
973,2.853652633962021,0.4693906010319342,0.3197412272103509,0.41350210970464135,0.10272216796875,20,0.37061794414735594,6732
974,1.635625048731053,0.7177884225054803,0.5026769779892921,1.4036144578313252,0.269805908203125,21,0.2490668476416695,17682
975,2.01865448079698,0.6509978725559721,0.5880782918149466,1.75,0.2451324462890625,22,0.32038593215063804,16065
976,1.9127775570193866,0.5412787615311208,0.470530621651207,1.319767441860465,0.194732666015625,21,0.4257953298855979,12762
977,2.024630308057696,0.8063733848660528,0.5835255599374953,1.5466666666666666,0.3247222900390625,21,0.3335369578497251,21281
978,1.4336207571262916,0.7817589576547231,0.5532516493873704,0.91875,0.1885986328125,20,0.2593042071197411,12360
979,3.338490774979574,0.607747574253759,0.6399248511012512,0.9128440366972477,0.3130035400390625,21,0.3391020328572125,20513
980,1.1244334706893468,0.9356787795680493,0.7812856909773209,2.0,0.3331756591796875,22,0.11435768261964735,21835
981,3.1820524955840614,0.5147709067606536,0.1335638185281874,0.4692982456140351,0.1225738525390625,20,0.38428980455620565,8033
982,1.3780307867061181,0.8038294891419973,0.44965375257346063,1.323943661971831,0.2363739013671875,19,0.2888128590794655,15491
983,2.9895969593089693,0.5038398349444083,0.5057090659968029,0.70042194092827,0.2012176513671875,21,0.39417608250549785,13187
984,1.754688088213549,0.8409686282026707,0.6989071508476035,1.702127659574468,0.3012542724609375,21,0.36002633844907056,19743
985,1.6814981617149771,0.7977961432506887,0.6465409727826278,1.2781065088757397,0.34246826171875,18,0.24451969345927643,22444
986,1.461741938902504,0.8820125522281079,0.7830081990387334,1.1477272727272727,0.384918212890625,22,0.27761040196622533,25226
987,2.1638366211829023,0.64573594905959,0.3165240882485367,1.2,0.2677001953125,20,0.2720018239854081,17544
988,1.860727294943782,0.7117658378054778,0.6083679582568364,0.7534883720930232,0.2539825439453125,20,0.34623009912886754,16645
989,4.2066116778145615,0.5298298042931594,0.33904393478861566,0.8046511627906977,0.221832275390625,22,0.469390562663365,14538
990,1.5320647814272879,0.8357359443023393,0.6567936060178655,1.4578313253012047,0.37640380859375,21,0.2775255391600454,24668
991,1.78187204850879,0.7476409753151657,0.591004016064257,1.054945054945055,0.30224609375,20,0.29528473344103395,19808
992,1.7187751790289025,0.7150919293025663,0.5962315911059775,1.5,0.3373870849609375,16,0.2786395911537244,22111
993,4.020861250772739,0.48191956742142616,0.39864255168896384,1.1213592233009708,0.2719879150390625,21,0.3228611500701262,17825
994,2.6417244052257405,0.48752998160352096,0.4224275571559602,1.130232558139535,0.3194580078125,16,0.33951089033244175,20936
995,1.9947917329650113,0.6789281808239154,0.45458095758806527,0.8148148148148148,0.2841644287109375,21,0.32674649626805563,18623
996,1.6460424696833467,0.7740239469306442,0.6195960464116889,1.0163934426229508,0.28753662109375,20,0.25960517936743793,18844
997,1.9166922509636701,0.6669014911353763,0.4513067601109651,1.193717277486911,0.3033447265625,21,0.26785714285714285,19880
998,1.9336359583293632,0.6707477044162659,0.5194387123400743,0.6752136752136753,0.2808837890625,22,0.2960669274228596,18408
999,1.6922071414570357,0.8002057898173616,0.6926167754897037,0.6255506607929515,0.30853271484375,19,0.3477250247279921,20220
1000,2.711185417939688,0.5975231417257295,0.28415004336513444,0.5682819383259912,0.1807403564453125,22,0.384381595609962,11845
1001,2.163901181931339,0.6617072063496713,0.7630120952009364,1.04,0.3447418212890625,21,0.3929535696897269,22593
1002,2.582875546708063,0.5851307164458636,0.28405875218973187,1.3442622950819672,0.290802001953125,17,0.4035050897260993,19058
1003,2.3825402623656444,0.6184869739478958,0.2327279535667478,1.0321100917431192,0.3013916015625,22,0.27090927501012557,19752
1004,2.25994408728577,0.6002170609941394,0.2810154729917539,1.3157894736842106,0.210968017578125,20,0.2886590481701143,13826
1005,3.3767944879645206,0.6110546477992338,0.5685330122416216,0.9087136929460581,0.3577880859375,19,0.28787103377686796,23448
1006,2.981292617525821,0.4805322662601626,0.09367546078785688,0.9176954732510288,0.2308807373046875,22,0.4426673716211751,15131
1007,3.5142701349589984,0.5588716665062097,0.2651193200392285,0.9392523364485982,0.2657318115234375,23,0.4388171116853287,17415
1008,3.472207400567597,0.43089548836341784,0.28536102868447083,0.6379310344827587,0.15863037109375,20,0.4996152366294729,10396
1009,3.4626425537750967,0.5777714831993769,0.2558586985800593,1.335195530726257,0.248992919921875,21,0.37786493442823876,16318
1010,2.9078245549131445,0.5719732289011832,0.44880071379835196,0.5588235294117647,0.210601806640625,20,0.3290827416316476,13802
1011,2.102721824280554,0.6324189031794414,0.5015297717109908,0.5362903225806451,0.1947021484375,21,0.24733542319749216,12760
1012,2.183479542824912,0.6170315220209653,0.35557635187370307,1.2752808988764044,0.254180908203125,19,0.34613999279625407,16658
1013,1.3306446969391106,0.820078538500939,0.6048112261944537,0.7024793388429752,0.366455078125,19,0.34377081945369753,24016
1014,2.0757610026456237,0.7168267904477469,0.5755562585679638,1.1493212669683257,0.455963134765625,20,0.2546683622247507,29882
1015,1.6640207193046386,0.7855873521661867,0.582716049382716,0.532520325203252,0.293426513671875,19,0.2973998959958398,19230
1016,2.708055059420371,0.5910792303551533,0.30286975717439296,0.9960629921259843,0.3602294921875,19,0.36148763131141987,23608
1017,1.9581012472179598,0.7061833920866737,0.584873384855057,0.9221311475409836,0.395843505859375,21,0.29485005011178783,25942
1018,2.335475049151532,0.6858223163766056,0.6520250629804276,0.8264462809917356,0.3902435302734375,22,0.3044770283479961,25575
1019,2.358635383873978,0.5301323237654939,0.47697768762677484,0.5327868852459017,0.2222137451171875,22,0.2529011879420449,14563
1020,2.69493413884581,0.6493801047387265,0.48013475836431224,1.0803571428571428,0.388824462890625,22,0.33631583078251315,25482
1021,3.0301794529028387,0.5127570056362626,0.36662153012863913,0.7377049180327869,0.24639892578125,20,0.43980678721823135,16148
1022,2.0028435529490336,0.7359356369461273,0.5372848948374761,1.0810810810810811,0.4661865234375,20,0.26783843938203716,30552
1023,2.9325555341955276,0.6090904942271711,0.44182780598466026,0.4669421487603306,0.2036590576171875,22,0.4660223271147074,13347
1024,2.344206709979432,0.5610093457943925,0.2899815188894142,1.0603015075376885,0.2289886474609375,21,0.2848004264676484,15007
1025,1.6781617555527113,0.7352469302495512,0.6279544175576814,1.326086956521739,0.3531341552734375,18,0.2400293825346757,23143
